layer,person_id,name_raw,script,surname_candidates,period,subgroup,name_ar,first_year,years_in_office,max_rank_level,ever_head_of_government,birth_governorate
ministers,Q100261455,Walid Zidi,lat,ZIDI,second_republic,Le Kef,وليد الزيدي,2020,2020|2021,3,False,Le Kef
ministers,Q1043040,Kamel Morjane,lat,MORJANE,ben_ali,Sousse,كمال مرجان,1999,1999|2000|2001|2002|2003|2004|2005|2006|2007|2008|2009|2010|2011|2016|2017|2018|2019|2020,3,False,Sousse
ministers,Q1043040,Kamel Morjane,lat,MORJANE,second_republic,Sousse,كمال مرجان,1999,1999|2000|2001|2002|2003|2004|2005|2006|2007|2008|2009|2010|2011|2016|2017|2018|2019|2020,3,False,Sousse
ministers,Q104602558,Samir Bechouel,lat,BECHOUEL,second_republic,Bizerte,سمير بشوال,2016,2016|2017|2018|2019|2020,5,False,Bizerte
ministers,Q104821906,Habib Ammar,lat,AMMAR,second_republic,Tunis,الحبيب عمار,2020,2020|2021,3,False,Tunis
ministers,Q104828106,Hasna Ben Slimane,lat,BEN SLIMANE|SLIMANE,second_republic,Tunis,حسناء بن سليمان,2020,2020|2021,3,False,Tunis
ministers,Q104873425,Abdellatif Missaoui,lat,MISSAOUI,second_republic,Kasserine,عبد اللطيف الميساوي,2020,2020|2021,3,False,Kasserine
ministers,Q10514449,Mehdi Ben Gharbia,lat,BEN GHARBIA|GHARBIA,second_republic,Bizerte,المهدي بن غربية,2016,2016|2017|2018|2019|2020,3,False,Bizerte
ministers,Q10591389,Iyed Dahmani,lat,DAHMANI,second_republic,Siliana,إياد الدهماني,2016,2016|2017|2018|2019|2020,3,False,Siliana
ministers,Q107707866,Ridha Gharsalloui,lat,GHARSALLOUI,saied_exception,,رضا غرسلاوي,2021,2021,3,False,
ministers,Q108159069,Sihem Boughdiri,lat,BOUGHDIRI,second_republic,,سهام البوغديري نمصية,2021,2021|2022|2023|2024|2025,3,False,
ministers,Q108159069,Sihem Boughdiri,lat,BOUGHDIRI,saied_exception,,سهام البوغديري نمصية,2021,2021|2022|2023|2024|2025,3,False,
ministers,Q108163613,Nizar Ben Néji,lat,BEN NEJI|NEJI,second_republic,Manouba,نزار بن ناجي,2021,2021|2022|2023|2024,3,False,Manouba
ministers,Q108163613,Nizar Ben Néji,lat,BEN NEJI|NEJI,saied_exception,Manouba,نزار بن ناجي,2021,2021|2022|2023|2024,3,False,Manouba
ministers,Q108462555,Mohammed Badra,lat,BADRA,protectorate_end,,محمد بدرة,1954,1954|1955|1956,3,False,
ministers,Q108741355,Najla Bouden,lat,BOUDEN,second_republic,Kairouan,نجلاء بودن,2021,2021|2022|2023|2024,0,True,Kairouan
ministers,Q108741355,Najla Bouden,lat,BOUDEN,saied_exception,Kairouan,نجلاء بودن,2021,2021|2022|2023|2024,0,True,Kairouan
ministers,Q108750786,Khaled Yahyaoui,lat,YAHYAOUI,saied_exception,,خالد اليحياوي,2021,2021,3,False,
ministers,Q108865358,Samir Saïed,lat,SAIED,second_republic,,سمير سعيد (وزير),2021,2021|2022|2023|2024,3,False,
ministers,Q108865358,Samir Saïed,lat,SAIED,saied_exception,,سمير سعيد (وزير),2021,2021|2022|2023|2024,3,False,
ministers,Q108883556,Imed Memmich,lat,MEMMICH,second_republic,Tunis,عماد مميش,2021,2021|2022|2023|2024,3,False,Tunis
ministers,Q108883556,Imed Memmich,lat,MEMMICH,saied_exception,Tunis,عماد مميش,2021,2021|2022|2023|2024,3,False,Tunis
ministers,Q108892344,Mahmoud Elyes Hamza,lat,HAMZA,second_republic,Mahdia,محمود إلياس حمزة,2021,2021|2022|2023|2024,3,False,Mahdia
ministers,Q108892344,Mahmoud Elyes Hamza,lat,HAMZA,saied_exception,Mahdia,محمود إلياس حمزة,2021,2021|2022|2023|2024,3,False,Mahdia
ministers,Q108892347,Malek Ezzahi,lat,EZZAHI,second_republic,Gafsa,مالك الزاهي,2021,2021|2022|2023|2024,3,False,Gafsa
ministers,Q108892347,Malek Ezzahi,lat,EZZAHI,saied_exception,Gafsa,مالك الزاهي,2021,2021|2022|2023|2024,3,False,Gafsa
ministers,Q108892351,Rabie Majidi,lat,MAJIDI,second_republic,,ربيع المجيدي,2021,2021|2022|2023|2024,3,False,
ministers,Q108892351,Rabie Majidi,lat,MAJIDI,saied_exception,,ربيع المجيدي,2021,2021|2022|2023|2024,3,False,
ministers,Q108892355,Ibrahim Chaibi,lat,CHAIBI,second_republic,Gabès,إبراهيم الشائبي,2021,2021|2022|2023|2024,3,False,Gabès
ministers,Q108892355,Ibrahim Chaibi,lat,CHAIBI,saied_exception,Gabès,إبراهيم الشائبي,2021,2021|2022|2023|2024,3,False,Gabès
ministers,Q108892359,Fadhila Rebhi,lat,REBHI,second_republic,,فضيلة الرابحي,2021,2021|2022|2023|2024,3,False,
ministers,Q108892359,Fadhila Rebhi,lat,REBHI,saied_exception,,فضيلة الرابحي,2021,2021|2022|2023|2024,3,False,
ministers,Q108892363,Neila Gonji,lat,GONJI,second_republic,Tunis,نايلة نويرة القنجي,2021,2021|2022|2023|2024,3,False,Tunis
ministers,Q108892363,Neila Gonji,lat,GONJI,saied_exception,Tunis,نايلة نويرة القنجي,2021,2021|2022|2023|2024,3,False,Tunis
ministers,Q108892366,Mohamed Moez Belhassine,lat,BELHASSINE,second_republic,Tunis,محمد المعز بلحسين,2021,2021|2022|2023|2024,3,False,Tunis
ministers,Q108892366,Mohamed Moez Belhassine,lat,BELHASSINE,saied_exception,Tunis,محمد المعز بلحسين,2021,2021|2022|2023|2024,3,False,Tunis
ministers,Q108892374,Sara Zaafarani,lat,ZAAFARANI,second_republic,Tunis,سارة الزعفراني,2021,2021|2022|2023|2024|2025,0,True,Tunis
ministers,Q108892374,Sara Zaafarani,lat,ZAAFARANI,saied_exception,Tunis,سارة الزعفراني,2021,2021|2022|2023|2024|2025,0,True,Tunis
ministers,Q108892375,Nasreddine Nsibi,lat,NSIBI,second_republic,,نصر الدين النصيبي,2021,2021|2022|2023|2024,3,False,
ministers,Q108892375,Nasreddine Nsibi,lat,NSIBI,saied_exception,,نصر الدين النصيبي,2021,2021|2022|2023|2024,3,False,
ministers,Q108892377,Moncef Boukthir,lat,BOUKTHIR,second_republic,Gafsa,منصف بوكثير,2021,2021|2022|2023|2024,3,False,Gafsa
ministers,Q108892377,Moncef Boukthir,lat,BOUKTHIR,saied_exception,Gafsa,منصف بوكثير,2021,2021|2022|2023|2024,3,False,Gafsa
ministers,Q108892383,Leila Chikhaoui,lat,CHIKHAOUI,second_republic,,ليلى الشيخاوي,2021,2021|2022|2023|2024,3,False,
ministers,Q108892383,Leila Chikhaoui,lat,CHIKHAOUI,saied_exception,,ليلى الشيخاوي,2021,2021|2022|2023|2024,3,False,
ministers,Q108892387,Hayet Guettat,lat,GUETTAT,second_republic,Médenine,حياة قطاط القرمازي,2021,2021|2022|2023|2024,3,False,Médenine
ministers,Q108892387,Hayet Guettat,lat,GUETTAT,saied_exception,Médenine,حياة قطاط القرمازي,2021,2021|2022|2023|2024,3,False,Médenine
ministers,Q109041047,Kamel Doukh,lat,DOUKH,second_republic,,كمال الدوخ,2020,2020|2021,3,False,
ministers,Q109045280,Mohamed Ali Nafti,lat,NAFTI,second_republic,Bizerte,محمد علي النفطي,2020,2020|2021|2024|2025,3,False,Bizerte
ministers,Q109045280,Mohamed Ali Nafti,lat,NAFTI,saied_exception,Bizerte,محمد علي النفطي,2020,2020|2021|2024|2025,3,False,Bizerte
ministers,Q109045290,Mohamed Bousaïd,lat,BOUSAID,second_republic,,محمد بوسعيد,2020,2020|2021,3,False,
ministers,Q109544397,Mohamed Rekik,lat,REKIK,second_republic,Sfax,محمد الرقيق,2021,2021|2022|2023|2024,3,False,Sfax
ministers,Q109544397,Mohamed Rekik,lat,REKIK,saied_exception,Sfax,محمد الرقيق,2021,2021|2022|2023|2024,3,False,Sfax
ministers,Q110014103,Amel Adouani,lat,ADOUANI,saied_exception,,آمال العدواني,2021,2021,3,False,
ministers,Q111701635,Souad Lamine-Jomni,lat,JOMNI,ben_ali,Kairouan,,1988,1988|1989,5,False,Kairouan
ministers,Q115868368,Béchir Ennaji,lat,ENNAJI,monarchy,,,1956,1956|1957,5,False,
ministers,Q116206588,Kalthoum Ben Rejeb,lat,BEN REJEB|REJEB,second_republic,,كلثوم بن رجب,2021,2021|2022|2023|2024,3,False,
ministers,Q116206588,Kalthoum Ben Rejeb,lat,BEN REJEB|REJEB,saied_exception,,كلثوم بن رجب,2021,2021|2022|2023|2024,3,False,
ministers,Q116730514,Nabil Ammar,lat,AMMAR,saied_exception,Tunis,نبيل عمار,2023,2023|2024,3,False,Tunis
ministers,Q117209481,Kamel Feki,lat,FEKI,saied_exception,,كمال الفقي,2023,2023,3,False,
ministers,Q11775942,Salem Labiadh,lat,LABIADH,transition,Médenine,سالم الأبيض,2013,2013|2014,3,False,Médenine
ministers,Q118382993,Mustapha Ferjani,lat,FERJANI,second_republic,Tunis,مصطفى الفرجاني,2021,2021|2022|2023|2024|2025,3,False,Tunis
ministers,Q118382993,Mustapha Ferjani,lat,FERJANI,saied_exception,Tunis,مصطفى الفرجاني,2021,2021|2022|2023|2024|2025,3,False,Tunis
ministers,Q121088468,Ahmed Hachani,lat,HACHANI,second_republic,Tunis,أحمد الحشاني,2021,2021|2022|2023|2024,0,True,Tunis
ministers,Q121088468,Ahmed Hachani,lat,HACHANI,saied_exception,Tunis,أحمد الحشاني,2021,2021|2022|2023|2024,0,True,Tunis
ministers,Q121356281,Ahmed Bennour,lat,BENNOUR,bourguiba,Tunis,أحمد بنور,1974,1974|1975|1976|1977|1978|1979|1980|1983|1984|1985|1986,5,False,Tunis
ministers,Q121360095,Abderrazak Kéfi,lat,KEFI,bourguiba,Kairouan,عبد الرزاق كافي,1983,1983|1984|1985|1986|1987|1988,3,False,Kairouan
ministers,Q121360095,Abderrazak Kéfi,lat,KEFI,ben_ali,Kairouan,عبد الرزاق كافي,1983,1983|1984|1985|1986|1987|1988,3,False,Kairouan
ministers,Q12184481,Béchir Ben Slama,lat,BEN SLAMA|SLAMA,bourguiba,Tunis,البشير بن سلامة,1981,1981|1982|1983|1984|1985|1986,3,False,Tunis
ministers,Q12194585,Hédi Mabrouk,lat,MABROUK,bourguiba,Monastir,الهادي المبروك,1986,1986|1987,3,False,Monastir
ministers,Q12213166,Rejeb Khaznadar,lat,KHAZNADAR,beylical,,رجب خزندار,1759,1759|1760|1761|1762|1763|1764|1765|1766|1767|1768|1769|1770|1771|1772|1773|1774|1775|1776|1777|1778|1779|1780|1781|1782,0,True,
ministers,Q12214730,Zouheir M'dhaffer,lat,M'DHAFFER,ben_ali,Sfax,زهير المظفر,1999,1999|2000|2001|2002|2003|2004|2005|2006|2007|2008|2009|2010|2011,3,False,Sfax
ministers,Q12217102,Sihem Ayadi,lat,AYADI,second_republic,,سهام العيادي,2020,2020|2021,3,False,
ministers,Q12220165,Slaheddine Baly,lat,BALY,bourguiba,Tunis,صلاح الدين بالي,1973,1973|1974|1975|1976|1977|1978|1979|1980|1981|1982|1983|1984|1985|1986|1987|1988,2,False,Tunis
ministers,Q12220165,Slaheddine Baly,lat,BALY,ben_ali,Tunis,صلاح الدين بالي,1973,1973|1974|1975|1976|1977|1978|1979|1980|1981|1982|1983|1984|1985|1986|1987|1988,2,False,Tunis
ministers,Q12228423,Amor Ben Mahmoud,lat,BEN MAHMOUD|MAHMOUD,ben_ali,Kairouan,عمر بن محمود,1999,1999|2000|2001|2002|2003|2004|2005|2006|2007|2008|2009|2010|2011,5,False,Kairouan
ministers,Q12230326,Fethia Mzali,lat,MZALI,bourguiba,Tunis,فتحية مزالي,1983,1983|1984|1985|1986,3,False,Tunis
ministers,Q12237240,Lotfi Zitoun,lat,ZITOUN,second_republic,Tunis,لطفي زيتون,2020,2020,3,False,Tunis
ministers,Q12239668,Mohamed Hamdi,lat,HAMDI,second_republic,Médenine,محمد بن مبروك الحامدي,2020,2020,3,False,Médenine
ministers,Q12239709,Mohamed Daouas,lat,DAOUAS,ben_ali,,محمد الدواس,2001,2001|2002|2003|2004,3,False,
ministers,Q12239765,Mohamed Snoussi,lat,SNOUSSI,bourguiba,Tunis,محمد السنوسي,1969,1969|1970,3,False,Tunis
ministers,Q12239816,Mohamed Sayah,lat,SAYAH,bourguiba,Monastir,محمد الصياح,1969,1969|1970|1971|1972|1973|1974|1975|1976|1977|1978|1979|1980|1981|1982|1983|1984|1985|1986|1987,2,False,Monastir
ministers,Q12240251,Mohamed Bellalouna,lat,BELLALOUNA,bourguiba,Sousse,محمد بن للونة,1971,1971|1972|1973|1974|1975|1976|1977|1978|1979|1980,3,False,Sousse
ministers,Q12240636,Mohamed Salah Ayari,lat,AYARI,bourguiba,Siliana,محمد صالح العياري,1986,1986|1987|1988,3,False,Siliana
ministers,Q12246948,Mohamed Chaker,lat,CHAKER,bourguiba,Sfax,محمد شاكر,1979,1979|1980|1981|1982|1983|1984|1985|1986,3,False,Sfax
ministers,Q12248493,Naceur Ben Saïd,lat,BEN SAID|SAID,protectorate_end,Kébili,نصر بن سعيد,1954,1954|1955|1956,3,False,Kébili
ministers,Q12270270,Othman Jerandi,lat,JERANDI,transition,Ben Arous,عثمان الجرندي,2013,2013|2014|2020|2021|2022|2023|2024,3,False,Ben Arous
ministers,Q12270270,Othman Jerandi,lat,JERANDI,second_republic,Ben Arous,عثمان الجرندي,2013,2013|2014|2020|2021|2022|2023|2024,3,False,Ben Arous
ministers,Q12270270,Othman Jerandi,lat,JERANDI,saied_exception,Ben Arous,عثمان الجرندي,2013,2013|2014|2020|2021|2022|2023|2024,3,False,Ben Arous
ministers,Q12352837,Nadhir Ben Ammou,lat,BEN AMMOU|AMMOU,transition,Nabeul,نذير بن عمو,2013,2013|2014,3,False,Nabeul
ministers,Q124353858,Feryel Ouerghi,lat,OUERGHI,second_republic,,فريال الورغي,2021,2021|2022|2023|2024,3,False,
ministers,Q124353858,Feryel Ouerghi,lat,OUERGHI,saied_exception,,فريال الورغي,2021,2021|2022|2023|2024,3,False,
ministers,Q125330973,Saloua Abassi,lat,ABASSI,saied_exception,,سلوى العباسي,2024,2024,3,False,
ministers,Q125337883,Fatma Thabet,lat,THABET,second_republic,Tunis,فاطمة ثابت,2021,2021|2022|2023|2024|2025|2026,3,False,Tunis
ministers,Q125337883,Fatma Thabet,lat,THABET,saied_exception,Tunis,فاطمة ثابت,2021,2021|2022|2023|2024|2025|2026,3,False,Tunis
ministers,Q128723414,Kamel Maddouri,lat,MADDOURI,second_republic,Béja,كمال المدوري,2021,2021|2022|2023|2024|2025,0,True,Béja
ministers,Q128723414,Kamel Maddouri,lat,MADDOURI,saied_exception,Béja,كمال المدوري,2021,2021|2022|2023|2024|2025,0,True,Béja
ministers,Q129810051,Khaled Sehili,lat,SEHILI,second_republic,Tunis,خالد_السهيلي,2021,2021|2022|2023|2024|2025,3,False,Tunis
ministers,Q129810051,Khaled Sehili,lat,SEHILI,saied_exception,Tunis,خالد_السهيلي,2021,2021|2022|2023|2024|2025,3,False,Tunis
ministers,Q130344076,Khaled Nouri,lat,NOURI,second_republic,Sousse,خالد النوري,2021,2021|2022|2023|2024|2025,3,False,Sousse
ministers,Q130344076,Khaled Nouri,lat,NOURI,saied_exception,Sousse,خالد النوري,2021,2021|2022|2023|2024|2025,3,False,Sousse
ministers,Q130530616,Philippe Dakpa Légré,lat,LEGRE,second_republic,,,2020,2020,3,False,
ministers,Q132560656,Mechket Slama,lat,SLAMA,second_republic,,مشكاة سلامة الخالدي,2021,2021|2022|2023|2024|2025,3,False,
ministers,Q132560656,Mechket Slama,lat,SLAMA,saied_exception,,مشكاة سلامة الخالدي,2021,2021|2022|2023|2024|2025,3,False,
ministers,Q132560774,Asma Jebri,lat,JEBRI,second_republic,Siliana,أسماء جابري,2021,2021|2022|2023|2024|2025,3,False,Siliana
ministers,Q132560774,Asma Jebri,lat,JEBRI,saied_exception,Siliana,أسماء جابري,2021,2021|2022|2023|2024|2025,3,False,Siliana
ministers,Q132633117,Ahmed Bouhali,lat,BOUHALI,second_republic,,أحمد البوهالي,2021,2021|2022|2023|2024|2025,3,False,
ministers,Q132633117,Ahmed Bouhali,lat,BOUHALI,saied_exception,,أحمد البوهالي,2021,2021|2022|2023|2024|2025,3,False,
ministers,Q132633142,Habib Abid,lat,ABID,second_republic,Sfax,الحبيب عبيد,2021,2021|2022|2023|2024|2025,3,False,Sfax
ministers,Q132633142,Habib Abid,lat,ABID,saied_exception,Sfax,الحبيب عبيد,2021,2021|2022|2023|2024|2025,3,False,Sfax
ministers,Q134414603,Soufiane Tekaya,lat,TEKAYA,second_republic,Bizerte,سفيان تقية,2021,2021|2022|2023|2024|2025,3,False,Bizerte
ministers,Q134414603,Soufiane Tekaya,lat,TEKAYA,saied_exception,Bizerte,سفيان تقية,2021,2021|2022|2023|2024|2025,3,False,Bizerte
ministers,Q136257453,Samir Abdelhafidh,lat,ABDELHAFIDH,second_republic,Médenine,سمير عبد الحفيظ,2021,2021|2022|2023|2024|2025,3,False,Médenine
ministers,Q136257453,Samir Abdelhafidh,lat,ABDELHAFIDH,saied_exception,Médenine,سمير عبد الحفيظ,2021,2021|2022|2023|2024|2025,3,False,Médenine
ministers,Q1363916,Hédi Baccouche,lat,BACCOUCHE,bourguiba,Sousse,الهادي البكوش,1984,1984|1985|1986|1987|1988|1989,0,True,Sousse
ministers,Q1363916,Hédi Baccouche,lat,BACCOUCHE,ben_ali,Sousse,الهادي البكوش,1984,1984|1985|1986|1987|1988|1989,0,True,Sousse
ministers,Q136456985,Slah Zouari,lat,ZOUARI,second_republic,Sfax,صلاح الزواري,2021,2021|2022|2023|2024|2025|2026,3,False,Sfax
ministers,Q136456985,Slah Zouari,lat,ZOUARI,saied_exception,Sfax,صلاح الزواري,2021,2021|2022|2023|2024|2025|2026,3,False,Sfax
ministers,Q1366613,Kheireddine Pacha,lat,PACHA,beylical,,خير الدين التونسي,1873,1873|1874|1875|1876|1877,0,True,
ministers,Q136769587,Saïda Rached,lat,RACHED,transition,,سعيدة راشد,2013,2013|2014|2015|2016,3,False,
ministers,Q1380979,Slim Amamou,lat,AMAMOU,transition,Tunis,سليم عمامو,2011,2011,5,False,Tunis
ministers,Q1381809,Hamed Karoui,lat,KAROUI,bourguiba,Sousse,حامد القروي,1980,1980|1981|1982|1983|1984|1985|1986|1987|1988|1989|1990|1991|1992|1993|1994|1995|1996|1997|1998|1999,0,True,Sousse
ministers,Q1381809,Hamed Karoui,lat,KAROUI,ben_ali,Sousse,حامد القروي,1980,1980|1981|1982|1983|1984|1985|1986|1987|1988|1989|1990|1991|1992|1993|1994|1995|1996|1997|1998|1999,0,True,Sousse
ministers,Q1384598,Mustapha Khaznadar,lat,KHAZNADAR,beylical,,مصطفى خزندار,1855,1855|1856|1857|1858|1859|1860|1861|1862|1863|1864|1865|1866|1867|1868|1869|1870|1871|1872|1873,0,True,
ministers,Q138863507,Noureddine Nouri,lat,NOURI,second_republic,Sidi Bouzid,نور الدين النوري,2021,2021|2022|2023|2024|2025,3,False,Sidi Bouzid
ministers,Q138863507,Noureddine Nouri,lat,NOURI,saied_exception,Sidi Bouzid,نور الدين النوري,2021,2021|2022|2023|2024|2025,3,False,Sidi Bouzid
ministers,Q138913276,Fethi Zouhair Nouri,lat,NOURI,saied_exception,Tunis,,2024,2024,3,False,Tunis
ministers,Q139583145,Mohamed El Béji Hamda,lat,HAMDA,ben_ali,Bizerte,,1990,1990|1991|1992|1993|1994|1995|1996|1997|1998|1999|2000|2001,3,False,Bizerte
ministers,Q139820983,Imed Derbali,lat,DERBALI,saied_exception,,عماد الدربالي,2025,2025,0,False,
ministers,Q140077197,Abdelmonem Belati,lat,BELATI,second_republic,,عبد المنعم بلعاتي,2021,2021|2022|2023|2024,3,False,
ministers,Q140077197,Abdelmonem Belati,lat,BELATI,saied_exception,,عبد المنعم بلعاتي,2021,2021|2022|2023|2024,3,False,
ministers,Q14182276,Touhami Abdouli,lat,ABDOULI,transition,Sousse,التوهامي عبدولي,2011,2011|2012|2013|2015|2016,3,False,Sousse
ministers,Q14182276,Touhami Abdouli,lat,ABDOULI,second_republic,Sousse,التوهامي عبدولي,2011,2011|2012|2013|2015|2016,3,False,Sousse
ministers,Q15055101,Mustapha Bouaziz,lat,BOUAZIZ,ben_ali,,مصطفى بوعزيز,1989,1989|1990|1991|1992|1993|1994|1995|1996|1997|1998|1999,3,False,
ministers,Q152369,Fouad Mebazaa,lat,MEBAZAA,bourguiba,Sidi Bouzid,فؤاد المبزع,1973,1973|1974|1975|1976|1977|1978|1979|1980|1981|1982|1983|1984|1985|1986|1987|1988,3,False,Sidi Bouzid
ministers,Q15304780,Mehdi Jomaa,lat,JOMAA,transition,Mahdia,مهدي جمعة,2013,2013|2014|2015,0,True,Mahdia
ministers,Q1530765,Habib Chatti,lat,CHATTI,bourguiba,Sousse,الحبيب الشطي,1974,1974|1975|1976|1977|1978|1979|1980,3,False,Sousse
ministers,Q15703367,Amel Karboul,lat,KARBOUL,transition,Tunis,آمال كربول,2014,2014|2015,3,False,Tunis
ministers,Q15829893,Mongi Hamdi,lat,HAMDI,transition,Sidi Bouzid,منجي حامدي,2014,2014|2015,3,False,Sidi Bouzid
ministers,Q16027758,Leïla Bahria,lat,BAHRIA,transition,,ليلى بحرية,2013,2013|2014,5,False,
ministers,Q16027761,Ridha Ben Ali,lat,BEN ALI|ALI,bourguiba,,رضا بن علي,1984,1984|1985|1986,3,False,
ministers,Q16027763,Hafedh Ben Salah,lat,BEN SALAH|SALAH,transition,Monastir,حافظ بن صالح,2014,2014|2015,3,False,Monastir
ministers,Q16027804,Saïd Mechichi,lat,MECHICHI,transition,Jendouba,سعيد المشيشي,2011,2011|2012|2013|2014,5,False,Jendouba
ministers,Q16027809,Mohamed Raouf Najar,lat,NAJAR,ben_ali,Gabès,محمد رؤوف النجار,1989,1989|1990|1991|1992|1993|1994|1995|1996|1997|1998|1999|2000|2001|2002|2003|2004|2005|2006|2007|2008|2009|2010|2011,3,False,Gabès
ministers,Q16117997,Abderrazak Rassâa,lat,RASSAA,monarchy,Tunis,عبد الرزاق الرصاع,1956,1956|1957|1958|1959|1960|1961|1962|1963|1964|1965|1966|1967|1968|1969|1970|1971|1972|1973|1974|1975|1976|1977|1978|1979|1980,3,False,Tunis
ministers,Q16117997,Abderrazak Rassâa,lat,RASSAA,bourguiba,Tunis,عبد الرزاق الرصاع,1956,1956|1957|1958|1959|1960|1961|1962|1963|1964|1965|1966|1967|1968|1969|1970|1971|1972|1973|1974|1975|1976|1977|1978|1979|1980,3,False,Tunis
ministers,Q16120212,Mohamed Salah Ben Ammar,lat,BEN AMMAR|AMMAR,transition,Tunis,محمد الصالح بن عمار,2014,2014|2015,3,False,Tunis
ministers,Q16123702,Kamel Ben Naceur,lat,BEN NACEUR|NACEUR,transition,Gafsa,كمال بالناصر,2014,2014|2015,3,False,Gafsa
ministers,Q16127215,Zakaria Ben Mustapha,lat,BEN MUSTAPHA|MUSTAPHA,bourguiba,,زكريا بن مصطفى,1986,1986|1987|1988,3,False,
ministers,Q16167736,Mongi Chouchane,lat,CHOUCHANE,ben_ali,Nabeul,منجي شوشان,1999,1999|2000|2001|2002|2003|2004|2005|2006|2007|2008|2009|2010|2011,5,False,Nabeul
ministers,Q16171996,Lamine Doghri,lat,DOGHRI,transition,Tunis,لمين الدغري,2013,2013|2014,3,False,Tunis
ministers,Q16178347,Abdelhafidh Harguem,lat,HARGUEM,ben_ali,Kairouan,عبد الحفيظ الهرقام,2008,2008|2009|2010|2011,5,False,Kairouan
ministers,Q16180211,Habib Jemli,lat,JEMLI,transition,Kairouan,الحبيب الجملي,2011,2011|2012|2013|2014,3,False,Kairouan
ministers,Q16180628,Abdallah Kaâbi,lat,KAABI,ben_ali,Kairouan,عبد الله الكعبي,1999,1999|2000|2001|2002|2003|2004|2005|2006|2007|2008|2009|2010|2011,3,False,Kairouan
ministers,Q16221270,Tahar Kheireddine,lat,KHEIREDDINE,,,الطاهر خير الدين,,,3,False,
ministers,Q16222569,Salem Snadly,lat,SNADLY,,,سالم الصنادلي,,,3,False,
ministers,Q16262803,Dhaoui Hannablia,lat,HANNABLIA,bourguiba,Le Kef,الضاوي حنابلية,1971,1971|1972|1973|1974|1975|1976|1977|1978|1979|1980,3,False,Le Kef
ministers,Q16262805,Mohamed Jeddi,lat,JEDDI,monarchy,Le Kef,محمد الجدي,1956,1956|1957|1958|1959|1960|1961|1962|1963|1964|1965|1966|1967|1968|1969,3,False,Le Kef
ministers,Q16262805,Mohamed Jeddi,lat,JEDDI,bourguiba,Le Kef,محمد الجدي,1956,1956|1957|1958|1959|1960|1961|1962|1963|1964|1965|1966|1967|1968|1969,3,False,Le Kef
ministers,Q16263000,Brahim Khouaja,lat,KHOUAJA,bourguiba,Mahdia,إبراهيم خواجة,1979,1979|1980|1981|1982|1983|1984|1985|1986|1987|1988|1989,3,False,Mahdia
ministers,Q16263000,Brahim Khouaja,lat,KHOUAJA,ben_ali,Mahdia,إبراهيم خواجة,1979,1979|1980|1981|1982|1983|1984|1985|1986|1987|1988|1989,3,False,Mahdia
ministers,Q16267511,Faïza Kefi,lat,KEFI,ben_ali,Tunis,فائزة الكافي,1999,1999|2000|2001|2002|2003|2004|2005|2006|2007|2008|2009|2010|2011,3,False,Tunis
ministers,Q16267906,Jalloul Ayed,lat,AYED,ben_ali,Monastir,جلول عياد,2011,2011,3,False,Monastir
ministers,Q16267906,Jalloul Ayed,lat,AYED,transition,Monastir,جلول عياد,2011,2011,3,False,Monastir
ministers,Q16268984,El Hadj Gley,lat,EL GLEY|GLEY,ben_ali,Gafsa,الحاج قلاعي,1999,1999|2000|2001|2002|2003|2004|2005|2006|2007|2008|2009|2010|2011,3,False,Gafsa
ministers,Q16269532,Aleya Bettaïb,lat,BETTAIB,transition,Nabeul,علية بالطيب,2011,2011|2012|2013,3,False,Nabeul
ministers,Q16269694,Jamel Gamra,lat,GAMRA,transition,Monastir,جمال قمرة,2013,2013|2014,3,False,Monastir
ministers,Q16321385,Mounir Jaïdane,lat,JAIDANE,ben_ali,Sousse,منير جعيدان,1999,1999|2000|2001|2002|2003|2004|2005|2006|2007|2008|2009|2010|2011,3,False,Sousse
ministers,Q16325226,Boubaker El Akhzouri,lat,EL AKHZOURI|AKHZOURI,ben_ali,Médenine,بوبكر الأخزوري,1999,1999|2000|2001|2002|2003|2004|2005|2006|2007|2008|2009|2010|2011,3,False,Médenine
ministers,Q16325262,Ezzeddine Abassi,lat,ABASSI,protectorate,Tunis,عز الدين العباسي,1954,1954|1955|1956|1957|1958|1959|1960|1961,3,False,Tunis
ministers,Q16325262,Ezzeddine Abassi,lat,ABASSI,protectorate_end,Tunis,عز الدين العباسي,1954,1954|1955|1956|1957|1958|1959|1960|1961,3,False,Tunis
ministers,Q16325262,Ezzeddine Abassi,lat,ABASSI,monarchy,Tunis,عز الدين العباسي,1954,1954|1955|1956|1957|1958|1959|1960|1961,3,False,Tunis
ministers,Q16325262,Ezzeddine Abassi,lat,ABASSI,bourguiba,Tunis,عز الدين العباسي,1954,1954|1955|1956|1957|1958|1959|1960|1961,3,False,Tunis
ministers,Q1642894,Hédi Nouira,lat,NOUIRA,protectorate,Monastir,الهادي نويرة,1954,1954|1955|1956|1957|1958|1959|1960|1961|1962|1963|1964|1965|1966|1967|1968|1969|1970|1971|1972|1973|1974|1975|1976|1977|1978|1979|1980,0,True,Monastir
ministers,Q1642894,Hédi Nouira,lat,NOUIRA,protectorate_end,Monastir,الهادي نويرة,1954,1954|1955|1956|1957|1958|1959|1960|1961|1962|1963|1964|1965|1966|1967|1968|1969|1970|1971|1972|1973|1974|1975|1976|1977|1978|1979|1980,0,True,Monastir
ministers,Q1642894,Hédi Nouira,lat,NOUIRA,monarchy,Monastir,الهادي نويرة,1954,1954|1955|1956|1957|1958|1959|1960|1961|1962|1963|1964|1965|1966|1967|1968|1969|1970|1971|1972|1973|1974|1975|1976|1977|1978|1979|1980,0,True,Monastir
ministers,Q1642894,Hédi Nouira,lat,NOUIRA,bourguiba,Monastir,الهادي نويرة,1954,1954|1955|1956|1957|1958|1959|1960|1961|1962|1963|1964|1965|1966|1967|1968|1969|1970|1971|1972|1973|1974|1975|1976|1977|1978|1979|1980,0,True,Monastir
ministers,Q16588807,Mohamed Fraj Chedly,lat,CHEDLY,bourguiba,Kairouan,محمد فرج الشاذلي,1980,1980|1981|1982|1983|1984|1985|1986,3,False,Kairouan
ministers,Q16639035,Ghazi Jeribi,lat,JERIBI,transition,Tunis,غازي الجريبي,2014,2014|2015|2016|2017|2018|2019|2020,3,False,Tunis
ministers,Q16639035,Ghazi Jeribi,lat,JERIBI,second_republic,Tunis,غازي الجريبي,2014,2014|2015|2016|2017|2018|2019|2020,3,False,Tunis
ministers,Q16642407,Houcine Jaziri,lat,JAZIRI,transition,Médenine,حسين الجزيري,2011,2011|2012|2013|2014,3,False,Médenine
ministers,Q16664915,Mohamed Ben Rejeb,lat,BEN REJEB|REJEB,ben_ali,Nabeul,محمد بن رجب,1989,1989|1990|1991|1992|1993|1994|1995|1996|1997|1998|1999,3,False,Nabeul
ministers,Q16664925,Mohamed Jeri,lat,JERI,ben_ali,Médenine,محمد الجريء,1988,1988|1989|1990|1991|1992|1993|1994|1995|1996|1997|1998|1999,3,False,Médenine
ministers,Q16665400,Mounir Tlili,lat,TLILI,transition,Médenine,منير التليلي,2014,2014|2015,3,False,Médenine
ministers,Q16666126,Naoufel Jammali,lat,JAMMALI,transition,Tunis,نوفل الجمالي,2013,2013|2014,3,False,Tunis
ministers,Q16666273,Nejla Moalla Harrouch,lat,HARROUCH,transition,Tunis,نجلاء حروش,2014,2014|2015,3,False,Tunis
ministers,Q16666543,Nidhal Ouerfelli,lat,OUERFELLI,transition,Tunis,نضال الورفلي,2013,2013|2014|2015,3,False,Tunis
ministers,Q16666835,Noureddine Kaâbi,lat,KAABI,transition,Tunis,نور الدين الكعبي,2013,2013|2014,5,False,Tunis
ministers,Q16666837,Nouri Zorgati,lat,ZORGATI,bourguiba,Sousse,النوري الزرقاطي,1987,1987|1988|1989|1990|1991|1992|1993|1994|1995|1996|1997|1998|1999,3,False,Sousse
ministers,Q16666837,Nouri Zorgati,lat,ZORGATI,ben_ali,Sousse,النوري الزرقاطي,1987,1987|1988|1989|1990|1991|1992|1993|1994|1995|1996|1997|1998|1999,3,False,Sousse
ministers,Q16679067,Tawfik Jelassi,lat,JELASSI,transition,Monastir,توفيق الجلاصي,2014,2014|2015,3,False,Monastir
ministers,Q16802173,Ahmed Ammar Younbaii,lat,YOUNBAII,transition,Tozeur,أحمد عمار الينباعي,2014,2014|2015|2016,3,False,Tozeur
ministers,Q16802173,Ahmed Ammar Younbaii,lat,YOUNBAII,second_republic,Tozeur,أحمد عمار الينباعي,2014,2014|2015|2016,3,False,Tozeur
ministers,Q16855080,Chiheb Ben Ahmed,lat,BEN AHMED|AHMED,transition,Sfax,شهاب بن أحمد,2014,2014|2015|2020|2021,3,False,Sfax
ministers,Q16855080,Chiheb Ben Ahmed,lat,BEN AHMED|AHMED,second_republic,Sfax,شهاب بن أحمد,2014,2014|2015|2020|2021,3,False,Sfax
ministers,Q16855104,Saber Bouatay,lat,BOUATAY,transition,Tunis,صابر بوعطي,2014,2014|2015,3,False,Tunis
ministers,Q16855223,Fathi Jarray,lat,JARRAY,transition,Médenine,فتحي الجراي,2014,2014|2015,3,False,Médenine
ministers,Q16855250,Hafedh Laamouri,lat,LAAMOURI,transition,Sfax,حافظ العموري,2014,2014|2015,3,False,Sfax
ministers,Q16855252,Lassaad Lachaal,lat,LACHAAL,transition,Tunis,لسعد لشعل,2014,2014|2015,3,False,Tunis
ministers,Q16855255,Hédi Larbi,lat,LARBI,transition,,الهادي بالعربي,2014,2014|2015,3,False,
ministers,Q16889653,Mourad Sakli,lat,SAKLI,transition,Tunis,مراد الصقلي,2014,2014|2015,3,False,Tunis
ministers,Q17154190,Ridha Sfar,lat,SFAR,transition,Mahdia,رضا صفر,2014,2014|2015,3,False,Mahdia
ministers,Q17425841,Slaheddine Ben Mbarek,lat,BEN MBAREK|MBAREK,bourguiba,Béja,صلاح الدين بن مبارك,1977,1977|1978|1979|1980|1986|1987|1988|1989|1990|1991|1992|1993|1994|1995|1996|1997|1998|1999,3,False,Béja
ministers,Q17425841,Slaheddine Ben Mbarek,lat,BEN MBAREK|MBAREK,ben_ali,Béja,صلاح الدين بن مبارك,1977,1977|1978|1979|1980|1986|1987|1988|1989|1990|1991|1992|1993|1994|1995|1996|1997|1998|1999,3,False,Béja
ministers,Q17580016,Mabrouk Bahri,lat,BAHRI,ben_ali,,مبروك البحري,1989,1989|1990|1991|1992|1993|1994|1995|1996|1997|1998|1999,3,False,
ministers,Q18384881,Abderrazak Ben Khelifa,lat,BEN KHELIFA|KHELIFA,transition,Sfax,عبد الرزاق بن خليفة,2014,2014|2015,3,False,Sfax
ministers,Q18398343,Mohamed Karim El Jamoussi,lat,EL JAMOUSSI|JAMOUSSI,transition,Tunis,محمد كريم الجموسي,2014,2014|2015|2016|2017|2018|2019|2020,3,False,Tunis
ministers,Q18398343,Mohamed Karim El Jamoussi,lat,EL JAMOUSSI|JAMOUSSI,second_republic,Tunis,محمد كريم الجموسي,2014,2014|2015|2016|2017|2018|2019|2020,3,False,Tunis
ministers,Q18399544,Hamouda Ben Slama,lat,BEN SLAMA|SLAMA,ben_ali,,حمودة بن سلامة,1988,1988|1989|1990|1991|1992|1993|1994|1995|1996|1997|1998|1999,3,False,
ministers,Q18610841,Anouar Ben Khelifa,lat,BEN KHELIFA|KHELIFA,transition,Ben Arous,أنور بن خليفة,2014,2014|2015,3,False,Ben Arous
ministers,Q18610883,Hédi Bouricha,lat,BOURICHA,bourguiba,Sfax,الهادي بوريشة,1980,1980|1981|1982|1983|1984|1985|1986,3,False,Sfax
ministers,Q18880483,Mohamed Najem Gharsalli,lat,GHARSALLI,second_republic,Kasserine,محمد الناجم الغرسلي,2015,2015|2016,3,False,Kasserine
ministers,Q1890995,Mustapha Ben Jaafar,lat,BEN JAAFAR|JAAFAR,ben_ali,Tunis,مصطفى بن جعفر,2011,2011,3,False,Tunis
ministers,Q1890995,Mustapha Ben Jaafar,lat,BEN JAAFAR|JAAFAR,transition,Tunis,مصطفى بن جعفر,2011,2011,3,False,Tunis
ministers,Q19060284,Houcine Chouk,lat,CHOUK,ben_ali,Tozeur,حسين الشوك,1989,1989|1990|1991|1992|1993|1994|1995|1996|1997|1998|1999|2000|2001|2002|2003|2004|2005|2006|2007|2008|2009|2010|2011,3,False,Tozeur
ministers,Q19060286,Moncef Ben Abdallah,lat,BEN ABDALLAH|ABDALLAH,ben_ali,Tunis,المنصف بن عبد الله,1997,1997|1998|1999|2000|2001|2002|2003|2004|2005|2006|2007|2008|2009|2010|2011,3,False,Tunis
ministers,Q19060293,Slaheddine Belaïd,lat,BELAID,ben_ali,Monastir,صلاح الدين بلعيد,1997,1997|1998|1999|2000|2001|2002|2003|2004|2005|2006|2007|2008|2009|2010|2011,3,False,Monastir
ministers,Q19060301,Ridha Ferchiou,lat,FERCHIOU,ben_ali,Tunis,رضا فرشيو,1997,1997|1998|1999,3,False,Tunis
ministers,Q19060319,Slaheddine Cherif,lat,CHERIF,ben_ali,Tunis,صلاح الدين الشريف,1989,1989|1990|1991|1992|1993|1994|1995|1996|1997|1998|1999,5,False,Tunis
ministers,Q19060320,Fethi Merdassi,lat,MERDASSI,ben_ali,Jendouba,فتحي المرداسي,1989,1989|1990|1991|1992|1993|1994|1995|1996|1997|1998|1999|2000|2001|2002|2003|2004|2005|2006|2007|2008|2009|2010|2011,3,False,Jendouba
ministers,Q19060337,Samira Khayach Belhaj,lat,BELHAJ,ben_ali,Tunis,سميرة خياش,1999,1999|2000|2001|2002|2003|2004|2005|2006|2007|2008|2009|2010|2011,3,False,Tunis
ministers,Q19060346,Chedly Laroussi,lat,LAROUSSI,ben_ali,Médenine,الشاذلي العروسي,1989,1989|1990|1991|1992|1993|1994|1995|1996|1997|1998|1999|2000|2001|2002|2003|2004|2005|2006|2007|2008|2009|2010|2011,3,False,Médenine
ministers,Q19248970,Farhat Horchani,lat,HORCHANI,second_republic,Tunis,فرحات الحرشاني,2015,2015|2016|2017|2018|2019|2020,3,False,Tunis
ministers,Q19345818,Selma Elloumi,lat,ELLOUMI,second_republic,Tunis,سلمى اللومي الرقيق,2015,2015|2016|2017|2018|2019|2020,3,False,Tunis
ministers,Q1951854,Mohamed Masmoudi,lat,MASMOUDI,protectorate,Mahdia,محمد المصمودي,1954,1954|1955|1956|1957|1960|1961|1970|1971|1972|1973|1974|1975|1976|1977|1978|1979|1980,2,False,Mahdia
ministers,Q1951854,Mohamed Masmoudi,lat,MASMOUDI,protectorate_end,Mahdia,محمد المصمودي,1954,1954|1955|1956|1957|1960|1961|1970|1971|1972|1973|1974|1975|1976|1977|1978|1979|1980,2,False,Mahdia
ministers,Q1951854,Mohamed Masmoudi,lat,MASMOUDI,monarchy,Mahdia,محمد المصمودي,1954,1954|1955|1956|1957|1960|1961|1970|1971|1972|1973|1974|1975|1976|1977|1978|1979|1980,2,False,Mahdia
ministers,Q1951854,Mohamed Masmoudi,lat,MASMOUDI,bourguiba,Mahdia,محمد المصمودي,1954,1954|1955|1956|1957|1960|1961|1970|1971|1972|1973|1974|1975|1976|1977|1978|1979|1980,2,False,Mahdia
ministers,Q19543880,Amel Azzouz,lat,AZZOUZ,second_republic,Gabès,آمال عزوز,2015,2015|2016,3,False,Gabès
ministers,Q19544121,Majdouline Cherni,lat,CHERNI,second_republic,Bizerte,ماجدولين الشارني,2015,2015|2016|2017|2018|2019|2020,3,False,Bizerte
ministers,Q19544690,Fayçal Gouiaa,lat,GOUIAA,transition,,فيصل قويعة,2014,2014|2015,3,False,
ministers,Q19544932,Zied Ladhari,lat,LADHARI,second_republic,Sousse,زياد العذاري,2015,2015|2016|2017|2018|2019|2020,3,False,Sousse
ministers,Q19606694,Mohamed Ben Salem,lat,BEN SALEM|SALEM,protectorate,Tunis,,1950,1950|1951|1952|1954,3,False,Tunis
ministers,Q19629356,Sadok Rabah,lat,RABAH,ben_ali,Gabès,الصادق رابح,1988,1988|1989|1990|1991|1992|1993|1994|1995|1996|1997|1998|1999|2000|2001|2002|2003|2004|2005|2006|2007|2008|2009|2010|2011,3,False,Gabès
ministers,Q19631455,Bochra Belhaj Hmida,lat,HMIDA,ben_ali,Zaghouan,بشرى بلحاج حميدة,1995,1995|1996|1997|1998|1999|2000|2001,3,False,Zaghouan
ministers,Q19848008,Moez Chakchouk,lat,CHAKCHOUK,second_republic,Mahdia,معز شقشوق,2020,2020|2021,3,False,Mahdia
ministers,Q19951841,Maher Ben Dhia,lat,BEN DHIA|DHIA,second_republic,Sfax,ماهر بن ضياء,2015,2015|2016,3,False,Sfax
ministers,Q19955807,Noomane Fehri,lat,FEHRI,second_republic,Nabeul,نعمان الفهري,2015,2015|2016,3,False,Nabeul
ministers,Q19956120,Zakaria Hamad,lat,HAMAD,second_republic,Le Kef,زكرياء حمد,2015,2015|2016,3,False,Le Kef
ministers,Q19956225,Néji Jalloul,lat,JALLOUL,second_republic,Monastir,ناجي جلول,2015,2015|2016|2017|2018|2019|2020,3,False,Monastir
ministers,Q19956346,Sadok Korbi,lat,KORBI,ben_ali,Monastir,الصادق القربي,1999,1999|2000|2001|2002|2003|2004|2005|2006|2007|2008|2009|2010|2011,3,False,Monastir
ministers,Q19956395,Latifa Lakhdar,lat,LAKHDAR,second_republic,Médenine,لطيفة لخضر,2015,2015|2016,3,False,Médenine
ministers,Q20047058,Ahmed Chtourou,lat,CHTOUROU,bourguiba,Sfax,أحمد شطورو,1971,1971|1972|1973|1974|1975|1976|1977|1978|1979|1980,3,False,Sfax
ministers,Q20391000,حاتم العشي,ar,العشي,second_republic,Jendouba,حاتم العشي,2015,2015|2016,3,False,Jendouba
ministers,Q20412385,Ridha Lahouel,lat,LAHOUEL,second_republic,Monastir,رضا لحول,2015,2015|2016,3,False,Monastir
ministers,Q20417790,René Trabelsi,lat,TRABELSI,second_republic,Médenine,روني الطرابلسي,2016,2016|2017|2018|2019|2020,3,False,Médenine
ministers,Q20423358,Mahmoud Ben Romdhane,lat,BEN ROMDHANE|ROMDHANE,second_republic,Tunis,محمود بن رمضان,2015,2015|2016,3,False,Tunis
ministers,Q204487,Zine El Abidine Ben Ali,lat,BEN ALI|ALI,bourguiba,Sousse,زين العابدين بن علي,1984,1984|1985|1986|1987,0,True,Sousse
ministers,Q20643083,Mohamed Yalaoui,lat,YALAOUI,bourguiba,Jendouba,محمد اليعلاوي,1978,1978|1979|1980,3,False,Jendouba
ministers,Q20991574,Chiheb Bouden,lat,BOUDEN,second_republic,Kairouan,شهاب بودن,2015,2015|2016,3,False,Kairouan
ministers,Q21084499,Boutheina Ben Yaghlane,lat,BEN YAGHLANE|YAGHLANE,second_republic,Tunis,بثينة بن يغلان,2015,2015|2016,3,False,Tunis
ministers,Q21091553,Mohamed Fadhel Mahfoudh,lat,MAHFOUDH,second_republic,Gafsa,محمد الفاضل محفوظ,2016,2016|2017|2018|2019|2020,3,False,Gafsa
ministers,Q21511555,Ghazi Chaouachi,lat,CHAOUACHI,second_republic,Tunis,غازي الشواشي,2020,2020,3,False,Tunis
ministers,Q21996842,Hédi Majdoub,lat,MAJDOUB,second_republic,Nabeul,الهادي المجدوب,2015,2015|2016|2017|2018|2019|2020,3,False,Nabeul
ministers,Q22210502,Nejib Derouiche,lat,DEROUICHE,second_republic,Bizerte,نجيب درويش,2015,2015|2016,3,False,Bizerte
ministers,Q22211169,Anis Ghedira,lat,GHEDIRA,second_republic,Monastir,أنيس غديرة,2015,2015|2016|2017|2018|2019|2020,3,False,Monastir
ministers,Q22282799,Hela Cheikhrouhou,lat,CHEIKHROUHOU,second_republic,Tunis,هالة شيخ روحو,2016,2016|2017|2018|2019|2020,3,False,Tunis
ministers,Q22344522,Ahlem Belhadj,lat,BELHADJ,ben_ali,Nabeul,أحلام بالحاج,2004,2004|2005|2006|2012|2013,3,False,Nabeul
ministers,Q22344522,Ahlem Belhadj,lat,BELHADJ,transition,Nabeul,أحلام بالحاج,2004,2004|2005|2006|2012|2013,3,False,Nabeul
ministers,Q2268624,Chedli Klibi,lat,KLIBI,bourguiba,Tunis,الشاذلي القليبي,1961,1961|1962|1963|1964|1965|1966|1967|1968|1969|1970|1971|1972|1973|1974|1975|1976|1977|1978|1979|1980,3,False,Tunis
ministers,Q22928978,Lassaad Ben Osman,lat,BEN OSMAN|OSMAN,bourguiba,Tunis,الأسعد بن عصمان,1967,1967|1968|1969|1970|1971|1972|1973|1974|1975|1976|1977|1978|1979|1980|1981|1982|1983|1984|1985|1986|1987|1988,3,False,Tunis
ministers,Q23017371,Mohamed Salah Arfaoui,lat,ARFAOUI,second_republic,Bizerte,محمد صالح العرفاوي,2015,2015|2016|2017|2018|2019|2020,3,False,Bizerte
ministers,Q2374730,Tahar Belkhodja,lat,BELKHODJA,bourguiba,Mahdia,الطاهر بلخوجة,1970,1970|1971|1972|1973|1974|1975|1976|1977|1978|1979|1980|1981|1982|1983|1984|1985|1986,3,False,Mahdia
ministers,Q2388455,Taïeb Baccouche,lat,BACCOUCHE,ben_ali,Kairouan,الطيب البكوش,2011,2011|2015|2016,3,False,Kairouan
ministers,Q2388455,Taïeb Baccouche,lat,BACCOUCHE,transition,Kairouan,الطيب البكوش,2011,2011|2015|2016,3,False,Kairouan
ministers,Q2388455,Taïeb Baccouche,lat,BACCOUCHE,second_republic,Kairouan,الطيب البكوش,2011,2011|2015|2016,3,False,Kairouan
ministers,Q24690603,Jalloul Jeribi,lat,JERIBI,ben_ali,Sfax,جلول الجريبي,1999,1999|2000|2001|2002|2003|2004|2005|2006|2007|2008|2009|2010|2011,3,False,Sfax
ministers,Q24690887,Omar Mansour,lat,MANSOUR,second_republic,Tunis,عمر منصور,2015,2015|2016,3,False,Tunis
ministers,Q24752632,Mohamed Khalil,lat,KHALIL,second_republic,,محمد خليل,2015,2015|2016,3,False,
ministers,Q24951001,Hatem El Euchi,lat,EL EUCHI|EUCHI,second_republic,Tunis,,2015,2015|2016,3,False,Tunis
ministers,Q25391268,Youssef Chahed,lat,CHAHED,second_republic,Tunis,يوسف الشاهد,2015,2015|2016|2017|2018|2019|2020,0,True,Tunis
ministers,Q25391292,Saâd Seddik,lat,SEDDIK,second_republic,,سعد الصديق,2015,2015|2016,3,False,
ministers,Q25451027,Taoufik Bouderbala,lat,BOUDERBALA,ben_ali,,توفيق بودربالة,1999,1999|2000|2001|2002|2003|2004|2005|2006|2007|2008|2009|2010|2011,3,False,
ministers,Q25453450,Sayida Ounissi,lat,OUNISSI,second_republic,Tunis,سيدة الونيسي,2016,2016|2017|2018|2019|2020,3,False,Tunis
ministers,Q25453793,محمد شقرون,ar,شقرون,monarchy,,محمد شقرون,1956,1956|1957,3,False,
ministers,Q26505382,Chokri Terzi,lat,TERZI,second_republic,Siliana,شكري التارزي,2015,2015|2016,3,False,Siliana
ministers,Q26505513,Mohsen Hassan,lat,HASSAN,second_republic,Mahdia,محسن حسن,2015,2015|2016,3,False,Mahdia
ministers,Q2655671,Mohamed Ghenima,lat,GHENIMA,bourguiba,Sousse,محمد غنيمة,1972,1972|1973|1974|1975|1976|1977|1978|1979|1980,3,False,Sousse
ministers,Q26710667,Abdeljalil Ben Salem,lat,BEN SALEM|SALEM,second_republic,Gabès,عبد الجليل بن سالم,2016,2016|2017|2018|2019|2020,3,False,Gabès
ministers,Q26831315,Nejmeddine Hamrouni,lat,HAMROUNI,second_republic,Tunis,نجم الدين الحمروني,2015,2015|2016,3,False,Tunis
ministers,Q26834002,Anouar Maârouf,lat,MAAROUF,second_republic,Monastir,أنور معروف,2016,2016|2017|2018|2019|2020,2,False,Monastir
ministers,Q2688070,Saïd Ben Moustapha,lat,BEN MOUSTAPHA|MOUSTAPHA,ben_ali,Tunis,سعيد بن مصطفى,1989,1989|1990|1991|1992|1993|1994|1995|1996|1997|1998|1999,3,False,Tunis
ministers,Q26905827,Néziha Labidi,lat,LABIDI,second_republic,,نزيهة العبيدي,2016,2016|2017|2018|2019|2020,3,False,
ministers,Q27179077,Farhat Dachraoui,lat,DACHRAOUI,bourguiba,Le Kef,فرحات الدشراوي,1971,1971|1972|1973|1974|1975|1976|1977|1978|1979|1980,3,False,Le Kef
ministers,Q27665914,Fadhel Abdelkefi,lat,ABDELKEFI,second_republic,Tunis,فاضل عبد الكافي,2016,2016|2017|2018|2019|2020,3,False,Tunis
ministers,Q27666209,Imed Hammami,lat,HAMMAMI,second_republic,Nabeul,عماد الحمامي,2016,2016|2017|2018|2019|2020,3,False,Nabeul
ministers,Q27756614,Kamel Ayadi,lat,AYADI,ben_ali,,كمال العيادي,1999,1999|2000|2001|2002|2003|2004|2005|2006|2007|2008|2009|2010|2011|2015|2016,3,False,
ministers,Q27756614,Kamel Ayadi,lat,AYADI,second_republic,,كمال العيادي,1999,1999|2000|2001|2002|2003|2004|2005|2006|2007|2008|2009|2010|2011|2015|2016,3,False,
ministers,Q27756642,Abid Briki,lat,BRIKI,second_republic,Médenine,عبيد البريكي,2016,2016|2017|2018|2019|2020,3,False,Médenine
ministers,Q27756741,Slaheddine Maaoui,lat,MAAOUI,ben_ali,Kairouan,صلاح الدين معاوي,1989,1989|1990|1991|1992|1993|1994|1995|1996|1997|1998|1999|2000|2001|2002|2003|2004|2005|2006|2007|2008|2009|2010|2011,3,False,Kairouan
ministers,Q27758476,Khaled Chouket,lat,CHOUKET,second_republic,Sfax,خالد شوكات,2015,2015|2016|2017|2018,3,False,Sfax
ministers,Q28018980,Sana Ben Achour,lat,BEN ACHOUR|ACHOUR,ben_ali,Tunis,سناء بن عاشور,2008,2008|2009|2010|2011|2012,3,False,Tunis
ministers,Q28105062,Mohamed Trabelsi,lat,TRABELSI,second_republic,,محمد الطرابلسي,2016,2016|2017|2018|2019|2020|2021,3,False,
ministers,Q281184,Ali Larayedh,lat,LARAYEDH,ben_ali,Médenine,علي العريض,2011,2011|2012|2013|2014,0,True,Médenine
ministers,Q281184,Ali Larayedh,lat,LARAYEDH,transition,Médenine,علي العريض,2011,2011|2012|2013|2014,0,True,Médenine
ministers,Q282026,Abdelaziz Ben Dhia,lat,BEN DHIA|DHIA,bourguiba,Monastir,عبد العزيز بن ضياء,1978,1978|1979|1980|1981|1982|1983|1984|1985|1986|1987|1989|1990|1991|1992|1993|1994|1995|1996|1997|1998|1999,3,False,Monastir
ministers,Q282026,Abdelaziz Ben Dhia,lat,BEN DHIA|DHIA,ben_ali,Monastir,عبد العزيز بن ضياء,1978,1978|1979|1980|1981|1982|1983|1984|1985|1986|1987|1989|1990|1991|1992|1993|1994|1995|1996|1997|1998|1999,3,False,Monastir
ministers,Q2820925,Abdallah Farhat,lat,FARHAT,bourguiba,,عبد الله فرحات,1964,1964|1965|1966|1967|1968|1969|1970|1971|1972|1973|1974|1975|1976|1977|1978|1979|1980,3,False,
ministers,Q2820930,Abdallah Triki,lat,TRIKI,transition,,عبدالله التريكي,2011,2011|2012|2013,5,False,
ministers,Q2820931,Abdallah Kallel,lat,KALLEL,bourguiba,Sfax,عبد الله القلال,1987,1987|1988|1989|1990|1991|1992|1993|1994|1995|1996|1997|1998|1999|2000|2001|2002|2003|2004|2005|2006|2007|2008|2009|2010|2011,2,False,Sfax
ministers,Q2820931,Abdallah Kallel,lat,KALLEL,ben_ali,Sfax,عبد الله القلال,1987,1987|1988|1989|1990|1991|1992|1993|1994|1995|1996|1997|1998|1999|2000|2001|2002|2003|2004|2005|2006|2007|2008|2009|2010|2011,2,False,Sfax
ministers,Q2820991,Abdelaziz Lasram,lat,LASRAM,bourguiba,Tunis,عبد العزيز الأصرم,1974,1974|1975|1976|1977|1978|1979|1980|1981|1982|1983|1984|1985|1986,3,False,Tunis
ministers,Q2820994,Abdelaziz Mathari,lat,MATHARI,bourguiba,,عبد العزيز المطهري,1977,1977|1978|1979|1980,3,False,
ministers,Q2820997,Abdelaziz Mougou,lat,MOUGOU,ben_ali,Sousse,,2010,2010|2011,5,False,Sousse
ministers,Q2820999,Abdelaziz Rassâa,lat,RASSAA,ben_ali,Tunis,عبد العزيز الرصاع,1999,1999|2000|2001|2002|2003|2004|2005|2006|2007|2008|2009|2010|2011,3,False,Tunis
ministers,Q2820999,Abdelaziz Rassâa,lat,RASSAA,transition,Tunis,عبد العزيز الرصاع,1999,1999|2000|2001|2002|2003|2004|2005|2006|2007|2008|2009|2010|2011,3,False,Tunis
ministers,Q2821010,Abdelbaki Hermassi,lat,HERMASSI,ben_ali,Kasserine,عبد الباقي الهرماسي,1989,1989|1990|1991|1992|1993|1994|1995|1996|1997|1998|1999|2000|2001|2002|2003|2004|2005|2006|2007|2008|2009|2010|2011,3,False,Kasserine
ministers,Q2821012,Abdelfattah Amor,lat,AMOR,ben_ali,Monastir,عبد الفتاح عمر,1999,1999|2000|2001|2002|2003|2004|2005|2006|2007|2008|2009|2010|2011,3,False,Monastir
ministers,Q2821037,Abdelhakim Bouraoui,lat,BOURAOUI,ben_ali,Sousse,عبد الحكيم بوراوي,1999,1999|2000|2001|2002|2003|2004|2005|2006|2007|2008|2009|2010|2011,5,False,Sousse
ministers,Q2821055,Abdelhamid Slama,lat,SLAMA,ben_ali,Monastir,عبد الحميد سلامة,1999,1999|2000|2001|2002|2003|2004|2005|2006|2007|2008|2009|2010|2011,3,False,Monastir
ministers,Q2821057,Abdelhamid Triki,lat,TRIKI,ben_ali,Sfax,عبد الحميد التريكي,1999,1999|2000|2001|2002|2003|2004|2005|2006|2007|2008|2009|2010|2011,3,False,Sfax
ministers,Q2821057,Abdelhamid Triki,lat,TRIKI,transition,Sfax,عبد الحميد التريكي,1999,1999|2000|2001|2002|2003|2004|2005|2006|2007|2008|2009|2010|2011,3,False,Sfax
ministers,Q2821119,Abdelkrim Harouni,lat,HAROUNI,ben_ali,Tunis,عبد الكريم الهاروني,2011,2011|2012|2013|2014,3,False,Tunis
ministers,Q2821119,Abdelkrim Harouni,lat,HAROUNI,transition,Tunis,عبد الكريم الهاروني,2011,2011|2012|2013|2014,3,False,Tunis
ministers,Q2821127,Abdelkrim Zbidi,lat,ZBIDI,ben_ali,Mahdia,عبد الكريم الزبيدي,1999,1999|2000|2001|2002|2003|2004|2005|2006|2007|2008|2009|2010|2011|2012|2013|2016|2017|2018|2019|2020,3,False,Mahdia
ministers,Q2821127,Abdelkrim Zbidi,lat,ZBIDI,transition,Mahdia,عبد الكريم الزبيدي,1999,1999|2000|2001|2002|2003|2004|2005|2006|2007|2008|2009|2010|2011|2012|2013|2016|2017|2018|2019|2020,3,False,Mahdia
ministers,Q2821127,Abdelkrim Zbidi,lat,ZBIDI,second_republic,Mahdia,عبد الكريم الزبيدي,1999,1999|2000|2001|2002|2003|2004|2005|2006|2007|2008|2009|2010|2011|2012|2013|2016|2017|2018|2019|2020,3,False,Mahdia
ministers,Q2821146,Abdellatif Abid,lat,ABID,ben_ali,Nabeul,عبد اللطيف عبيد,2011,2011|2012|2013,3,False,Nabeul
ministers,Q2821146,Abdellatif Abid,lat,ABID,transition,Nabeul,عبد اللطيف عبيد,2011,2011|2012|2013,3,False,Nabeul
ministers,Q2821154,Abdellatif Mekki,lat,MEKKI,ben_ali,Le Kef,عبد اللطيف المكي,2011,2011|2012|2013|2014|2020,3,False,Le Kef
ministers,Q2821154,Abdellatif Mekki,lat,MEKKI,transition,Le Kef,عبد اللطيف المكي,2011,2011|2012|2013|2014|2020,3,False,Le Kef
ministers,Q2821154,Abdellatif Mekki,lat,MEKKI,second_republic,Le Kef,عبد اللطيف المكي,2011,2011|2012|2013|2014|2020,3,False,Le Kef
ministers,Q2821210,Abdelwaheb Jemal,lat,JEMAL,ben_ali,Sfax,عبد الوهاب جمال,1999,1999|2000|2001|2002|2003|2004|2005|2006|2007|2008|2009|2010|2011,5,False,Sfax
ministers,Q2821212,Abdelwahab Maatar,lat,MAATAR,ben_ali,Sfax,عبد الوهاب معطر,2011,2011|2012|2013|2014,3,False,Sfax
ministers,Q2821212,Abdelwahab Maatar,lat,MAATAR,transition,Sfax,عبد الوهاب معطر,2011,2011|2012|2013|2014,3,False,Sfax
ministers,Q2821241,Abderrahim Zouari,lat,ZOUARI,ben_ali,Le Kef,عبد الرحيم الزواري,1987,1987|1988|1989|1990|1991|1992|1993|1994|1995|1996|1997|1998|1999|2000|2001|2002|2003|2004|2005|2006|2007|2008|2009|2010|2011,3,False,Le Kef
ministers,Q2821259,Abderrahmane Ladgham,lat,LADGHAM,transition,Tunis,عبد الرحمن الأدغم,2011,2011|2012|2013|2014,3,False,Tunis
ministers,Q2821273,Mohamed Abderraouf El Basti,lat,EL BASTI|BASTI,ben_ali,Tunis,عبد الرؤوف الباسطي,1999,1999|2000|2001|2002|2003|2004|2005|2006|2007|2008|2009|2010|2011,3,False,Tunis
ministers,Q2821280,Abderrazak Zouari,lat,ZOUARI,ben_ali,Sfax,عبد الرزاق الزواري,2011,2011,3,False,Sfax
ministers,Q2821280,Abderrazak Zouari,lat,ZOUARI,transition,Sfax,عبد الرزاق الزواري,2011,2011,3,False,Sfax
ministers,Q2821297,Abdessalem Mansour,lat,MANSOUR,ben_ali,Sousse,عبد السلام منصور,1999,1999|2000|2001|2002|2003|2004|2005|2006|2007|2008|2009|2010|2011,3,False,Sousse
ministers,Q2821308,Abdesselem Knani,lat,KNANI,bourguiba,Sousse,عبد السلام الكناني,1958,1958|1959|1960|1961|1962,3,False,Sousse
ministers,Q2824176,Adel Gaâloul,lat,GAALOUL,transition,Médenine,عادل قعلول,2011,2011,5,False,Médenine
ministers,Q2826117,Afif Chelbi,lat,CHELBI,ben_ali,Tunis,محمد عفيف شلبي,1999,1999|2000|2001|2002|2003|2004|2005|2006|2007|2008|2009|2010|2011,3,False,Tunis
ministers,Q2826117,Afif Chelbi,lat,CHELBI,transition,Tunis,محمد عفيف شلبي,1999,1999|2000|2001|2002|2003|2004|2005|2006|2007|2008|2009|2010|2011,3,False,Tunis
ministers,Q2827482,Ahmed Adhoum,lat,ADHOUM,ben_ali,Kairouan,أحمد عظوم,2011,2011|2016|2017|2018|2019|2020|2021,3,False,Kairouan
ministers,Q2827482,Ahmed Adhoum,lat,ADHOUM,transition,Kairouan,أحمد عظوم,2011,2011|2016|2017|2018|2019|2020|2021,3,False,Kairouan
ministers,Q2827482,Ahmed Adhoum,lat,ADHOUM,second_republic,Kairouan,أحمد عظوم,2011,2011|2016|2017|2018|2019|2020|2021,3,False,Kairouan
ministers,Q2827512,Ahmed Ben Salah,lat,BEN SALAH|SALAH,bourguiba,Monastir,أحمد بن صالح,1957,1957|1958|1959|1960|1961|1962|1963|1964|1965|1966|1967|1968|1969,3,False,Monastir
ministers,Q2827529,Ahmed Brahim,lat,BRAHIM,ben_ali,Médenine,أحمد إبراهيم,2011,2011,3,False,Médenine
ministers,Q2827529,Ahmed Brahim,lat,BRAHIM,transition,Médenine,أحمد إبراهيم,2011,2011,3,False,Médenine
ministers,Q2827554,Ahmed Friaâ,lat,FRIAA,ben_ali,Médenine,أحمد فريعة,1989,1989|1990|1991|1992|1993|1994|1995|1996|1997|1998|1999|2000|2001|2002|2003|2004|2005|2006|2007|2008|2009|2010|2011,3,False,Médenine
ministers,Q2827587,Ahmed Iyadh Ouederni,lat,OUEDERNI,ben_ali,Médenine,أحمد عياض الودرني,1999,1999|2000|2001|2002|2003|2004|2005|2006|2007|2008|2009|2010|2011,3,False,Médenine
ministers,Q2827624,Ahmed Mestiri,lat,MESTIRI,monarchy,Tunis,أحمد المستيري,1956,1956|1957|1958|1959|1960|1961|1962|1963|1964|1965|1966|1967|1968|1969|1970|1971|1972|1973|1974|1975|1976|1977|1978|1979|1980,3,False,Tunis
ministers,Q2827624,Ahmed Mestiri,lat,MESTIRI,bourguiba,Tunis,أحمد المستيري,1956,1956|1957|1958|1959|1960|1961|1962|1963|1964|1965|1966|1967|1968|1969|1970|1971|1972|1973|1974|1975|1976|1977|1978|1979|1980,3,False,Tunis
ministers,Q2827627,Ahmed Noureddine,lat,NOUREDDINE,bourguiba,Sousse,أحمد نور الدين,1958,1958|1959|1960|1961|1962|1963|1964|1965|1966|1967|1968|1969|1970,3,False,Sousse
ministers,Q2827633,Ahmed Néjib Chebbi,lat,CHEBBI,ben_ali,Tunis,أحمد نجيب الشابي,2011,2011,3,False,Tunis
ministers,Q2827633,Ahmed Néjib Chebbi,lat,CHEBBI,transition,Tunis,أحمد نجيب الشابي,2011,2011,3,False,Tunis
ministers,Q2827664,Ahmed Smaoui,lat,SMAOUI,ben_ali,,أحمد السماوي,1988,1988|1989|1990|1991|1992|1993|1994|1995|1996|1997|1998|1999,3,False,
ministers,Q2830956,Albert Bessis,lat,BESSIS,protectorate_end,Tunis,ألبير بسيس,1954,1954|1955|1956,3,False,Tunis
ministers,Q2836165,Ali Bouhageb,lat,BOUHAGEB,protectorate,Tunis,علي بوحاجب,1947,1947|1948|1949|1950,3,False,Tunis
ministers,Q2836180,Ali Chaouch,lat,CHAOUCH,ben_ali,Siliana,علي الشاوش,1989,1989|1990|1991|1992|1993|1994|1995|1996|1997|1998|1999|2000|2001|2002|2003|2004|2005|2006|2007|2008|2009|2010|2011,3,False,Siliana
ministers,Q2836334,Ali Sakkat,lat,SAKKAT,,Tunis,علي السقاط,,,3,False,Tunis
ministers,Q2836376,Ali Zouaoui,lat,ZOUAOUI,bourguiba,,علي الزواوي,1970,1970|1971|1972,3,False,
ministers,Q28465669,Ahmed Zarrouk,lat,ZARROUK,second_republic,Sousse,أحمد زروق,2015,2015|2016,3,False,Sousse
ministers,Q28502176,Mohamed Zine El Abidine,lat,EL ABIDINE|ABIDINE,second_republic,Sousse,محمد زين العابدين,2016,2016|2017|2018|2019|2020,3,False,Sousse
ministers,Q2855981,Ferjani Bel Haj Ammar,lat,BEL AMMAR|AMMAR,monarchy,Tunis,الفرجاني بالحاج عمار,1956,1956|1957,3,False,Tunis
ministers,Q28653580,Riadh Mouakher,lat,MOUAKHER,second_republic,Sfax,رياض المؤخر,2016,2016|2017|2018|2019|2020,3,False,Sfax
ministers,Q28654181,Slim Khalbous,lat,KHALBOUS,second_republic,Nabeul,سليم خلبوس,2016,2016|2017|2018|2019|2020,3,False,Nabeul
ministers,Q28714939,Khalil Amiri,lat,AMIRI,second_republic,Tunis,خليل العميري,2016,2016|2017|2018|2019|2020,5,False,Tunis
ministers,Q2875109,Azedine Beschaouch,lat,BESCHAOUCH,ben_ali,Tunis,عز الدين باش شاوش,2011,2011,3,False,Tunis
ministers,Q2875109,Azedine Beschaouch,lat,BESCHAOUCH,transition,Tunis,عز الدين باش شاوش,2011,2011,3,False,Tunis
ministers,Q2875153,Aziz Djellouli,lat,DJELLOULI,protectorate,Tunis,العزيز الجلولي,1943,1943|1954|1955|1956,2,False,Tunis
ministers,Q2875153,Aziz Djellouli,lat,DJELLOULI,protectorate_end,Tunis,العزيز الجلولي,1943,1943|1954|1955|1956,2,False,Tunis
ministers,Q28869633,Lamia Zribi,lat,ZRIBI,second_republic,Béja,لمياء الزريبي,2015,2015|2016|2017|2018|2019|2020,3,False,Béja
ministers,Q2893398,Bebia Chihi,lat,CHIHI,ben_ali,Tunis,بابية الشيحي,1999,1999|2000|2001|2002|2003|2004|2005|2006|2007|2008|2009|2010|2011,3,False,Tunis
ministers,Q2912277,Hédi M'henni,lat,M'HENNI,ben_ali,Monastir,الهادي مهني,1989,1989|1990|1991|1992|1993|1994|1995|1996|1997|1998|1999|2000|2001|2002|2003|2004|2005|2006|2007|2008|2009|2010|2011,3,False,Monastir
ministers,Q2929679,Béchir Ben Yahmed,lat,BEN YAHMED|YAHMED,monarchy,Médenine,البشير بن يحمد,1956,1956|1957,5,False,Médenine
ministers,Q2929686,Béchir M'hedhbi,lat,M'HEDHBI,bourguiba,Kairouan,بشير المهذبي,1971,1971|1972|1973|1974|1975|1976|1977|1978|1979|1980,3,False,Kairouan
ministers,Q2929698,Béchir Zaâfouri,lat,ZAAFOURI,transition,Sidi Bouzid,بشير الزعفوري,2012,2012|2013,3,False,Sidi Bouzid
ministers,Q2929705,Béchir Tekkari,lat,TEKKARI,ben_ali,Monastir,البشير التكاري,1999,1999|2000|2001|2002|2003|2004|2005|2006|2007|2008|2009|2010|2011,3,False,Monastir
ministers,Q29440996,Ezzeddine Chelbi,lat,CHELBI,bourguiba,Nabeul,عز الدين الشلبي,1983,1983|1984|1985|1986,3,False,Nabeul
ministers,Q2947600,Chahida Ben Fraj Bouraoui,lat,BOURAOUI,transition,Monastir,شهيدة بن فرج بوراوي,2011,2011|2012|2013|2014,3,False,Monastir
ministers,Q2947746,Chakir Saheb Ettabaâ,lat,ETTABAA,,,شاكير صاحب الطابع,,,0,True,
ministers,Q29577458,Mohamed Ennaceur Jbira,lat,JBIRA,bourguiba,Kairouan,محمد الناصر جبيرة,1974,1974|1975|1976|1977|1978|1979|1980|1981|1982|1983|1984|1985|1986|2010|2011,3,False,Kairouan
ministers,Q29577458,Mohamed Ennaceur Jbira,lat,JBIRA,ben_ali,Kairouan,محمد الناصر جبيرة,1974,1974|1975|1976|1977|1978|1979|1980|1981|1982|1983|1984|1985|1986|2010|2011,3,False,Kairouan
ministers,Q29577458,Mohamed Ennaceur Jbira,lat,JBIRA,transition,Kairouan,محمد الناصر جبيرة,1974,1974|1975|1976|1977|1978|1979|1980|1981|1982|1983|1984|1985|1986|2010|2011,3,False,Kairouan
ministers,Q29577510,Basma Jebali,lat,JEBALI,second_republic,Médenine,بسمة الجبالي,2016,2016|2017|2018|2019|2020,3,False,Médenine
ministers,Q29577522,Abderraouf Cherif,lat,CHERIF,second_republic,Tozeur,عبد الرؤوف الشريف,2016,2016|2017|2018|2019|2020,3,False,Tozeur
ministers,Q29580351,Mohamed Ben Youssef El Hamdi,lat,EL HAMDI|HAMDI,second_republic,Sidi Bouzid,محمد الحامدي,2020,2020,3,False,Sidi Bouzid
ministers,Q29580435,Hatem Ferjani,lat,FERJANI,second_republic,Ben Arous,حاتم الفرجاني,2016,2016|2017|2018|2019|2020,5,False,Ben Arous
ministers,Q29580475,Mondher Belhaj Ali,lat,ALI,protectorate_end,,المنذر بلحاج علي,1954,1954|1955|1956,3,False,
ministers,Q29580479,Mohamed Jalel Ghedira,lat,GHEDIRA,bourguiba,Monastir,محمد جلال غديرة,1970,1970|1971|1972|1973|1974|1975|1976|1977|1978|1979|1980|1987|1988,3,False,Monastir
ministers,Q2961945,Chedly Ayari,lat,AYARI,bourguiba,Tunis,الشاذلي العياري,1969,1969|1970|1971|1972|1973|1974|1975|1976|1977|1978|1979|1980|2012|2013|2014|2015|2016|2017|2018,3,False,Tunis
ministers,Q2961945,Chedly Ayari,lat,AYARI,transition,Tunis,الشاذلي العياري,1969,1969|1970|1971|1972|1973|1974|1975|1976|1977|1978|1979|1980|2012|2013|2014|2015|2016|2017|2018,3,False,Tunis
ministers,Q2972023,Chédli Neffati,lat,NEFFATI,ben_ali,Gabès,الشاذلي النفاتي,1988,1988|1989|1990|1991|1992|1993|1994|1995|1996|1997|1998|1999|2000|2001|2002|2003|2004|2005|2006|2007|2008|2009|2010|2011,3,False,Gabès
ministers,Q29816892,Hatem Ben Othman,lat,BEN OTHMAN|OTHMAN,ben_ali,Tunis,حاتم بن عثمان,1989,1989|1990|1991|1992|1993|1994|1995|1996|1997|1998|1999,3,False,Tunis
ministers,Q30104283,Mohamed Fadhel Khelil,lat,KHELIL,ben_ali,Gafsa,محمد الفاضل خليل,1987,1987|1988|1989|1990|1991|1992|1993|1994|1995|1996|1997|1998|1999|2015|2016,3,False,Gafsa
ministers,Q30104283,Mohamed Fadhel Khelil,lat,KHELIL,second_republic,Gafsa,محمد الفاضل خليل,1987,1987|1988|1989|1990|1991|1992|1993|1994|1995|1996|1997|1998|1999|2015|2016,3,False,Gafsa
ministers,Q30118294,Chokri Belhassen,lat,BELHASSEN,second_republic,Sousse,شكري بن حسن,2016,2016|2017|2018|2019|2020,3,False,Sousse
ministers,Q3012366,Dali Jazi,lat,JAZI,ben_ali,Nabeul,الدالي الجازي,1989,1989|1990|1991|1992|1993|1994|1995|1996|1997|1998|1999|2000|2001|2002|2003|2004|2005|2006|2007|2008|2009|2010|2011,3,False,Nabeul
ministers,Q30217461,Habib Debbabi,lat,DEBBABI,second_republic,Médenine,حبيب الدبابي,2016,2016|2017|2018|2019|2020,5,False,Médenine
ministers,Q30224903,Akissa Bahri,lat,BAHRI,second_republic,,عاقصة البحري,2020,2020|2021,3,False,
ministers,Q3039490,Driss Guiga,lat,GUIGA,bourguiba,Béja,إدريس قيقة,1969,1969|1970|1971|1972|1973|1974|1975|1976|1977|1978|1979|1980|1981|1982|1983|1984|1985|1986,3,False,Béja
ministers,Q3051875,Elyès Fakhfakh,lat,FAKHFAKH,ben_ali,Tunis,إلياس الفخفاخ,2011,2011|2012|2013|2014|2020,0,True,Tunis
ministers,Q3051875,Elyès Fakhfakh,lat,FAKHFAKH,transition,Tunis,إلياس الفخفاخ,2011,2011|2012|2013|2014|2020,0,True,Tunis
ministers,Q3051875,Elyès Fakhfakh,lat,FAKHFAKH,second_republic,Tunis,إلياس الفخفاخ,2011,2011|2012|2013|2014|2020,0,True,Tunis
ministers,Q3066858,Farhat Rajhi,lat,RAJHI,ben_ali,Tunis,فرحات الراجحي,2011,2011,3,False,Tunis
ministers,Q3066858,Farhat Rajhi,lat,RAJHI,transition,Tunis,فرحات الراجحي,2011,2011,3,False,Tunis
ministers,Q3067195,Fathi Zouhir,lat,ZOUHIR,protectorate,Tunis,فتحي زهير,1954,1954|1955|1956|1964|1965|1966|1967|1968|1969,3,False,Tunis
ministers,Q3067195,Fathi Zouhir,lat,ZOUHIR,protectorate_end,Tunis,فتحي زهير,1954,1954|1955|1956|1964|1965|1966|1967|1968|1969,3,False,Tunis
ministers,Q3067195,Fathi Zouhir,lat,ZOUHIR,bourguiba,Tunis,فتحي زهير,1954,1954|1955|1956|1964|1965|1966|1967|1968|1969,3,False,Tunis
ministers,Q30728289,Ali Chebbi,lat,CHEBBI,ben_ali,Tozeur,علي الشابي,1989,1989|1990|1991|1992|1993|1994|1995|1996|1997|1998|1999,3,False,Tozeur
ministers,Q30728498,Radhouane Ayara,lat,AYARA,second_republic,Béja,رضوان عيارة,2016,2016|2017|2018|2019|2020,3,False,Béja
ministers,Q30729046,Sabri Bachtobji,lat,BACHTOBJI,second_republic,Nabeul,صبري باشطبجي,2016,2016|2017|2018|2019|2020,3,False,Nabeul
ministers,Q30729047,Mabrouk Korchid,lat,KORCHID,second_republic,Médenine,مبروك كرشيد,2016,2016|2017|2018|2019|2020,3,False,Médenine
ministers,Q30729066,Abdallah Rabhi,lat,RABHI,second_republic,,عبد الله الرابحي,2016,2016|2017|2018|2019|2020,5,False,
ministers,Q30729169,Hichem Ben Ahmed,lat,BEN AHMED|AHMED,second_republic,Bizerte,هشام بن أحمد,2016,2016|2017|2018|2019|2020,3,False,Bizerte
ministers,Q3079840,Foued Daghfous,lat,DAGHFOUS,ben_ali,Nabeul,فؤاد دغفوس,1999,1999|2000|2001|2002|2003|2004|2005|2006|2007|2008|2009|2010|2011,3,False,Nabeul
ministers,Q308017,Abdelwahab Abdallah,lat,ABDALLAH,bourguiba,Monastir,عبد الوهاب عبد الله,1987,1987|1988|1999|2000|2001|2002|2003|2004|2005|2006|2007|2008|2009|2010|2011,3,False,Monastir
ministers,Q308017,Abdelwahab Abdallah,lat,ABDALLAH,ben_ali,Monastir,عبد الوهاب عبد الله,1987,1987|1988|1999|2000|2001|2002|2003|2004|2005|2006|2007|2008|2009|2010|2011,3,False,Monastir
ministers,Q3123068,Général Rustum,lat,RUSTUM,,,الجنرال رستم,,,3,False,
ministers,Q3125288,Habib Ammar,lat,AMMAR,bourguiba,Sousse,الحبيب عمار,1987,1987|1988|1989|1990|1991|1992|1993|1994|1995|1996|1997|1998|1999|2020|2021,2,False,Sousse
ministers,Q3125288,Habib Ammar,lat,AMMAR,ben_ali,Sousse,الحبيب عمار,1987,1987|1988|1989|1990|1991|1992|1993|1994|1995|1996|1997|1998|1999|2020|2021,2,False,Sousse
ministers,Q3125288,Habib Ammar,lat,AMMAR,second_republic,Sousse,الحبيب عمار,1987,1987|1988|1989|1990|1991|1992|1993|1994|1995|1996|1997|1998|1999|2020|2021,2,False,Sousse
ministers,Q3125297,Habib Djellouli,lat,DJELLOULI,protectorate,Tunis,الحبيب الجلولي,1943,1943|1944|1945|1946|1947,3,False,Tunis
ministers,Q3125299,Habib Ben Yahia,lat,BEN YAHIA|YAHIA,ben_ali,Tunis,الحبيب بن يحيى,1988,1988|1989|1990|1991|1992|1993|1994|1995|1996|1997|1998|1999|2000|2001|2002|2003|2004|2005|2006|2007|2008|2009|2010|2011,3,False,Tunis
ministers,Q3125307,Habib M'barek,lat,M'BAREK,ben_ali,Gafsa,الحبيب مبارك,1999,1999|2000|2001|2002|2003|2004|2005|2006|2007|2008|2009|2010|2011,3,False,Gafsa
ministers,Q3125307,Habib M'barek,lat,M'BAREK,transition,Gafsa,الحبيب مبارك,1999,1999|2000|2001|2002|2003|2004|2005|2006|2007|2008|2009|2010|2011,3,False,Gafsa
ministers,Q3125311,Habib Essid,lat,ESSID,ben_ali,Sousse,الحبيب الصيد,1999,1999|2000|2001|2002|2003|2004|2005|2006|2007|2008|2009|2010|2011|2015|2016,0,True,Sousse
ministers,Q3125311,Habib Essid,lat,ESSID,transition,Sousse,الحبيب الصيد,1999,1999|2000|2001|2002|2003|2004|2005|2006|2007|2008|2009|2010|2011|2015|2016,0,True,Sousse
ministers,Q3125311,Habib Essid,lat,ESSID,second_republic,Sousse,الحبيب الصيد,1999,1999|2000|2001|2002|2003|2004|2005|2006|2007|2008|2009|2010|2011|2015|2016,0,True,Sousse
ministers,Q3125336,Habiba Zéhi Ben Romdhane,lat,BEN ROMDHANE|ROMDHANE,ben_ali,Gafsa,حبيبة الزاهي بن رمضان,2011,2011,3,False,Gafsa
ministers,Q3125336,Habiba Zéhi Ben Romdhane,lat,BEN ROMDHANE|ROMDHANE,transition,Gafsa,حبيبة الزاهي بن رمضان,2011,2011,3,False,Gafsa
ministers,Q3125835,Hakim Ben Hammouda,lat,BEN HAMMOUDA|HAMMOUDA,transition,Monastir,حكيم بن حمودة,2014,2014|2015,3,False,Monastir
ministers,Q3126302,Hamadi Khouini,lat,KHOUINI,ben_ali,,حمادي الخويني,1989,1989|1990|1991|1992|1993|1994|1995|1996|1997|1998|1999,5,False,
ministers,Q3128202,Hassen Belkhodja,lat,BELKHODJA,bourguiba,Bizerte,حسان بلخوجة,1969,1969|1970|1974|1975|1976|1977|1978|1979|1980|1981|1982|1983|1984|1985|1986,3,False,Bizerte
ministers,Q3128235,Hassib Ben Ammar,lat,BEN AMMAR|AMMAR,bourguiba,Tunis,حسيب بن عمار,1970,1970|1971|1972|1973|1974|1975|1976|1977|1978|1979|1980,3,False,Tunis
ministers,Q3128291,Hatem Ben Salem,lat,BEN SALEM|SALEM,ben_ali,Tunis,حاتم بن سالم,1999,1999|2000|2001|2002|2003|2004|2005|2006|2007|2008|2009|2010|2011|2016|2017|2018|2019|2020,3,False,Tunis
ministers,Q3128291,Hatem Ben Salem,lat,BEN SALEM|SALEM,second_republic,Tunis,حاتم بن سالم,1999,1999|2000|2001|2002|2003|2004|2005|2006|2007|2008|2009|2010|2011|2016|2017|2018|2019|2020,3,False,Tunis
ministers,Q313539,Béji Caïd Essebsi,lat,ESSEBSI,bourguiba,Tunis,الباجي قائد السبسي,1965,1965|1966|1967|1968|1969|1970|1980|1981|1982|1983|1984|1985|1986|1987|2011,0,True,Tunis
ministers,Q313539,Béji Caïd Essebsi,lat,ESSEBSI,ben_ali,Tunis,الباجي قائد السبسي,1965,1965|1966|1967|1968|1969|1970|1980|1981|1982|1983|1984|1985|1986|1987|2011,0,True,Tunis
ministers,Q313539,Béji Caïd Essebsi,lat,ESSEBSI,transition,Tunis,الباجي قائد السبسي,1965,1965|1966|1967|1968|1969|1970|1980|1981|1982|1983|1984|1985|1986|1987|2011,0,True,Tunis
ministers,Q3141381,Houssine Dimassi,lat,DIMASSI,ben_ali,Monastir,حسين الديماسي,2011,2011|2012|2013,3,False,Monastir
ministers,Q3141381,Houssine Dimassi,lat,DIMASSI,transition,Monastir,حسين الديماسي,2011,2011|2012|2013,3,False,Monastir
ministers,Q3143494,Hussein Khodja,lat,KHODJA,,,حسين خوجة,,,0,True,
ministers,Q3144577,Hédi Ben Abbès,lat,BEN ABBES|ABBES,transition,Béja,الهادي بن عباس,2011,2011|2012|2013,5,False,Béja
ministers,Q3144591,Hédi Khefacha,lat,KHEFACHA,bourguiba,Monastir,الهادي خفشة,1958,1958|1959|1960|1961|1962|1963|1964|1965|1966|1967|1968|1969|1970|1971|1972|1973|1974|1975|1976|1977|1978|1979|1980,3,False,Monastir
ministers,Q3144594,Hédi Lakhoua,lat,LAKHOUA,protectorate,Tunis,الهادي الأخوة,1932,1932|1933|1934|1935|1936|1937|1938|1939|1940|1941|1942,0,True,Tunis
ministers,Q3160736,Jallouli Farès,lat,FARES,protectorate,Gabès,الجلولي فارس,1954,1954|1955|1956,3,False,Gabès
ministers,Q3160736,Jallouli Farès,lat,FARES,protectorate_end,Gabès,الجلولي فارس,1954,1954|1955|1956,3,False,Gabès
ministers,Q3160876,Jameleddine Gharbi,lat,GHARBI,ben_ali,Jendouba,جمال الدين الغربي,2011,2011|2012|2013,3,False,Jendouba
ministers,Q3160876,Jameleddine Gharbi,lat,GHARBI,transition,Jendouba,جمال الدين الغربي,2011,2011|2012|2013,3,False,Jendouba
ministers,Q3192369,Kamel Jendoubi,lat,JENDOUBI,second_republic,Tunis,كمال الجندوبي,2015,2015|2016,3,False,Tunis
ministers,Q3192376,Kamel Omrane,lat,OMRANE,ben_ali,Tunis,كمال عمران,1999,1999|2000|2001|2002|2003|2004|2005|2006|2007|2008|2009|2010|2011,3,False,Tunis
ministers,Q3196042,Khalil Zaouia,lat,ZAOUIA,ben_ali,Tunis,خليل الزاوية,2011,2011|2012|2013|2014,3,False,Tunis
ministers,Q3196042,Khalil Zaouia,lat,ZAOUIA,transition,Tunis,خليل الزاوية,2011,2011|2012|2013|2014,3,False,Tunis
ministers,Q3196139,Khelil Bouhageb,lat,BOUHAGEB,protectorate,Tunis,خليل بوحاجب,1926,1926|1927|1928|1929|1930|1931|1932,0,True,Tunis
ministers,Q3196140,Khemaies Jhinaoui,lat,JHINAOUI,second_republic,Kairouan,خميس الجهيناوي,2015,2015|2016|2017|2018|2019|2020,3,False,Kairouan
ministers,Q3216753,Lamine Chebbi,lat,CHEBBI,monarchy,Gabès,محمد الأمين الشابي,1956,1956|1957|1958|1959|1960|1961|1962|1963|1964|1965|1966|1967|1968|1969,3,False,Gabès
ministers,Q3216753,Lamine Chebbi,lat,CHEBBI,bourguiba,Gabès,محمد الأمين الشابي,1956,1956|1957|1958|1959|1960|1961|1962|1963|1964|1965|1966|1967|1968|1969,3,False,Gabès
ministers,Q3216760,Lamine Moulahi,lat,MOULAHI,transition,Kasserine,الأمين المولاهي,2011,2011,5,False,Kasserine
ministers,Q3217980,Laroussi Mizouri,lat,MIZOURI,ben_ali,Nabeul,العروسي الميزوري,2011,2011,3,False,Nabeul
ministers,Q3217980,Laroussi Mizouri,lat,MIZOURI,transition,Nabeul,العروسي الميزوري,2011,2011,3,False,Nabeul
ministers,Q3220051,Lazhar Akremi,lat,AKREMI,ben_ali,Gafsa,لزهر العكرمي,2011,2011|2015|2016,3,False,Gafsa
ministers,Q3220051,Lazhar Akremi,lat,AKREMI,second_republic,Gafsa,لزهر العكرمي,2011,2011|2015|2016,3,False,Gafsa
ministers,Q3220052,Lazhar Bououni,lat,BOUOUNI,ben_ali,Gafsa,الأزهر بوعوني,1999,1999|2000|2001|2002|2003|2004|2005|2006|2007|2008|2009|2010|2011,3,False,Gafsa
ministers,Q3240795,Lilia Labidi,lat,LABIDI,ben_ali,Ben Arous,ليليا العبيدي,2011,2011,3,False,Ben Arous
ministers,Q3240795,Lilia Labidi,lat,LABIDI,transition,Ben Arous,ليليا العبيدي,2011,2011,3,False,Ben Arous
ministers,Q3257623,Lobna Jribi,lat,JRIBI,second_republic,Tunis,لبنى الجريبي,2020,2020,3,False,Tunis
ministers,Q327007,Mohamed Ben Ahmed Abdelghani,lat,ABDELGHANI,ben_ali,,محمد بن أحمد عبد الغني,1989,1989|1990|1991|1992|1993|1994|1995|1996|1997|1998|1999,5,False,
ministers,Q3272346,M'hammed Djellouli,lat,DJELLOULI,protectorate,Tunis,محمد الجلولي,1907,1907|1908,0,True,Tunis
ministers,Q3277799,Mahmoud El Materi,lat,EL MATERI|MATERI,protectorate,Tunis,محمود الماطري,1943,1943|1950|1951|1952|1956|1957,3,False,Tunis
ministers,Q3277799,Mahmoud El Materi,lat,EL MATERI|MATERI,monarchy,Tunis,محمود الماطري,1943,1943|1950|1951|1952|1956|1957,3,False,Tunis
ministers,Q3277819,Mahmoud Mestiri,lat,MESTIRI,bourguiba,Tunis,محمود المستيري,1981,1981|1982|1983|1984|1985|1986|1987|1988,3,False,Tunis
ministers,Q3277819,Mahmoud Mestiri,lat,MESTIRI,ben_ali,Tunis,محمود المستيري,1981,1981|1982|1983|1984|1985|1986|1987|1988,3,False,Tunis
ministers,Q3286574,Mansour Skhiri,lat,SKHIRI,bourguiba,Monastir,منصور السخيري,1986,1986|1987,3,False,Monastir
ministers,Q3304500,Mehdi Houas,lat,HOUAS,ben_ali,,مهدي حواص,2011,2011,3,False,
ministers,Q3304500,Mehdi Houas,lat,HOUAS,transition,,مهدي حواص,2011,2011,3,False,
ministers,Q3304511,Mehdi Mabrouk,lat,MABROUK,ben_ali,Mahdia,مهدي مبروك,2011,2011|2012|2013|2014,3,False,Mahdia
ministers,Q3304511,Mehdi Mabrouk,lat,MABROUK,transition,Mahdia,مهدي مبروك,2011,2011|2012|2013|2014,3,False,Mahdia
ministers,Q3318290,Mohamed Abdelaziz Djaït,lat,DJAIT,protectorate,Tunis,محمد عبد العزيز جعيط,1947,1947|1948|1949|1950,3,False,Tunis
ministers,Q3318297,Mohamed Abbou,lat,ABBOU,transition,Tunis,محمد عبو,2011,2011|2012|2013|2020,2,False,Tunis
ministers,Q3318297,Mohamed Abbou,lat,ABBOU,second_republic,Tunis,محمد عبو,2011,2011|2012|2013|2020,2,False,Tunis
ministers,Q3318311,Mohamed Agrebi,lat,AGREBI,ben_ali,Nabeul,محمد العقربي,1999,1999|2000|2001|2002|2003|2004|2005|2006|2007|2008|2009|2010|2011,3,False,Nabeul
ministers,Q3318336,Mohamed Ali Ganzoui,lat,GANZOUI,ben_ali,Kasserine,محمد علي القنزوعي,1989,1989|1990|1991|1992|1993|1994|1995|1996|1997|1998|1999|2000|2001|2002|2003|2004|2005|2006|2007|2008|2009|2010|2011,5,False,Kasserine
ministers,Q3318356,Mohamed Aloulou,lat,ALOULOU,ben_ali,Gabès,محمد علولو,2011,2011,3,False,Gabès
ministers,Q3318356,Mohamed Aloulou,lat,ALOULOU,transition,Gabès,محمد علولو,2011,2011,3,False,Gabès
ministers,Q3318362,Mohamed Ammour,lat,AMMOUR,ben_ali,,محمد عمور,1999,1999|2000|2001|2002|2003|2004|2005|2006|2007|2008|2009|2010|2011,5,False,
ministers,Q3318375,Mohamed Baccouche,lat,BACCOUCHE,,Nabeul,محمد بكوش,,,3,False,Nabeul
ministers,Q3318419,Mohamed Ben Salem (1953),lat,BEN SALEM|SALEM,protectorate,Zaghouan,محمد بن سالم,1950,1950|1951|1952|1954|2011|2012|2013|2014,3,False,Zaghouan
ministers,Q3318419,Mohamed Ben Salem (1953),lat,BEN SALEM|SALEM,ben_ali,Zaghouan,محمد بن سالم,1950,1950|1951|1952|1954|2011|2012|2013|2014,3,False,Zaghouan
ministers,Q3318419,Mohamed Ben Salem (1953),lat,BEN SALEM|SALEM,transition,Zaghouan,محمد بن سالم,1950,1950|1951|1952|1954|2011|2012|2013|2014,3,False,Zaghouan
ministers,Q3318465,Mohamed Béji Ben Mami,lat,BEN MAMI|MAMI,ben_ali,Tunis,محمد الباجي بن مامي,2011,2011|2012|2013,3,False,Tunis
ministers,Q3318475,Mohamed Charfi,lat,CHARFI,ben_ali,Sfax,محمد الشرفي,1989,1989|1990|1991|1992|1993|1994|1995|1996|1997|1998|1999,3,False,Sfax
ministers,Q3318509,Mohamed El Aziz Ben Achour,lat,BEN ACHOUR|ACHOUR,ben_ali,Tunis,محمد العزيز بن عاشور,1999,1999|2000|2001|2002|2003|2004|2005|2006|2007|2008|2009|2010|2011,3,False,Tunis
ministers,Q3318530,Mohamed Ennaceur,lat,ENNACEUR,bourguiba,Mahdia,محمد الناصر,1974,1974|1975|1976|1977|1979|1980|1981|1982|1983|1984|1985|1999|2000|2001|2002|2003|2004|2005|2006|2007|2008|2009|2010|2011,3,False,Mahdia
ministers,Q3318530,Mohamed Ennaceur,lat,ENNACEUR,ben_ali,Mahdia,محمد الناصر,1974,1974|1975|1976|1977|1979|1980|1981|1982|1983|1984|1985|1999|2000|2001|2002|2003|2004|2005|2006|2007|2008|2009|2010|2011,3,False,Mahdia
ministers,Q3318530,Mohamed Ennaceur,lat,ENNACEUR,transition,Mahdia,محمد الناصر,1974,1974|1975|1976|1977|1979|1980|1981|1982|1983|1984|1985|1999|2000|2001|2002|2003|2004|2005|2006|2007|2008|2009|2010|2011,3,False,Mahdia
ministers,Q3318545,Mohamed Fitouri,lat,FITOURI,bourguiba,Kairouan,محمد الفيتوري,1970,1970|1971|1972|1973|1974|1975|1976|1977|1978|1979|1980,3,False,Kairouan
ministers,Q3318622,Mohamed Jegham,lat,JEGHAM,ben_ali,Sousse,محمد جغام,1988,1988|1989|1990|1991|1992|1993|1994|1995|1996|1997|1998|1999|2000|2001|2002|2003|2004|2005|2006|2007|2008|2009|2010|2011,3,False,Sousse
ministers,Q3318622,Mohamed Jegham,lat,JEGHAM,transition,Sousse,محمد جغام,1988,1988|1989|1990|1991|1992|1993|1994|1995|1996|1997|1998|1999|2000|2001|2002|2003|2004|2005|2006|2007|2008|2009|2010|2011,3,False,Sousse
ministers,Q3318652,Mohamed Lamine Chakhari,lat,CHAKHARI,ben_ali,Kasserine,محمد الأمين الشخاري,2011,2011|2012|2013,3,False,Kasserine
ministers,Q3318652,Mohamed Lamine Chakhari,lat,CHAKHARI,transition,Kasserine,محمد الأمين الشخاري,2011,2011|2012|2013,3,False,Kasserine
ministers,Q3318702,Mohamed Mehdi Mlika,lat,MLIKA,ben_ali,Monastir,محمد مهدي مليكة,1989,1989|1990|1991|1992|1993|1994|1995|1996|1997|1998|1999,3,False,Monastir
ministers,Q3318731,Mohamed Naceur,lat,NACEUR,ben_ali,Nabeul,محمد ناصر عمار,2010,2010|2011,3,False,Nabeul
ministers,Q3318757,Mohamed Nouri Jouini,lat,JOUINI,ben_ali,Tunis,محمد النوري الجويني,1999,1999|2000|2001|2002|2003|2004|2005|2006|2007|2008|2009|2010|2011,3,False,Tunis
ministers,Q3318774,Mohamed Ridha Farès,lat,FARES,ben_ali,Nabeul,محمد رضا فارس,2011,2011,3,False,Nabeul
ministers,Q3318774,Mohamed Ridha Farès,lat,FARES,transition,Nabeul,محمد رضا فارس,2011,2011,3,False,Nabeul
ministers,Q3318781,Mohamed Salah Ben Aïssa,lat,BEN AISSA|AISSA,second_republic,Tunis,محمد صالح بن عيسى,2015,2015|2016,3,False,Tunis
ministers,Q3318797,Mohamed Salah Mzali,lat,MZALI,protectorate,Monastir,محمد الصالح مزالي,1953,1953|1954,0,True,Monastir
ministers,Q3318800,Mohamed Salmane,lat,SALMANE,ben_ali,Nabeul,محمد سلمان,2011,2011|2012|2013|2014,3,False,Nabeul
ministers,Q3318800,Mohamed Salmane,lat,SALMANE,transition,Nabeul,محمد سلمان,2011,2011|2012|2013|2014,3,False,Nabeul
ministers,Q3319007,Mohammed Aziz Bouattour,lat,BOUATTOUR,protectorate,Tunis,محمد العزيز بوعتور,1882,1882|1883|1884|1885|1886|1887|1888|1889|1890|1891|1892|1893|1894|1895|1896|1897|1898|1899|1900|1901|1902|1903|1904|1905|1906|1907,0,True,Tunis
ministers,Q3319036,Mohammed Khaznadar,lat,KHAZNADAR,beylical,,محمد خزندار,1877,1877|1878|1881|1882,0,True,
ministers,Q3319036,Mohammed Khaznadar,lat,KHAZNADAR,protectorate,,محمد خزندار,1877,1877|1878|1881|1882,0,True,
ministers,Q3319366,Mokhtar Jallali,lat,JALLALI,ben_ali,,مختار الجلالي,2011,2011,3,False,
ministers,Q3319366,Mokhtar Jallali,lat,JALLALI,transition,,مختار الجلالي,2011,2011,3,False,
ministers,Q3320424,Moncef Bel Hadj Amor,lat,BEL AMOR|AMOR,bourguiba,Nabeul,منصف بلحاج عمر,1980,1980|1981|1982|1983|1984|1985|1986,3,False,Nabeul
ministers,Q3320430,Moncef Belkhodja,lat,BELKHODJA,bourguiba,,منصف بلخوجة,1980,1980|1981|1982|1983|1984|1985|1986,3,False,
ministers,Q3320435,Moncef Ben Salem,lat,BEN SALEM|SALEM,ben_ali,Sfax,المنصف بن سالم,2011,2011|2012|2013|2014,3,False,Sfax
ministers,Q3320435,Moncef Ben Salem,lat,BEN SALEM|SALEM,transition,Sfax,المنصف بن سالم,2011,2011|2012|2013|2014,3,False,Sfax
ministers,Q3320454,Moncer Rouissi,lat,ROUISSI,ben_ali,Tozeur,منصر الرويسي,1989,1989|1990|1991|1992|1993|1994|1995|1996|1997|1998|1999|2000|2001|2002|2003|2004|2005|2006|2007|2008|2009|2010|2011,3,False,Tozeur
ministers,Q3320454,Moncer Rouissi,lat,ROUISSI,transition,Tozeur,منصر الرويسي,1989,1989|1990|1991|1992|1993|1994|1995|1996|1997|1998|1999|2000|2001|2002|2003|2004|2005|2006|2007|2008|2009|2010|2011,3,False,Tozeur
ministers,Q3320538,Mondher Ben Ammar,lat,BEN AMMAR|AMMAR,bourguiba,Tunis,المنذر بن عمار,1961,1961|1962|1963|1964|1965|1966|1967|1968|1969|1970,3,False,Tunis
ministers,Q3320544,Mondher Zenaidi,lat,ZENAIDI,bourguiba,Tunis,المنذر الزنايدي,1987,1987|1988|1989|1990|1991|1992|1993|1994|1995|1996|1997|1998|1999|2000|2001|2002|2003|2004|2005|2006|2007|2008|2009|2010|2011,3,False,Tunis
ministers,Q3320544,Mondher Zenaidi,lat,ZENAIDI,ben_ali,Tunis,المنذر الزنايدي,1987,1987|1988|1989|1990|1991|1992|1993|1994|1995|1996|1997|1998|1999|2000|2001|2002|2003|2004|2005|2006|2007|2008|2009|2010|2011,3,False,Tunis
ministers,Q3320644,Mongi Ben Hamida,lat,BEN HAMIDA|HAMIDA,bourguiba,Nabeul,المنجي بن حميدة,1977,1977|1978|1979|1980,3,False,Nabeul
ministers,Q3320646,Mongi Bousnina,lat,BOUSNINA,ben_ali,,المنجي بوسنينة,1989,1989|1990|1991|1992|1993|1994|1995|1996|1997|1998|1999,3,False,
ministers,Q3320650,Mongi Kooli,lat,KOOLI,bourguiba,Monastir,منجي الكعلي,1974,1974|1975|1976|1977|1978|1979|1980|1981|1982|1983|1984|1985|1986,3,False,Monastir
ministers,Q3320655,Mongi Marzouk,lat,MARZOUK,ben_ali,Gabès,منجي مرزوق,2011,2011|2012|2013|2014|2015|2016|2020,3,False,Gabès
ministers,Q3320655,Mongi Marzouk,lat,MARZOUK,transition,Gabès,منجي مرزوق,2011,2011|2012|2013|2014|2015|2016|2020,3,False,Gabès
ministers,Q3320655,Mongi Marzouk,lat,MARZOUK,second_republic,Gabès,منجي مرزوق,2011,2011|2012|2013|2014|2015|2016|2020,3,False,Gabès
ministers,Q3326203,Moussa El Kadhem Ben Achour,lat,BEN ACHOUR|ACHOUR,protectorate,Tunis,موسى الكاظم بن عاشور,1954,1954|1955|1956,3,False,Tunis
ministers,Q3326203,Moussa El Kadhem Ben Achour,lat,BEN ACHOUR|ACHOUR,protectorate_end,Tunis,موسى الكاظم بن عاشور,1954,1954|1955|1956,3,False,Tunis
ministers,Q3326348,Moustapha Khodja,lat,KHODJA,,,مصطفى خوجة,,,0,True,
ministers,Q3328917,Mustapha Ben Ismaïl,lat,BEN ISMAIL|ISMAIL,beylical,Bizerte,مصطفى بن إسماعيل,1878,1878|1879|1880|1881,0,True,Bizerte
ministers,Q3328933,Mustapha Dinguizli,lat,DINGUIZLI,protectorate,Tunis,مصطفى الدنقزلي,1922,1922|1923|1924|1925|1926,0,True,Tunis
ministers,Q3328946,Mustapha Filali,lat,FILALI,monarchy,Kairouan,مصطفى الفيلالي,1956,1956|1957|1958|1959|1960|1961|1962|1963|1964|1965|1966|1967|1968|1969,3,False,Kairouan
ministers,Q3328946,Mustapha Filali,lat,FILALI,bourguiba,Kairouan,مصطفى الفيلالي,1956,1956|1957|1958|1959|1960|1961|1962|1963|1964|1965|1966|1967|1968|1969,3,False,Kairouan
ministers,Q3328947,Mustapha Kaak,lat,KAAK,protectorate,Tunis,مصطفى الكعاك,1947,1947|1948|1949|1950,0,True,Tunis
ministers,Q3328959,Mustapha Kamel Nabli,lat,NABLI,ben_ali,Monastir,مصطفى كمال النابلي,1989,1989|1990|1991|1992|1993|1994|1995|1996|1997|1998|1999|2000|2001|2002|2003|2004|2005|2006|2007|2008|2009|2010|2011|2012,3,False,Monastir
ministers,Q3328959,Mustapha Kamel Nabli,lat,NABLI,transition,Monastir,مصطفى كمال النابلي,1989,1989|1990|1991|1992|1993|1994|1995|1996|1997|1998|1999|2000|2001|2002|2003|2004|2005|2006|2007|2008|2009|2010|2011|2012,3,False,Monastir
ministers,Q3328983,Mustapha Saheb Ettabaâ,lat,ETTABAA,beylical,,مصطفى صاحب الطابع,1835,1835|1836|1837|1838|1839|1840|1841|1842|1843|1844|1845|1846|1847|1848|1849|1850|1851|1852|1853|1854|1855,0,True,
ministers,Q3331012,Abdelmajid Chaker,lat,CHAKER,bourguiba,Sfax,عبد المجيد شاكر,1962,1962|1963|1964|1965|1966|1967|1968|1969,3,False,Sfax
ministers,Q3331032,Amor Chadli,lat,CHADLI,bourguiba,Monastir,عمر الشاذلي,1986,1986|1987,3,False,Monastir
ministers,Q3333020,Mémia El Benna,lat,EL BENNA|BENNA,transition,Tunis,مامية البنا,2011,2011|2012|2013,3,False,Tunis
ministers,Q3334747,Naceur El Gharbi,lat,EL GHARBI|GHARBI,ben_ali,Kairouan,الناصر الغربي,1999,1999|2000|2001|2002|2003|2004|2005|2006|2007|2008|2009|2010|2011,3,False,Kairouan
ministers,Q3334747,Naceur El Gharbi,lat,EL GHARBI|GHARBI,transition,Kairouan,الناصر الغربي,1999,1999|2000|2001|2002|2003|2004|2005|2006|2007|2008|2009|2010|2011,3,False,Kairouan
ministers,Q3334855,Nadhir Hamada,lat,HAMADA,ben_ali,,نذير حمادة,1999,1999|2000|2001|2002|2003|2004|2005|2006|2007|2008|2009|2010|2011,3,False,
ministers,Q3337614,Nebiha Gueddana,lat,GUEDDANA,ben_ali,Tunis,نبيهة قدانة,1989,1989|1990|1991|1992|1993|1994|1995|1996|1997|1998|1999,3,False,Tunis
ministers,Q3344886,Noureddine Hached,lat,HACHED,bourguiba,Sfax,نور الدين حشاد,1985,1985|1986,3,False,Sfax
ministers,Q3344889,Noureddine El Khademi,lat,EL KHADEMI|KHADEMI,ben_ali,Kasserine,نور الدين الخادمي,2011,2011|2012|2013|2014,3,False,Kasserine
ministers,Q3344889,Noureddine El Khademi,lat,EL KHADEMI|KHADEMI,transition,Kasserine,نور الدين الخادمي,2011,2011|2012|2013|2014,3,False,Kasserine
ministers,Q3347261,Néziha Zarrouk,lat,ZARROUK,ben_ali,Monastir,نزيهة زروق,1989,1989|1990|1991|1992|1993|1994|1995|1996|1997|1998|1999|2000|2001|2002|2003|2004|2005|2006|2007|2008|2009|2010|2011,3,False,Monastir
ministers,Q3357601,Othman Kechrid,lat,KECHRID,bourguiba,Kairouan,عثمان كشريد,1977,1977|1978|1979|1980,3,False,Kairouan
ministers,Q3358533,Oussama Romdhani,lat,ROMDHANI,ben_ali,Gabès,أسامة الرمضاني,1999,1999|2000|2001|2002|2003|2004|2005|2006|2007|2008|2009|2010|2011,3,False,Gabès
ministers,Q3417300,Rafaâ Dekhil,lat,DEKHIL,ben_ali,Bizerte,رافع دخيل,1999,1999|2000|2001|2002|2003|2004|2005|2006|2007|2008|2009|2010|2011,3,False,Bizerte
ministers,Q3417419,Rafik Belhaj Kacem,lat,KACEM,ben_ali,Béja,رفيق بالحاج قاسم,1989,1989|1990|1991|1992|1993|1994|1995|1996|1997|1998|1999|2000|2001|2002|2003|2004|2005|2006|2007|2008|2009|2010|2011,3,False,Béja
ministers,Q3417420,Rafik Abdessalem,lat,ABDESSALEM,ben_ali,Gabès,رفيق عبد السلام,2011,2011|2012|2013,3,False,Gabès
ministers,Q3417420,Rafik Abdessalem,lat,ABDESSALEM,transition,Gabès,رفيق عبد السلام,2011,2011|2012|2013,3,False,Gabès
ministers,Q3417449,Rafâa Ben Achour,lat,BEN ACHOUR|ACHOUR,ben_ali,Tunis,رافع بن عاشور,1999,1999|2000|2001|2002|2003|2004|2005|2006|2007|2008|2009|2010|2011,3,False,Tunis
ministers,Q3417449,Rafâa Ben Achour,lat,BEN ACHOUR|ACHOUR,transition,Tunis,رافع بن عاشور,1999,1999|2000|2001|2002|2003|2004|2005|2006|2007|2008|2009|2010|2011,3,False,Tunis
ministers,Q3423310,Refâat Chaâbouni,lat,CHAABOUNI,ben_ali,Ben Arous,رفعت الشعبوني,1999,1999|2000|2001|2002|2003|2004|2005|2006|2007|2008|2009|2010|2011,3,False,Ben Arous
ministers,Q3423310,Refâat Chaâbouni,lat,CHAABOUNI,transition,Ben Arous,رفعت الشعبوني,1999,1999|2000|2001|2002|2003|2004|2005|2006|2007|2008|2009|2010|2011,3,False,Ben Arous
ministers,Q3430010,Riadh Bettaieb,lat,BETTAIEB,transition,Médenine,رياض بالطيب,2011,2011|2012|2013,3,False,Médenine
ministers,Q3431734,Ridha Belhaj,lat,BELHAJ,transition,Tunis,رضا بالحاج,2011,2011,6,False,Tunis
ministers,Q3431735,Ridha Ben Mosbah,lat,BEN MOSBAH|MOSBAH,ben_ali,Monastir,رضا بن مصباح,1999,1999|2000|2001|2002|2003|2004|2005|2006|2007|2008|2009|2010|2011|2020|2021,3,False,Monastir
ministers,Q3431735,Ridha Ben Mosbah,lat,BEN MOSBAH|MOSBAH,second_republic,Monastir,رضا بن مصباح,1999,1999|2000|2001|2002|2003|2004|2005|2006|2007|2008|2009|2010|2011|2020|2021,3,False,Monastir
ministers,Q3431740,Ridha Chalghoum,lat,CHALGHOUM,ben_ali,Gafsa,رضا شلغوم,1999,1999|2000|2001|2002|2003|2004|2005|2006|2007|2008|2009|2010|2011|2016|2017|2018|2019|2020|2021,3,False,Gafsa
ministers,Q3431740,Ridha Chalghoum,lat,CHALGHOUM,second_republic,Gafsa,رضا شلغوم,1999,1999|2000|2001|2002|2003|2004|2005|2006|2007|2008|2009|2010|2011|2016|2017|2018|2019|2020|2021,3,False,Gafsa
ministers,Q3431743,Ridha Grira,lat,GRIRA,ben_ali,Sousse,رضا قريرة,1989,1989|1990|1991|1992|1993|1994|1995|1996|1997|1998|1999|2000|2001|2002|2003|2004|2005|2006|2007|2008|2009|2010|2011,3,False,Sousse
ministers,Q3431745,Ridha Touiti,lat,TOUITI,ben_ali,Gabès,رضا التويتي,1999,1999|2000|2001|2002|2003|2004|2005|2006|2007|2008|2009|2010|2011,3,False,Gabès
ministers,Q3431747,Ridha Saïdi,lat,SAIDI,transition,Bizerte,رضا السعيدي,2011,2011|2012|2013|2014,3,False,Bizerte
ministers,Q3461164,Sadok Ben Jemâa,lat,BEN JEMAA|JEMAA,bourguiba,Médenine,الصادق بن جمعة,1969,1969|1970|1971|1972|1973|1974|1975|1976|1977|1978|1979|1980|1981|1982|1983|1984|1985|1986|1987|1988,3,False,Médenine
ministers,Q3461164,Sadok Ben Jemâa,lat,BEN JEMAA|JEMAA,ben_ali,Médenine,الصادق بن جمعة,1969,1969|1970|1971|1972|1973|1974|1975|1976|1977|1978|1979|1980|1981|1982|1983|1984|1985|1986|1987|1988,3,False,Médenine
ministers,Q3461169,Sadok Chaâbane,lat,CHAABANE,ben_ali,Sfax,الصادق شعبان,1989,1989|1990|1991|1992|1993|1994|1995|1996|1997|1998|1999|2000|2001|2002|2003|2004|2005|2006|2007|2008|2009|2010|2011,3,False,Sfax
ministers,Q3461176,Sadok Mokaddem,lat,MOKADDEM,protectorate,Tunis,الصادق المقدم,1954,1954|1955|1956|1957|1958|1959|1960|1961|1962|1963|1964|1965|1966|1967|1968|1969,3,False,Tunis
ministers,Q3461176,Sadok Mokaddem,lat,MOKADDEM,protectorate_end,Tunis,الصادق المقدم,1954,1954|1955|1956|1957|1958|1959|1960|1961|1962|1963|1964|1965|1966|1967|1968|1969,3,False,Tunis
ministers,Q3461176,Sadok Mokaddem,lat,MOKADDEM,bourguiba,Tunis,الصادق المقدم,1954,1954|1955|1956|1957|1958|1959|1960|1961|1962|1963|1964|1965|1966|1967|1968|1969,3,False,Tunis
ministers,Q3469530,Salah Farhat,lat,FARHAT,protectorate,Manouba,صالح فرحات,1943,1943,3,False,Manouba
ministers,Q3469690,Salem Miladi,lat,MILADI,ben_ali,Sfax,سالم الميلادي,2011,2011,3,False,Sfax
ministers,Q3469690,Salem Miladi,lat,MILADI,transition,Sfax,سالم الميلادي,2011,2011,3,False,Sfax
ministers,Q3469772,Salim Ben Hamidane,lat,BEN HAMIDANE|HAMIDANE,ben_ali,Médenine,سليم بن حميدان,2011,2011|2012|2013|2014,3,False,Médenine
ministers,Q3469772,Salim Ben Hamidane,lat,BEN HAMIDANE|HAMIDANE,transition,Médenine,سليم بن حميدان,2011,2011|2012|2013|2014,3,False,Médenine
ministers,Q3470003,Salma Hédia Mabrouk,lat,MABROUK,bourguiba,Tunis,سلمى مبروك,1987,1987,3,False,Tunis
ministers,Q3470837,Samir Dilou,lat,DILOU,ben_ali,Tunis,سمير ديلو,2011,2011|2012|2013|2014,3,False,Tunis
ministers,Q3470837,Samir Dilou,lat,DILOU,transition,Tunis,سمير ديلو,2011,2011|2012|2013|2014,3,False,Tunis
ministers,Q3470845,Samir Lâabidi,lat,LAABIDI,ben_ali,Gafsa,سمير العبيدي,1999,1999|2000|2001|2002|2003|2004|2005|2006|2007|2008|2009|2010|2011,3,False,Gafsa
ministers,Q3470847,Samir Taïeb,lat,TAIEB,second_republic,Tunis,سمير الطيب,2016,2016|2017|2018|2019|2020,3,False,Tunis
ministers,Q3470859,Samira Merai,lat,MERAI,second_republic,Médenine,سميرة مرعي,2015,2015|2016|2017|2018|2019|2020,3,False,Médenine
ministers,Q3473691,Sarra Kanoun Jarraya,lat,JARRAYA,ben_ali,Sfax,سارة كانون الجراية,1999,1999|2000|2001|2002|2003|2004|2005|2006|2007|2008|2009|2010|2011,3,False,Sfax
ministers,Q3474776,Saïd Aïdi,lat,AIDI,ben_ali,,سعيد العايدي,2011,2011|2015|2016,3,False,
ministers,Q3474776,Saïd Aïdi,lat,AIDI,transition,,سعيد العايدي,2011,2011|2015|2016,3,False,
ministers,Q3474776,Saïd Aïdi,lat,AIDI,second_republic,,سعيد العايدي,2011,2011|2015|2016,3,False,
ministers,Q3483754,Sihem Badi,lat,BADI,ben_ali,Tozeur,سهام بادي,2011,2011|2012|2013|2014,3,False,Tozeur
ministers,Q3483754,Sihem Badi,lat,BADI,transition,Tozeur,سهام بادي,2011,2011|2012|2013|2014,3,False,Tozeur
ministers,Q3486507,Slaheddine Bouguerra,lat,BOUGUERRA,ben_ali,Kairouan,صلاح الدين بوقرة,1989,1989|1990|1991|1992|1993|1994|1995|1996|1997|1998|1999,3,False,Kairouan
ministers,Q3486509,Slaheddine Baccouche,lat,BACCOUCHE,protectorate,Tunis,صلاح الدين البكوش,1943,1943|1944|1945|1946|1947|1952|1953|1954,0,True,Tunis
ministers,Q3486512,Slaheddine Sellami,lat,SELLAMI,ben_ali,Sfax,صلاح الدين السلامي,2011,2011,3,False,Sfax
ministers,Q3486512,Slaheddine Sellami,lat,SELLAMI,transition,Sfax,صلاح الدين السلامي,2011,2011,3,False,Sfax
ministers,Q3486513,Slaheddine Malouche,lat,MALOUCHE,ben_ali,Kairouan,صلاح الدين مالوش,1999,1999|2000|2001|2002|2003|2004|2005|2006|2007|2008|2009|2010|2011,3,False,Kairouan
ministers,Q3486513,Slaheddine Malouche,lat,MALOUCHE,transition,Kairouan,صلاح الدين مالوش,1999,1999|2000|2001|2002|2003|2004|2005|2006|2007|2008|2009|2010|2011,3,False,Kairouan
ministers,Q3486675,Slim Besbes,lat,BESBES,transition,Tunis,سليم بسباس,2011,2011|2012|2013,3,False,Tunis
ministers,Q3486677,Slim Chaker,lat,CHAKER,ben_ali,Sfax,سليم شاكر,2011,2011|2015|2016|2017|2018|2019|2020,3,False,Sfax
ministers,Q3486677,Slim Chaker,lat,CHAKER,transition,Sfax,سليم شاكر,2011,2011|2015|2016|2017|2018|2019|2020,3,False,Sfax
ministers,Q3486677,Slim Chaker,lat,CHAKER,second_republic,Sfax,سليم شاكر,2011,2011|2015|2016|2017|2018|2019|2020,3,False,Sfax
ministers,Q3486689,Slim Tlatli,lat,TLATLI,ben_ali,,سليم تلاتلي,1999,1999|2000|2001|2002|2003|2004|2005|2006|2007|2008|2009|2010|2011,3,False,
ministers,Q3486705,Slimane Ourak,lat,OURAK,ben_ali,Tunis,سليمان ورق,1999,1999|2000|2001|2002|2003|2004|2005|2006|2007|2008|2009|2010|2011,3,False,Tunis
ministers,Q3490439,Sonia M'Barek,lat,M'BAREK,second_republic,Sfax,سنية مبارك,2015,2015|2016,3,False,Sfax
ministers,Q3513893,Tahar Zaouche,lat,ZAOUCHE,protectorate,Tunis,طاهر الزاوش,1954,1954|1955|1956,3,False,Tunis
ministers,Q3513893,Tahar Zaouche,lat,ZAOUCHE,protectorate_end,Tunis,طاهر الزاوش,1954,1954|1955|1956,3,False,Tunis
ministers,Q3515404,Taoufik Baccar,lat,BACCAR,ben_ali,Tataouine,توفيق بكار,1999,1999|2000|2001|2002|2003|2004|2005|2006|2007|2008|2009|2010|2011,3,False,Tataouine
ministers,Q3516539,Taïeb Hadhri,lat,HADHRI,ben_ali,Monastir,الطيب الحضري,1999,1999|2000|2001|2002|2003|2004|2005|2006|2007|2008|2009|2010|2011,3,False,Monastir
ministers,Q3516540,Taïeb Djellouli,lat,DJELLOULI,protectorate,,محمد الطيب الجلولي,1915,1915|1916|1917|1918|1919|1920|1921|1922,0,True,
ministers,Q3516543,Taïeb Mehiri,lat,MEHIRI,monarchy,Tunis,الطيب المهيري,1956,1956|1957|1958|1959|1960|1961|1962|1963|1964|1965|1966|1967|1968|1969,3,False,Tunis
ministers,Q3516543,Taïeb Mehiri,lat,MEHIRI,bourguiba,Tunis,الطيب المهيري,1956,1956|1957|1958|1959|1960|1961|1962|1963|1964|1965|1966|1967|1968|1969,3,False,Tunis
ministers,Q3571283,Yadh Ben Achour,lat,BEN ACHOUR|ACHOUR,ben_ali,Tunis,عياض بن عاشور,1999,1999|2000|2001|2002|2003|2004|2005|2006|2007|2008|2009|2010|2011,3,False,Tunis
ministers,Q3571955,Yassine Brahim,lat,BRAHIM,ben_ali,Mahdia,ياسين إبراهيم,2011,2011|2015|2016,3,False,Mahdia
ministers,Q3571955,Yassine Brahim,lat,BRAHIM,transition,Mahdia,ياسين إبراهيم,2011,2011|2015|2016,3,False,Mahdia
ministers,Q3571955,Yassine Brahim,lat,BRAHIM,second_republic,Mahdia,ياسين إبراهيم,2011,2011|2015|2016,3,False,Mahdia
ministers,Q3572935,Youssef Djaït,lat,DJAIT,protectorate,Tunis,يوسف جعيط,1908,1908|1909|1910|1911|1912|1913|1914|1915,0,True,Tunis
ministers,Q3572957,Youssef Saheb Ettabaâ,lat,ETTABAA,,,يوسف صاحب الطابع,,,0,True,
ministers,Q377921,Mohamed Mzali,lat,MZALI,protectorate,Monastir,محمد مزالي,1943,1943|1944|1945|1946|1947|1948|1949|1950|1951|1952|1954|1968|1969|1970|1971|1972|1973|1974|1975|1976|1977|1978|1979|1980|1981|1982|1983|1984|1985|1986,0,True,Monastir
ministers,Q377921,Mohamed Mzali,lat,MZALI,bourguiba,Monastir,محمد مزالي,1943,1943|1944|1945|1946|1947|1948|1949|1950|1951|1952|1954|1968|1969|1970|1971|1972|1973|1974|1975|1976|1977|1978|1979|1980|1981|1982|1983|1984|1985|1986,0,True,Monastir
ministers,Q379778,Amina Srarfi,lat,SRARFI,second_republic,Tunis,أمينة الصرارفي,2021,2021|2022|2023|2024|2025,3,False,Tunis
ministers,Q379778,Amina Srarfi,lat,SRARFI,saied_exception,Tunis,أمينة الصرارفي,2021,2021|2022|2023|2024|2025,3,False,Tunis
ministers,Q38213221,Saloua Ayachi Labben,lat,LABBEN,ben_ali,,سلوى العياشي اللبان,1999,1999|2000|2001|2002|2003|2004|2005|2006|2007|2008|2009|2010|2011,3,False,
ministers,Q38259407,Néziha Ben Yedder,lat,BEN YEDDER|YEDDER,ben_ali,,نزيهة بن يدر,1999,1999|2000|2001|2002|2003|2004|2005|2006|2007|2008|2009|2010|2011,3,False,
ministers,Q38346104,Néziha Mezhoud,lat,MEZHOUD,ben_ali,,نزيهة مزهود,1989,1989|1990|1991|1992|1993|1994|1995|1996|1997|1998|1999,3,False,
ministers,Q3951110,Ismaïl Khelil,lat,KHELIL,bourguiba,Gafsa,إسماعيل خليل,1983,1983|1984|1985|1986|1987|1988|1989|1990|1991|1992|1993|1994|1995|1996|1997|1998|1999,3,False,Gafsa
ministers,Q3951110,Ismaïl Khelil,lat,KHELIL,ben_ali,Gafsa,إسماعيل خليل,1983,1983|1984|1985|1986|1987|1988|1989|1990|1991|1992|1993|1994|1995|1996|1997|1998|1999,3,False,Gafsa
ministers,Q401426,Ahmed Ounaies,lat,OUNAIES,transition,Tunis,أحمد ونيس,2011,2011,3,False,Tunis
ministers,Q4167838,Abdelhamid Escheikh,lat,ESCHEIKH,ben_ali,Tunis,عبد الحميد الشيخ,1988,1988|1989|1990|1991|1992|1993|1994|1995|1996|1997|1998|1999,3,False,Tunis
ministers,Q42311056,Sonia Ben Cheikh,lat,BEN CHEIKH|CHEIKH,second_republic,Sfax,سنية بالشيخ,2016,2016|2017|2018|2019|2020,3,False,Sfax
ministers,Q431515,Mohamed Ghannouchi,lat,GHANNOUCHI,bourguiba,Sousse,محمد الغنوشي,1987,1987|1988|1989|1990|1991|1992|1993|1994|1995|1996|1997|1998|1999|2000|2001|2002|2003|2004|2005|2006|2007|2008|2009|2010|2011,0,True,Sousse
ministers,Q431515,Mohamed Ghannouchi,lat,GHANNOUCHI,ben_ali,Sousse,محمد الغنوشي,1987,1987|1988|1989|1990|1991|1992|1993|1994|1995|1996|1997|1998|1999|2000|2001|2002|2003|2004|2005|2006|2007|2008|2009|2010|2011,0,True,Sousse
ministers,Q431848,Moufida Tlatli,lat,TLATLI,ben_ali,Tunis,مفيدة التلاتلي,2011,2011,3,False,Tunis
ministers,Q431848,Moufida Tlatli,lat,TLATLI,transition,Tunis,مفيدة التلاتلي,2011,2011,3,False,Tunis
ministers,Q43304124,Slim Feriani,lat,FERIANI,second_republic,,سليم الفرياني,2016,2016|2017|2018|2019|2020,3,False,
ministers,Q43654658,Mustapha Masmoudi,lat,MASMOUDI,bourguiba,Sfax,مصطفى المصمودي,1974,1974|1975|1976|1977|1978|1979|1980,3,False,Sfax
ministers,Q44403762,Monia Ben Jemia,lat,BEN JEMIA|JEMIA,second_republic,,مونية بن جميع,2016,2016|2017|2018,3,False,
ministers,Q473394,Othman Battikh,lat,BATTIKH,second_republic,Tunis,عثمان بطيخ,2015,2015|2016,3,False,Tunis
ministers,Q4845531,Saâdeddine Zmerli,lat,ZMERLI,ben_ali,Tunis,سعد الدين الزمرلي,1988,1988|1989,3,False,Tunis
ministers,Q48757077,Amor Rourou,lat,ROUROU,bourguiba,Monastir,عمر رورو,1979,1979|1980,3,False,Monastir
ministers,Q495676,Tahar Ben Ammar,lat,BEN AMMAR|AMMAR,protectorate,Tunis,الطاهر بن عمار,1954,1954|1955|1956,0,True,Tunis
ministers,Q495676,Tahar Ben Ammar,lat,BEN AMMAR|AMMAR,protectorate_end,Tunis,الطاهر بن عمار,1954,1954|1955|1956,0,True,Tunis
ministers,Q495681,M'hamed Chenik,lat,CHENIK,protectorate,Tunis,محمد شنيق,1943,1943|1950|1951|1952,0,True,Tunis
ministers,Q496042,Salah Ben Youssef,lat,BEN YOUSSEF|YOUSSEF,,Médenine,صالح بن يوسف,,,3,False,Médenine
ministers,Q496165,Mahmoud Messadi,lat,MESSADI,bourguiba,Nabeul,محمود المسعدي,1958,1958|1959|1960|1961|1962|1963|1964|1965|1966|1967|1968|1969|1970|1973|1974|1975|1976|1977|1978|1979|1980,2,False,Nabeul
ministers,Q49691191,Abdelkoddous Saâdaoui,lat,SAADAOUI,second_republic,Kasserine,عبد القدوس السعداوي,2016,2016|2017|2018|2019|2020,5,False,Kasserine
ministers,Q50099224,Lotfi Brahem,lat,BRAHEM,second_republic,Sousse,لطفي براهم,2016,2016|2017|2018|2019|2020,3,False,Sousse
ministers,Q50285534,Souad Lyagoubi,lat,LYAGOUBI,bourguiba,Sousse,سعاد اليعقوبي,1983,1983|1984|1985|1986|1987|1988,3,False,Sousse
ministers,Q507856,Habib Boularès,lat,BOULARES,bourguiba,Tunis,الحبيب بولعراس,1970,1970|1971|1972|1973|1974|1975|1976|1977|1978|1979|1980|1988|1989|1990|1991|1992|1993|1994|1995|1996|1997|1998|1999,3,False,Tunis
ministers,Q507856,Habib Boularès,lat,BOULARES,ben_ali,Tunis,الحبيب بولعراس,1970,1970|1971|1972|1973|1974|1975|1976|1977|1978|1979|1980|1988|1989|1990|1991|1992|1993|1994|1995|1996|1997|1998|1999,3,False,Tunis
ministers,Q51173119,Sarra Rejeb,lat,REJEB,second_republic,Tunis,سارة رجب,2016,2016|2017|2018|2019|2020,3,False,Tunis
ministers,Q51460814,Khaled Kaddour,lat,KADDOUR,second_republic,Gafsa,خالد قدور,2016,2016|2017|2018|2019|2020,3,False,Gafsa
ministers,Q517946,Lazhar Karoui Chebbi,lat,CHEBBI,ben_ali,Tozeur,الأزهر القروي الشابي,2011,2011,3,False,Tozeur
ministers,Q517946,Lazhar Karoui Chebbi,lat,CHEBBI,transition,Tozeur,الأزهر القروي الشابي,2011,2011,3,False,Tozeur
ministers,Q52450891,Amel Moussa Belhaj,lat,BELHAJ,second_republic,,آمال بلحاج موسى,2021,2021|2022|2023|2024,3,False,
ministers,Q52450891,Amel Moussa Belhaj,lat,BELHAJ,saied_exception,,آمال بلحاج موسى,2021,2021|2022|2023|2024,3,False,
ministers,Q53015850,Marouane Abassi,lat,ABASSI,second_republic,Tunis,مروان العباسي,2018,2018|2019|2020|2021|2022|2023|2024,3,False,Tunis
ministers,Q53025434,Yosra Frawes,lat,FRAWES,second_republic,Manouba,يسرى فراويس,2018,2018|2019|2020|2021,3,False,Manouba
ministers,Q54875067,Faouzi Abderrahmane,lat,ABDERRAHMANE,second_republic,Médenine,فوزي عبد الرحمان,2016,2016|2017|2018|2019|2020,3,False,Médenine
ministers,Q54875068,Taoufik Cheikhrouhou,lat,CHEIKHROUHOU,bourguiba,,توفيق شيخ روحه,1987,1987|1988|1989|1990|1991|1992|1993|1994|1995|1996|1997|1998|1999,3,False,
ministers,Q54875068,Taoufik Cheikhrouhou,lat,CHEIKHROUHOU,ben_ali,,توفيق شيخ روحه,1987,1987|1988|1989|1990|1991|1992|1993|1994|1995|1996|1997|1998|1999,3,False,
ministers,Q54875069,Tahar Azaiez,lat,AZAIEZ,ben_ali,Gabès,الطاهر عزيز,1988,1988|1989|1990|1991|1992|1993|1994|1995|1996|1997|1998|1999,3,False,Gabès
ministers,Q54875074,Tijani Chelli,lat,CHELLI,bourguiba,Nabeul,التيجاني الشلي,1969,1969|1970|1971|1972|1973|1974|1975|1976|1977|1978|1979|1980|1987|1988,3,False,Nabeul
ministers,Q54875075,محمد رشيد كشيش,ar,كشيش,ben_ali,,محمد رشيد كشيش,1999,1999|2000|2001|2002|2003|2004|2005|2006|2007|2008|2009|2010|2011,3,False,
ministers,Q54875084,Salah Ben M'Barka,lat,BEN M'BARKA|M'BARKA,bourguiba,Sousse,صالح بن مباركة,1983,1983|1984|1985|1986|1987,3,False,Sousse
ministers,Q54875085,محمود الخياري,ar,الخياري,monarchy,,محمود الخياري,1956,1956|1957,3,False,
ministers,Q54875086,Habib Haddad,lat,HADDAD,ben_ali,,الحبيب حداد,1999,1999|2000|2001|2002|2003|2004|2005|2006|2007|2008|2009|2010|2011,3,False,
ministers,Q54875087,محمد النابلي,ar,النابلي,ben_ali,,محمد النابلي,1999,1999|2000|2001|2002|2003|2004|2005|2006|2007|2008|2009|2010|2011,3,False,
ministers,Q54875092,صالح الجبالي,ar,الجبالي,bourguiba,,صالح الجبالي,1987,1987|1989|1990|1991|1992|1993|1994|1995|1996|1997|1998|1999,3,False,
ministers,Q54875092,صالح الجبالي,ar,الجبالي,ben_ali,,صالح الجبالي,1987,1987|1989|1990|1991|1992|1993|1994|1995|1996|1997|1998|1999,3,False,
ministers,Q54875133,محمد رضا كشريد,ar,كشريد,ben_ali,,محمد رضا كشريد,1999,1999|2000|2001|2002|2003|2004|2005|2006|2007|2008|2009|2010|2011,3,False,
ministers,Q54875134,Habib Touhami,lat,TOUHAMI,bourguiba,Kébili,الحبيب التوهامي,1983,1983|1984|1985|1986,3,False,Kébili
ministers,Q54875178,Khadija Chérif,lat,CHERIF,ben_ali,Tunis,خديجة الشريف,2006,2006|2007|2008,3,False,Tunis
ministers,Q55167831,Azzouz Rebaï,lat,REBAI,monarchy,Tunis,عزوز الرباعي,1956,1956|1957,5,False,Tunis
ministers,Q55196894,Abdelmalek Laârif,lat,LAARIF,ben_ali,,عبد الملك العريف,1988,1988|1989,3,False,
ministers,Q55381692,Omar Béhi,lat,BEHI,second_republic,Tunis,عمر الباهي,2016,2016|2017|2018|2019|2020,3,False,Tunis
ministers,Q55381738,Adel Jarboui,lat,JARBOUI,second_republic,Sfax,عادل الجربوعي,2016,2016|2017|2018|2019|2020,5,False,Sfax
ministers,Q55391329,المولدي الزواوي,ar,الزواوي,ben_ali,,المولدي الزواوي,1989,1989|1990|1991|1992|1993|1994|1995|1996|1997|1998|1999,3,False,
ministers,Q55392087,Salah Baccari,lat,BACCARI,ben_ali,Sidi Bouzid,صالح البكاري,1989,1989|1990|1991|1992|1993|1994|1995|1996|1997|1998|1999,3,False,Sidi Bouzid
ministers,Q55392091,Hédi Zeghal,lat,ZEGHAL,bourguiba,,الهادي الزغل,1980,1980|1981|1982|1983|1984|1985|1986,3,False,
ministers,Q55392098,محمد كريم,ar,كريم,bourguiba,,محمد كريم,1986,1986|1987,3,False,
ministers,Q55392103,محمد سعد,ar,سعد,ben_ali,,محمد سعد,1989,1989|1990|1991|1992|1993|1994|1995|1996|1997|1998|1999,3,False,
ministers,Q55392107,المنصف بلعيد,ar,بلعيد,ben_ali,,المنصف بلعيد,1989,1989|1990|1991|1992|1993|1994|1995|1996|1997|1998|1999,3,False,
ministers,Q55999324,Taoufik Rajhi,lat,RAJHI,second_republic,Tunis,توفيق الراجحي,2016,2016|2017|2018|2019|2020,3,False,Tunis
ministers,Q56309568,Hichem Fourati,lat,FOURATI,second_republic,Tunis,هشام الفراتي,2016,2016|2017|2018|2019|2020,3,False,Tunis
ministers,Q563204,Mongi Slim,lat,SLIM,protectorate,Tunis,المنجي سليم,1954,1954|1955|1956|1957|1962|1963|1964|1966|1967|1968|1969,2,False,Tunis
ministers,Q563204,Mongi Slim,lat,SLIM,protectorate_end,Tunis,المنجي سليم,1954,1954|1955|1956|1957|1962|1963|1964|1966|1967|1968|1969,2,False,Tunis
ministers,Q563204,Mongi Slim,lat,SLIM,monarchy,Tunis,المنجي سليم,1954,1954|1955|1956|1957|1962|1963|1964|1966|1967|1968|1969,2,False,Tunis
ministers,Q563204,Mongi Slim,lat,SLIM,bourguiba,Tunis,المنجي سليم,1954,1954|1955|1956|1957|1962|1963|1964|1966|1967|1968|1969,2,False,Tunis
ministers,Q57699,Hamadi Jebali,lat,JEBALI,ben_ali,Sousse,حمادي الجبالي,2011,2011|2012|2013,0,True,Sousse
ministers,Q57699,Hamadi Jebali,lat,JEBALI,transition,Sousse,حمادي الجبالي,2011,2011|2012|2013,0,True,Sousse
ministers,Q584073,Abderrazak Kilani,lat,KILANI,transition,Tunis,عبد الرزاق الكيلاني,2011,2011|2012|2013,3,False,Tunis
ministers,Q586623,Habib Bourguiba Jr.,lat,JR,bourguiba,,الحبيب بورقيبة الابن,1964,1964|1965|1966|1967|1968|1969|1970,3,False,
ministers,Q60428357,Selim Azzabi,lat,AZZABI,second_republic,Tunis,سليم العزابي,2020,2020,3,False,Tunis
ministers,Q60455265,فيصل الحفيان,ar,الحفيان,second_republic,,فيصل الحفيان,2016,2016|2017|2018|2019|2020,5,False,
ministers,Q60572709,Tahar Sioud,lat,SIOUD,ben_ali,Mahdia,الطاهر صيود,1989,1989|1990|1991|1992|1993|1994|1995|1996|1997|1998|1999|2000|2001|2002|2003|2004|2005|2006|2007|2008|2009|2010|2011,3,False,Mahdia
ministers,Q60573008,Moncef Mouelhi,lat,MOUELHI,ben_ali,Tunis,منصف المولهي,1988,1988|1989,3,False,Tunis
ministers,Q60573013,Mohamed Charfeddine Gallouz,lat,GALLOUZ,ben_ali,Bizerte,محمد شرف الدين قلوز,1989,1989|1990|1991|1992|1993|1994|1995|1996|1997|1998|1999,3,False,Bizerte
ministers,Q60573369,عبد الرزاق الكافي,ar,الكافي,bourguiba,,عبد الرزاق الكافي,1987,1987,3,False,
ministers,Q60573379,فوزي بالكاهية,ar,بالكاهية,ben_ali,,فوزي بالكاهية,1991,1991|1992|1993|1994|1995|1996|1997|1998|1999,3,False,
ministers,Q60573385,الطاهر الحاج علي,ar,علي,ben_ali,,الطاهر الحاج علي,1989,1989|1990|1991|1992|1993|1994|1995|1996|1997|1998|1999,3,False,
ministers,Q60573413,Khalil Laâjimi,lat,LAAJIMI,ben_ali,Tunis,خليل العجيمي,1999,1999|2000|2001|2002|2003|2004|2005|2006|2007|2008|2009|2010|2011,3,False,Tunis
ministers,Q60573416,الحبيب بن الشيخ,ar,بن الشيخ|الشيخ,bourguiba,,الحبيب بن الشيخ,1970,1970|1971|1972|1973|1974|1975|1976|1977|1978|1979|1980,5,False,
ministers,Q60573426,الحبيب الأزرق,ar,الأزرق,ben_ali,,الحبيب الأزرق,1989,1989|1990|1991|1992|1993|1994|1995|1996|1997|1998|1999,3,False,
ministers,Q60573535,Afif Hendaoui,lat,HENDAOUI,ben_ali,Tunis,عفيف الهنداوي,1999,1999|2000|2001|2002|2003|2004|2005|2006|2007|2008|2009|2010|2011,4,False,Tunis
ministers,Q60573536,Fethi Houidi,lat,HOUIDI,ben_ali,Tunis,فتحي الهويدي,1989,1989|1990|1991|1992|1993|1994|1995|1996|1997|1998|1999|2000|2001|2002|2003|2004|2005|2006|2007|2008|2009|2010|2011,4,False,Tunis
ministers,Q60576591,Ahmed Khaled,lat,KHALED,ben_ali,Sousse,أحمد خالد,1989,1989|1990|1991|1992|1993|1994|1995|1996|1997|1998|1999,3,False,Sousse
ministers,Q61588042,Mokhtar Hammami,lat,HAMMAMI,second_republic,,مختار الهمامي,2016,2016|2017|2018|2019|2020,3,False,
ministers,Q61598250,Noureddine Selmi,lat,SELMI,second_republic,Médenine,نور الدين السالمي (سياسي),2016,2016|2017|2018|2019|2020,3,False,Médenine
ministers,Q62601798,Hédi Mekni,lat,MEKNI,second_republic,Béja,الهادي الماكني,2016,2016|2017|2018|2019|2020,3,False,Béja
ministers,Q643348,Habib Bourguiba,lat,BOURGUIBA,protectorate_end,Monastir,الحبيب بورقيبة,1956,1956|1957|1958|1959|1960|1961|1962|1963|1964|1965|1966|1967|1968|1969|1970,0,True,Monastir
ministers,Q643348,Habib Bourguiba,lat,BOURGUIBA,monarchy,Monastir,الحبيب بورقيبة,1956,1956|1957|1958|1959|1960|1961|1962|1963|1964|1965|1966|1967|1968|1969|1970,0,True,Monastir
ministers,Q643348,Habib Bourguiba,lat,BOURGUIBA,bourguiba,Monastir,الحبيب بورقيبة,1956,1956|1957|1958|1959|1960|1961|1962|1963|1964|1965|1966|1967|1968|1969|1970,0,True,Monastir
ministers,Q65130650,Abdellatif Hmam,lat,HMAM,second_republic,Nabeul,عبد اللطيف همام,2016,2016|2017|2018|2019|2020,5,False,Nabeul
ministers,Q653162,Rachid Sfar,lat,SFAR,bourguiba,Mahdia,رشيد صفر,1977,1977|1978|1979|1980|1981|1982|1983|1984|1985|1986|1987,0,True,Mahdia
ministers,Q666665,Mohamed Arbi Zarrouk Khaznadar,lat,KHAZNADAR,,Tunis,محمد العربي زروق خزندار,,,0,True,Tunis
ministers,Q668526,Noureddine Bhiri,lat,BHIRI,ben_ali,Sfax,نور الدين البحيري,2011,2011|2012|2013|2014,3,False,Sfax
ministers,Q668526,Noureddine Bhiri,lat,BHIRI,transition,Sfax,نور الدين البحيري,2011,2011|2012|2013|2014,3,False,Sfax
ministers,Q6932968,Muhammed Saadulah,lat,SAADULAH,,,محمد سعد الله,1980,,2,False,
ministers,Q744499,Mansour Moalla,lat,MOALLA,bourguiba,Sfax,منصور معلى,1969,1969|1970|1971|1972|1973|1974|1975|1976|1977|1978|1979|1980|1981|1982|1983|1984|1985|1986,3,False,Sfax
ministers,Q7480522,Lotfi Ben Jeddou,lat,BEN JEDDOU|JEDDOU,transition,Kasserine,لطفي بن جدو,2013,2013|2014|2015,3,False,Kasserine
ministers,Q800238,Bahi Ladgham,lat,LADGHAM,monarchy,Tunis,الباهي الأدغم,1956,1956|1957|1958|1959|1960|1961|1962|1963|1964|1965|1966|1967|1968|1969|1970,0,True,Tunis
ministers,Q800238,Bahi Ladgham,lat,LADGHAM,bourguiba,Tunis,الباهي الأدغم,1956,1956|1957|1958|1959|1960|1961|1962|1963|1964|1965|1966|1967|1968|1969|1970,0,True,Tunis
ministers,Q85822499,Thouraya Jeribi Khémiri,lat,KHEMIRI,second_republic,Tunis,ثريا الجريبي,2020,2020|2021,3,False,Tunis
ministers,Q86329266,Ali Mrabet,lat,MRABET,second_republic,,علي مرابط,2021,2021|2022|2023|2024,3,False,
ministers,Q86329266,Ali Mrabet,lat,MRABET,saied_exception,,علي مرابط,2021,2021|2022|2023|2024,3,False,
ministers,Q86734094,Moncef Sliti,lat,SLITI,second_republic,Siliana,المنصف السليتي,2020,2020,3,False,Siliana
ministers,Q88467296,Chiraz Latiri,lat,LATIRI,second_republic,Sousse,شيراز العتيري,2020,2020,3,False,Sousse
ministers,Q88485687,Hichem Mechichi,lat,MECHICHI,second_republic,Jendouba,هشام المشيشي,2020,2020|2021,0,True,Jendouba
ministers,Q89844681,Imed Hazgui,lat,HAZGUI,second_republic,Tunis,عماد الحزقي,2020,2020,3,False,Tunis
ministers,Q89996191,Asma Shiri,lat,SHIRI,second_republic,Siliana,أسماء السحيري,2020,2020,3,False,Siliana
ministers,Q90570383,Nizar Yaïche,lat,YAICHE,second_republic,,نزار يعيش,2020,2020,3,False,
ministers,Q90946576,Salah Ben Youssef,lat,BEN YOUSSEF|YOUSSEF,protectorate,,صالح بن يوسف,1950,1950|1951|1952|2020,3,False,
ministers,Q90946576,Salah Ben Youssef,lat,BEN YOUSSEF|YOUSSEF,second_republic,,صالح بن يوسف,1950,1950|1951|1952|2020,3,False,
ministers,Q91626084,Noureddine Erray,lat,ERRAY,second_republic,Tunis,نور الدين الري,2020,2020,3,False,Tunis
ministers,Q91645255,Habib Kchaou,lat,KCHAOU,second_republic,,الحبيب كشو,2020,2020,3,False,
ministers,Q91649459,Oussama Kheriji,lat,KHERIJI,second_republic,,أسامة الخريجي,2020,2020|2021,3,False,
ministers,Q91669922,Mohamed Fadhel Kraiem,lat,KRAIEM,bourguiba,Tunis,محمد الفاضل كريّم,1980,1980|1981|1982|1983|1984|1985|1986|1987|2020|2021,3,False,Tunis
ministers,Q91669922,Mohamed Fadhel Kraiem,lat,KRAIEM,second_republic,Tunis,محمد الفاضل كريّم,1980,1980|1981|1982|1983|1984|1985|1986|1987|2020|2021,3,False,Tunis
ministers,Q92199953,Mohamed Msilini,lat,MSILINI,second_republic,Gabès,محمد مسيليني,2020,2020,3,False,Gabès
ministers,Q92224371,Ayachi Hammami,lat,HAMMAMI,second_republic,,العياشي الهمامي,2020,2020,3,False,
ministers,Q92316785,Slim Choura,lat,CHOURA,second_republic,Sfax,سليم شورى,2020,2020,3,False,Sfax
ministers,Q92332624,Ahmed Gaâloul,lat,GAALOUL,second_republic,Nabeul,أحمد قعلول,2016,2016|2017|2018|2019|2020,3,False,Nabeul
ministers,Q92353813,Selma Ennaifer,lat,ENNAIFER,second_republic,,سلمى النيفر,2020,2020,3,False,
ministers,Q92354033,Mohamed Ali Toumi,lat,TOUMI,second_republic,Sfax,محمد علي التومي,2020,2020,3,False,Sfax
ministers,Q9344006,Rachid Sabbagh,lat,SABBAGH,transition,,رشيد الصباغ,2013,2013|2014,3,False,
ministers,Q958968,Tarak Dhiab,lat,DHIAB,ben_ali,Tunis,طارق ذياب,2011,2011|2012|2013|2014,3,False,Tunis
ministers,Q958968,Tarak Dhiab,lat,DHIAB,transition,Tunis,طارق ذياب,2011,2011|2012|2013|2014,3,False,Tunis
ministers,Q96473313,Fethi Belhaj,lat,BELHAJ,second_republic,,فتحي بالحاج,2020,2020,3,False,
ministers,Q97961043,Mohamed Ali Bouleymane,lat,BOULEYMANE,ben_ali,,محمد علي بوليمان,1988,1988|1989|1990|1991|1992|1993|1994|1995|1996|1997|1998|1999,3,False,
ministers,Q980071,Mouldi Kefi,lat,KEFI,ben_ali,Le Kef,المولدي الكافي,2011,2011,3,False,Le Kef
ministers,Q980071,Mouldi Kefi,lat,KEFI,transition,Le Kef,المولدي الكافي,2011,2011,3,False,Le Kef
ministers,Q98828346,Brahim Bartagi,lat,BARTAGI,second_republic,Monastir,إبراهيم البرتاجي,2020,2020|2021,3,False,Monastir
ministers,Q98828355,Taoufik Charfeddine,lat,CHARFEDDINE,second_republic,,توفيق شرف الدين,2020,2020|2021|2022|2023|2024,3,False,
ministers,Q98828355,Taoufik Charfeddine,lat,CHARFEDDINE,saied_exception,,توفيق شرف الدين,2020,2020|2021|2022|2023|2024,3,False,
ministers,Q98828362,Ali Kooli,lat,KOOLI,second_republic,Tunis,علي الكعلي,2020,2020|2021,3,False,Tunis
ministers,Q98828537,Olfa Benouda,lat,BENOUDA,second_republic,,ألفة بن عودة,2020,2020|2021,3,False,
ministers,Q98828560,Kamel Deguiche,lat,DEGUICHE,second_republic,,كمال دقيش,2020,2020|2021|2022|2023|2024,3,False,
ministers,Q98828560,Kamel Deguiche,lat,DEGUICHE,saied_exception,,كمال دقيش,2020,2020|2021|2022|2023|2024,3,False,
ministers,Q98828570,Leïla Jaffel,lat,JAFFEL,second_republic,Ben Arous,ليلى جفال,2020,2020|2021|2022|2023|2024|2025,3,False,Ben Arous
ministers,Q98828570,Leïla Jaffel,lat,JAFFEL,saied_exception,Ben Arous,ليلى جفال,2020,2020|2021|2022|2023|2024|2025,3,False,Ben Arous
ministers,Q98828591,Mustapha Aroui,lat,AROUI,second_republic,Ben Arous,مصطفى العروي,2020,2020|2021,3,False,Ben Arous
ministers,Q98828599,Fethi Sellaouti,lat,SELLAOUTI,second_republic,,فتحي السلاوتي,2020,2020|2021|2022|2023|2024,3,False,
ministers,Q98828599,Fethi Sellaouti,lat,SELLAOUTI,saied_exception,,فتحي السلاوتي,2020,2020|2021|2022|2023|2024,3,False,
ministers,Q98844443,Imen Houimel,lat,HOUIMEL,second_republic,,إيمان هويمل,2020,2020|2021,3,False,
ministers,Q99528084,Mohamed Rachid Kechiche,lat,KECHICHE,ben_ali,,,1999,1999|2000|2001|2002|2003|2004|2005|2006|2007|2008|2009|2010|2011,3,False,
ministers,Q99539200,Faouzi Mehdi,lat,MEHDI,second_republic,Sfax,فوزي مهدي,2020,2020|2021,3,False,Sfax
ministers,Q99541044,Mohamed Ridha Kechrid,lat,KECHRID,ben_ali,,,2004,2004|2005|2006|2007|2008|2009|2010|2011,3,False,
ministers,Q99542892,Salwa Sghayer,lat,SGHAYER,second_republic,Ben Arous,,2020,2020|2021,3,False,Ben Arous
ministers,Q99543891,Moncef Belaïd,lat,BELAID,ben_ali,,,1988,1988|1989|1990|1991|1992|1993|1994|1995|1996|1997|1998|1999,3,False,
ministers,Q99574115,Mohamed Bousseta,lat,BOUSSETA,second_republic,,محمد بوستة,2020,2020|2021,3,False,
ministers,TN-abdelaziz-beltaief,Abdelaziz Beltaïef,lat,BELTAIEF,bourguiba,,,1970,1970,5,False,
ministers,TN-abdelaziz-hamzaoui,Abdelaziz Hamzaoui,lat,HAMZAOUI,bourguiba,,,1973,1973|1974|1975|1976|1977|1978|1979|1980,5,False,
ministers,TN-abdelaziz-menchari,Abdelaziz Menchari,lat,MENCHARI,protectorate,,,1952,1952|1953|1954,3,False,
ministers,TN-abdelhamid-sassi,Abdelhamid Sassi et Larbi Mallakh,lat,MALLAKH,bourguiba,,,1971,1971|1972|1973|1974|1975|1976|1977|1978|1979|1980,3,False,
ministers,TN-abdelkader-belkhodja,Abdelkader Belkhodja,lat,BELKHODJA,protectorate,,,1947,1947|1948|1949|1950|1954,3,False,
ministers,TN-abdellatif-saddam,Abdellatif Saddem,lat,SADDEM,ben_ali,,,1999,1999|2000|2001|2002|2003|2004|2005|2006|2007|2008|2009|2010|2011,3,False,
ministers,TN-abderrahman-ben-messaoud,Abderrahman Ben Messaoud,lat,BEN MESSAOUD|MESSAOUD,bourguiba,,,1971,1971|1972|1973|1974|1975|1976|1977|1978|1979|1980,5,False,
ministers,TN-abderrazak-daaloul,Abderrazak Daaloul,lat,DAALOUL,ben_ali,,,2005,2005|2006|2007|2008|2009|2010|2011,5,False,
ministers,TN-abdessalem-mseddi,Abdessalem Mseddi,lat,MSEDDI,ben_ali,,,1987,1987|1988|1989,3,False,
ministers,TN-ahmed-ben-arfa,Ahmed Ben Arfa,lat,BEN ARFA|ARFA,bourguiba,,,1983,1983|1984|1985|1986,5,False,
ministers,TN-ahmed-dhouib,Ahmed Dhouib,lat,DHOUIB,ben_ali,,,2007,2007|2008|2009|2010|2011,5,False,
ministers,TN-ahmed-khaled,Ahmed Khaled,lat,KHALED,ben_ali,,,1989,1989|1990|1991|1992|1993|1994|1995|1996|1997|1998|1999,3,False,
ministers,TN-ahmed-mahjoub,Ahmed Mahjoub,lat,MAHJOUB,ben_ali,,,2001,2001|2002|2003|2004|2005|2006|2007|2008|2009|2010|2011,5,False,
ministers,TN-albert-bessis,Albert Bessis,lat,BESSIS,protectorate,,,1954,1954|1955|1956,3,False,
ministers,TN-ali-hafsi-jeddi,Ali Hafsi Jeddi,lat,JEDDI,saied_exception,,,2021,2021,3,False,
ministers,TN-ali-ladhari,Ali Ladhari,lat,LADHARI,protectorate,,,1947,1947|1948|1949|1950,3,False,
ministers,TN-amel-nafti,Amel Nafti,lat,NAFTI,second_republic,,,2015,2015|2016,5,False,
ministers,TN-ameur-ghedira,Ameur Ghedira,lat,GHEDIRA,bourguiba,,,1984,1984|1985|1986,5,False,
ministers,TN-ameur-horchani,Ameur Horchani,lat,HORCHANI,ben_ali,,,1988,1988|1989|1990|1991|1992|1993|1994|1995|1996|1997|1998|1999|2000|2001|2002|2003|2004|2005|2006|2007|2008|2009|2010|2011,5,False,
ministers,TN-amor-bejaoui,Amor Bejaoui,lat,BEJAOUI,ben_ali,,,1988,1988|1989,5,False,
ministers,TN-amor-ben-romdhan,Amor Ben Romdhan,lat,BEN ROMDHAN|ROMDHAN,ben_ali,,,1988,1988,5,False,
ministers,TN-andre-barouch,André Barouch,lat,BAROUCH,monarchy,,,1956,1956|1957,3,False,
ministers,TN-andre-blanchard,Jean Dèze puis André Blanchard à partir du,lat,DU,protectorate,,,1950,1950|1951|1952|1953|1954|1955|1956,3,False,
ministers,TN-azzouz-rebai,Azzouz Rebaï,lat,REBAI,protectorate_end,,,1956,1956|1957,5,False,
ministers,TN-baccar-touzani,Baccar Touzani,lat,TOUZANI,bourguiba,,,1970,1970|1971|1972|1973|1974|1975|1976|1977|1978|1979|1980,5,False,
ministers,TN-bechir-ben-yahmed,Béchir Ben Yahmed,lat,BEN YAHMED|YAHMED,protectorate_end,,,1956,1956|1957,5,False,
ministers,TN-bechir-ennaji,Béchir Ennaji,lat,ENNAJI,monarchy,,,1957,1957|1958|1959|1960|1961|1962|1963|1964|1965|1966|1967|1968|1969,5,False,
ministers,TN-bechir-louzir,Béchir Louzir,lat,LOUZIR,ben_ali,,,2008,2008|2009|2010|2011,5,False,
ministers,TN-bechir-mejdoub,Béchir Mejdoub,lat,MEJDOUB,ben_ali,,,2001,2001|2002|2003|2004|2005|2006|2007|2008|2009|2010|2011,5,False,
ministers,TN-belgacem-sabri,Belgacem Sabri,lat,SABRI,second_republic,,,2015,2015|2016,5,False,
ministers,TN-brahim-baccari,Brahim Baccari,lat,BACCARI,ben_ali,,,2001,2001|2002|2003|2004|2005|2006|2007|2008|2009|2010|2011,5,False,
ministers,TN-brahim-turki,Brahim Turki,lat,TURKI,bourguiba,,,1976,1976|1977|1978|1979|1980,5,False,
ministers,TN-chedly-ben-romdhane,Chedly Ben Romdhane,lat,BEN ROMDHANE|ROMDHANE,protectorate,,,1954,1954,3,False,
ministers,TN-chedly-rehaiem,Chedly Rehaïem,lat,REHAIEM,protectorate,,,1954,1954|1955|1956,3,False,
ministers,TN-chokri-ayachi,Chokri Ayachi,lat,AYACHI,ben_ali,,,2001,2001|2002|2003|2004|2005|2006|2007|2008|2009|2010|2011,5,False,
ministers,TN-chokri-mamoghli,Chokri Mamoghli,lat,MAMOGHLI,ben_ali,,,2007,2007|2008|2009|2010|2011,5,False,
ministers,TN-chokri-terzi,Chokri Terzi,lat,TERZI,second_republic,,,2015,2015|2016,5,False,
ministers,TN-ezzeddine-ben-cheikh,Ezzeddine Ben Cheikh,lat,BEN CHEIKH|CHEIKH,second_republic,,,2021,2021|2022|2023|2024,3,False,
ministers,TN-fakhreddine-el-messai,Fakhreddine El Messaï,lat,EL MESSAI|MESSAI,ben_ali,,,2003,2003|2004|2005|2006|2007|2008|2009|2010|2011,5,False,
ministers,TN-faouzi-belkahia,Faouzi Belkahia,lat,BELKAHIA,ben_ali,,,1991,1991|1992|1993|1994|1995|1996|1997|1998|1999,3,False,
ministers,TN-farhat-medini,Farhat Medini,lat,MEDINI,ben_ali,,,2001,2001|2002|2003|2004|2005|2006|2007|2008|2009|2010|2011,5,False,
ministers,TN-faten-kallel,Faten Kallel,lat,KALLEL,second_republic,,,2016,2016|2017|2018|2019|2020,5,False,
ministers,TN-faycal-hafiane,Fayçal Hafiane,lat,HAFIANE,second_republic,,,2016,2016|2017|2018|2019|2020,5,False,
ministers,TN-fethi-houidi,Mohamed Fethi Houidi,lat,HOUIDI,ben_ali,,,1991,1991|1992|1993|1994|1995|1996|1997|1998|1999|2002|2003|2004|2005|2006|2007|2008|2009|2010|2011,4,False,
ministers,TN-fredj-jabbes,Fredj Jabbes,lat,JABBES,bourguiba,,,1971,1971|1972|1973|1974|1975|1976|1977|1978|1979|1980,5,False,
ministers,TN-georges-gaston-puis-lucien-paye-a-partir,Georges Gaston puis Lucien Paye à partir du,lat,DU,protectorate,,,1947,1947|1948|1949|1950|1951|1952|1953|1954|1955|1956,3,False,
ministers,TN-habib-ben-cheikh,Habib Ben Cheikh,lat,BEN CHEIKH|CHEIKH,bourguiba,,,1970,1970|1971|1972|1973|1974|1975|1976|1977|1978|1979|1980,3,False,
ministers,TN-habib-debbabi,Habib Debbabi,lat,DEBBABI,second_republic,,,2016,2016|2017|2018|2019|2020,5,False,
ministers,TN-habib-haddad,Habib Haddad,lat,HADDAD,ben_ali,,,2002,2002|2003|2004|2005|2006|2007|2008|2009|2010|2011,3,False,
ministers,TN-habib-lazreg,Habib Lazreg,lat,LAZREG,ben_ali,,,1989,1989|1990|1991|1992|1993|1994|1995|1996|1997|1998|1999,3,False,
ministers,TN-hachem-hmidi,Hachem Hmidi,lat,HMIDI,second_republic,,,2016,2016|2017|2018|2019|2020,5,False,
ministers,TN-hamadi-badra,Hamadi Badra,lat,BADRA,protectorate,,,1950,1950|1951|1952,3,False,
ministers,TN-hamed-zeghal,Hamed Zeghal,lat,ZEGHAL,bourguiba,,,1971,1971|1972|1973|1974|1975|1976|1977|1978|1979|1980,5,False,
ministers,TN-hammouda-hamdi,Hammouda Hamdi,lat,HAMDI,ben_ali,,,2001,2001|2002|2003|2004|2005|2006|2007|2008|2009|2010|2011,5,False,
ministers,TN-hassan-hosni-abdelwaheb,Hassan Hosni Abdelwaheb,lat,ABDELWAHEB,protectorate,,,1943,1943|1944|1945|1946|1947,3,False,
ministers,TN-hechmi-kooli,Héchmi Kooli,lat,KOOLI,bourguiba,,,1974,1974|1975|1976|1977|1978|1979|1980,5,False,
ministers,TN-hedi-ben-rais,Hédi Ben Raïs,lat,BEN RAIS|RAIS,protectorate,,,1952,1952|1953|1954,3,False,
ministers,TN-hedi-grioui,Hédi Grioui,lat,GRIOUI,ben_ali,,,1990,1990|1991|1992|1993|1994|1995|1996|1997|1998|1999,5,False,
ministers,TN-hedi-khairi,Hédi Khairi,lat,KHAIRI,second_republic,,,2020,2020|2021,3,False,
ministers,TN-hedi-zeghal,Hédi Zeghal,lat,ZEGHAL,bourguiba,,,1974,1974|1975|1976|1977|1978|1979|1980|1981|1982|1983|1984|1985|1986,3,False,
ministers,TN-henri-culmann-puis-jean-gaston-fraisse-a,Henri Culmann puis Jean-Gaston Fraissé à partir du,lat,DU,protectorate,,,1947,1947|1948|1949|1950|1951|1952|1953|1954|1955|1956,3,False,
ministers,TN-houcine-cherif,Houcine Cherif,lat,CHERIF,bourguiba,,,1987,1987|1988|1989,4,False,
ministers,TN-houcine-cherif,Houcine Cherif,lat,CHERIF,ben_ali,,,1987,1987|1988|1989,4,False,
ministers,TN-imed-jabri,Imed Jabri,lat,JABRI,second_republic,,,2016,2016|2017|2018|2019|2020,5,False,
ministers,TN-issam-lahmar,Issam Lahmar,lat,LAHMAR,second_republic,,,2021,2021|2022|2023|2024,3,False,
ministers,TN-jacques-vimont-puis-raymond-pons-a-parti,Jacques Vimont puis Raymond Pons à partir du,lat,DU,protectorate,,,1950,1950|1951|1952,6,False,
ministers,TN-jean-louis-bonnenfant,Jean-Louis Bonnenfant,lat,BONNENFANT,protectorate,,,1947,1947|1948|1949|1950,3,False,
ministers,TN-jean-mathieu,Jean Mathieu,lat,MATHIEU,protectorate,,,1950,1950|1951|1952|1953|1954|1955|1956,3,False,
ministers,TN-kacem-bousnina,Kacem Bousnina,lat,BOUSNINA,ben_ali,,,1988,1988|1989|1990|1991|1992|1993|1994|1995|1996|1997|1998|1999,5,False,
ministers,TN-kamel-ayadi,Kamel Ayadi,lat,AYADI,ben_ali,,,2004,2004|2005|2006|2007|2008|2009|2010|2011|2015|2016,3,False,
ministers,TN-kamel-ayadi,Kamel Ayadi,lat,AYADI,second_republic,,,2004,2004|2005|2006|2007|2008|2009|2010|2011|2015|2016,3,False,
ministers,TN-kamel-feki,Kamel Feki,lat,FEKI,second_republic,,,2021,2021|2022|2023|2024,3,False,
ministers,TN-kamel-haj-sassi,Kamel Haj Sassi,lat,SASSI,ben_ali,,,1993,1993|1994|1995|1996|1997|1998|1999|2000|2001|2002|2003|2004|2005|2006|2007|2008|2009|2010|2011,5,False,
ministers,TN-kamel-jendoubi,Kamel Jendoubi,lat,JENDOUBI,second_republic,,,2015,2015|2016,3,False,
ministers,TN-khadija-ghariani,Khadija Ghariani,lat,GHARIANI,ben_ali,,,2004,2004|2005|2006|2007|2008|2009|2010|2011,5,False,
ministers,TN-khalil-amiri,Khalil Amiri,lat,AMIRI,second_republic,,,2016,2016|2017|2018|2019|2020,5,False,
ministers,TN-lamia-chafei-seghaier,Lamia Chafei Seghaier,lat,SEGHAIER,ben_ali,,,2008,2008|2009|2010|2011,5,False,
ministers,TN-lotfi-dhiab,Lotfi Dhiab,lat,DHIAB,second_republic,,,2021,2021|2022|2023|2024,3,False,
ministers,TN-louis-cartry,Louis Cartry,lat,CARTRY,protectorate,,,1950,1950|1951|1952|1953|1954,6,False,
ministers,TN-m-hamed-ezzine-chelaifa,M'hamed Ezzine Chelaifa,lat,CHELAIFA,second_republic,,,2015,2015|2016,5,False,
ministers,TN-m-hamed-gachem,M'hamed Gachem,lat,GACHEM,protectorate,,,1952,1952|1953|1954,3,False,
ministers,TN-mahmoud-khiairi,Mahmoud Khiairi,lat,KHIAIRI,monarchy,,,1956,1956|1957,3,False,
ministers,TN-mahmoud-maamouri,Mahmoud Maamouri,lat,MAAMOURI,bourguiba,,,1974,1974|1975|1976|1977|1978|1979|1980,5,False,
ministers,TN-mekki-zidi,Mekki Zidi,lat,ZIDI,bourguiba,,,1971,1971|1972|1973|1974|1975|1976|1977|1978|1979|1980,5,False,
ministers,TN-mezri-chekir,Mezri Chekir,lat,CHEKIR,bourguiba,,,1980,1980|1981|1982|1983|1984|1985|1986,4,False,
ministers,TN-mohamed-ali-boughdiri,Mohamed Ali Boughdiri,lat,BOUGHDIRI,second_republic,,,2021,2021|2022|2023|2024,3,False,
ministers,TN-mohamed-ali-ganzoui,Mohamed Ali Ganzoui,lat,GANZOUI,ben_ali,,,1995,1995|1996|1997|1998|1999|2000|2001|2002|2003|2004|2005|2006|2007|2008|2009|2010|2011,5,False,
ministers,TN-mohamed-ali-nafti,Mohamed Ali Nafti,lat,NAFTI,second_republic,,,2021,2021|2022|2023|2024,3,False,
ministers,TN-mohamed-ali-souissi,Mohamed Ali Souissi,lat,SOUISSI,bourguiba,,,1979,1979|1980,3,False,
ministers,TN-mohamed-amamou,Mohamed Amamou,lat,AMAMOU,ben_ali,,,1989,1989|1990|1991|1992|1993|1994|1995|1996|1997|1998|1999,5,False,
ministers,TN-mohamed-amor,Mohamed Amor,lat,AMOR,ben_ali,,,2001,2001|2002|2003|2004|2005|2006|2007|2008|2009|2010|2011,5,False,
ministers,TN-mohamed-badra,Mohamed Badra,lat,BADRA,protectorate,,,1954,1954|1955|1956,3,False,
ministers,TN-mohamed-ben-ahmed,Mohamed Ben Ahmed,lat,BEN AHMED|AHMED,ben_ali,,,1998,1998|1999,5,False,
ministers,TN-mohamed-chakroun,Mohamed Chakroun,lat,CHAKROUN,monarchy,,,1956,1956|1957,3,False,
ministers,TN-mohamed-dinguizli,Mohamed Dinguizli,lat,DINGUIZLI,protectorate,,,1952,1952|1953|1954,3,False,
ministers,TN-mohamed-fadhel-mahfoudh,Mohamed Fadhel Mahfoudh,lat,MAHFOUDH,second_republic,,,2016,2016|2017|2018|2019|2020,3,False,
ministers,TN-mohamed-habib-hadj-said,Mohamed Habib Hadj Saïd,lat,SAID,ben_ali,,,1990,1990|1991|1992|1993|1994|1995|1996|1997|1998|1999,5,False,
ministers,TN-mohamed-hadjouj,Mohamed Hadjouj,lat,HADJOUJ,protectorate,,,1954,1954,3,False,
ministers,TN-mohamed-jomaa,Mohamed Jomâa,lat,JOMAA,bourguiba,,,1977,1977|1978|1979|1980,3,False,
ministers,TN-mohamed-karboul,Mohamed Karboul,lat,KARBOUL,ben_ali,,,1987,1987|1988,5,False,
ministers,TN-mohamed-larbi-mahjoubi,Mohamed Larbi Mahjoubi,lat,MAHJOUBI,ben_ali,,,1990,1990|1991|1992|1993|1994|1995|1996|1997|1998|1999,5,False,
ministers,TN-mohamed-nabli,Mohamed Nabli,lat,NABLI,ben_ali,,,2001,2001|2002|2003|2004|2005|2006|2007|2008|2009|2010|2011,3,False,
ministers,TN-mohamed-nejib-berriche,Mohamed Nejib Berriche,lat,BERRICHE,ben_ali,,,2006,2006|2007|2008|2009|2010|2011,5,False,
ministers,TN-mohamed-nouri-jouini,Mohamed Nouri Jouini / démissionnaire,lat,DEMISSIONNAIRE,ben_ali,,,2001,2001|2002|2003|2004|2005|2006|2007|2008|2009|2010|2011,3,False,
ministers,TN-mohamed-nouri-jouini,Mohamed Nouri Jouini / démissionnaire,lat,DEMISSIONNAIRE,transition,,,2001,2001|2002|2003|2004|2005|2006|2007|2008|2009|2010|2011,3,False,
ministers,TN-mohamed-saad,Mohamed Saâd,lat,SAAD,ben_ali,,,1990,1990|1991|1992|1993|1994|1995|1996|1997|1998|1999,3,False,
ministers,TN-mohamed-saadallah,Mohamed Saadallah,lat,SAADALLAH,protectorate,,,1950,1950|1951|1952|1954,2,False,
ministers,TN-mohsen-boujbal,Mohsen Boujbal,lat,BOUJBAL,ben_ali,,,1988,1988|1989|1990|1991|1992|1993|1994|1995|1996|1997|1998|1999,5,False,
ministers,TN-mohsen-laroui,Mohsen Laroui,lat,LAROUI,ben_ali,,,2002,2002|2003|2004|2005|2006|2007|2008|2009|2010|2011,5,False,
ministers,TN-moncef-bel-hadj-amor,Moncef Bel Hadj Amor,lat,BEL AMOR|AMOR,bourguiba,,,1976,1976|1977|1978|1979|1980|1981|1982|1983|1984|1985|1986,3,False,
ministers,TN-moncef-ben-said,Moncef Ben Saïd,lat,BEN SAID|SAID,ben_ali,,,2001,2001|2002|2003|2004|2005|2006|2007|2008|2009|2010|2011,5,False,
ministers,TN-moncef-bouden,Moncef Bouden,lat,BOUDEN,ben_ali,,,2001,2001|2002|2003|2004|2005|2006|2007|2008|2009|2010|2011,5,False,
ministers,TN-moncef-hergli,Moncef Hergli,lat,HERGLI,ben_ali,,,2002,2002|2003|2004|2005|2006|2007|2008|2009|2010|2011,5,False,
ministers,TN-moncef-zaafrane,Moncef Zaafrane,lat,ZAAFRANE,bourguiba,,,1979,1979|1980,6,False,
ministers,TN-mondher-belaid,Mondher Belaid,lat,BELAID,second_republic,,,2021,2021|2022|2023|2024,3,False,
ministers,TN-mongi-bedoui,Mongi Bedoui,lat,BEDOUI,ben_ali,,,2008,2008|2009|2010|2011,5,False,
ministers,TN-mongi-chouchane,Mongi Chouchane,lat,CHOUCHANE,ben_ali,,,2001,2001|2002|2003|2004|2005|2006|2007|2008|2009|2010|2011,5,False,
ministers,TN-mongi-safra,Mongi Safra,lat,SAFRA,ben_ali,,,1991,1991|1992|1993|1994|1995|1996|1997|1998|1999,5,False,
ministers,TN-montasser-ouaili,Montasser Ouaïli,lat,OUAILI,ben_ali,,,1999,1999|2000|2001|2002|2003|2004|2005|2006|2007|2008|2009|2010|2011,3,False,
ministers,TN-mouldi-zouaoui,Mouldi Zouaoui,lat,ZOUAOUI,ben_ali,,,1989,1989|1990|1991|1992|1993|1994|1995|1996|1997|1998|1999,3,False,
ministers,TN-mustapha-zaanouni,Mustapha Zaanouni,lat,ZAANOUNI,bourguiba,,,1971,1971|1972|1973|1974|1975|1976|1977|1978|1979|1980,4,False,
ministers,TN-nabil-ammar,Nabil Ammar,lat,AMMAR,second_republic,,,2021,2021|2022|2023|2024,3,False,
ministers,TN-najeh-belkhiria-karoui,Najeh Belkhiria Karoui,lat,KAROUI,ben_ali,,,2011,2011,5,False,
ministers,TN-najoua-miladi,Najoua Miladi,lat,MILADI,ben_ali,,,2007,2007|2008|2009|2010|2011,5,False,
ministers,TN-nebiha-gueddana,Nebiha Gueddana,lat,GUEDDANA,ben_ali,,,1989,1989|1990|1991|1992|1993|1994|1995|1996|1997|1998|1999,5,False,
ministers,TN-nejmeddine-hamrouni,Nejmeddine Hamrouni,lat,HAMROUNI,second_republic,,,2015,2015|2016,5,False,
ministers,TN-neziha-escheikh,Néziha Escheikh,lat,ESCHEIKH,ben_ali,,,1999,1999|2000|2001|2002|2003|2004|2005|2006|2007|2008|2009|2010|2011,5,False,
ministers,TN-noureddine-ktari,Noureddine Ktari,lat,KTARI,bourguiba,,,1977,1977|1978|1979|1980,5,False,
ministers,TN-noureddine-mejdoub,Noureddine Mejdoub,lat,MEJDOUB,ben_ali,,,1991,1991|1992|1993|1994|1995|1996|1997|1998|1999,5,False,
ministers,TN-noureddine-zaouche,Noureddine Zaouche,lat,ZAOUCHE,protectorate,,,1954,1954,3,False,
ministers,TN-omar-ben-mahmoud,Omar Ben Mahmoud,lat,BEN MAHMOUD|MAHMOUD,ben_ali,,,2004,2004|2005|2006|2007|2008|2009|2010|2011,5,False,
ministers,TN-omar-el-abed,Omar El Abed,lat,EL ABED|ABED,ben_ali,,,2003,2003|2004|2005|2006|2007|2008|2009|2010|2011,5,False,
ministers,TN-oussama-romdhani,Oussama Romdhani,lat,ROMDHANI,ben_ali,,,2009,2009|2010|2011,3,False,
ministers,TN-premier-ministre,Premier ministre,lat,MINISTRE,ben_ali,,,2011,2011,3,False,
ministers,TN-rachid-amri,Rachid Amri,lat,AMRI,second_republic,,,2021,2021|2022|2023|2024,3,False,
ministers,TN-rafaa-ben-achour,Rafâa Ben Achour,lat,BEN ACHOUR|ACHOUR,ben_ali,,,2001,2001|2002|2003|2004|2005|2006|2007|2008|2009|2010|2011,4,False,
ministers,TN-rafaa-dekhil,Rafaâ Dekhil,lat,DEKHIL,ben_ali,,,2001,2001|2002|2003|2004|2005|2006|2007|2008|2009|2010|2011,3,False,
ministers,TN-rafik-chelly,Rafik Chelly,lat,CHELLY,second_republic,,,2015,2015|2016,5,False,
ministers,TN-raymond-duval-puis-eugene-molle-a-partir,Raymond Duval puis Eugène Molle à partir du,lat,DU,protectorate,,,1947,1947|1948|1949|1950,3,False,
ministers,TN-raymond-pons-puis-georges-dupoizat-a-par,Raymond Pons puis Georges Dupoizat à partir du,lat,DU,protectorate,,,1952,1952|1953|1954,6,False,
ministers,TN-rene-brouillet,René Brouillet,lat,BROUILLET,protectorate,,,1947,1947|1948|1949|1950,6,False,
ministers,TN-rene-rodiere,René Rodière,lat,RODIERE,protectorate,,,1947,1947|1948|1949|1950,6,False,
ministers,TN-riadh-bettaieb,Riadh Bettaieb,lat,BETTAIEB,ben_ali,,,2011,2011|2012|2013,3,False,
ministers,TN-riadh-chaouad,Riadh Chaouad,lat,CHAOUAD,second_republic,,,2021,2021|2022|2023|2024,3,False,
ministers,TN-ridha-belhaj,Ridha Belhaj,lat,BELHAJ,ben_ali,,,2011,2011,4,False,
ministers,TN-ridha-hamza,Ridha Hamza,lat,HAMZA,bourguiba,,,1985,1985|1986,3,False,
ministers,TN-sadok-djaziri,Sadok Djaziri,lat,DJAZIRI,protectorate,,,1952,1952|1953|1954,3,False,
ministers,TN-sadok-fayala,Sadok Fayala,lat,FAYALA,ben_ali,,,1991,1991|1992|1993|1994|1995|1996|1997|1998|1999|2001|2002|2003|2004|2005|2006|2007|2008|2009|2010|2011,5,False,
ministers,TN-sadok-mourali,Sadok Mourali,lat,MOURALI,second_republic,,,2021,2021|2022|2023|2024,3,False,
ministers,TN-saida-chtioui,Saïda Chtioui,lat,CHTIOUI,ben_ali,,,2002,2002|2003|2004|2005|2006|2007|2008|2009|2010|2011,5,False,
ministers,TN-salah-brik-hannachi,Salah Brik Hannachi,lat,HANNACHI,ben_ali,,,1992,1992|1993|1994|1995|1996|1997|1998|1999,5,False,
ministers,TN-salah-el-hamdi,Salah El Hamdi,lat,EL HAMDI|HAMDI,ben_ali,,,1992,1992|1993|1994|1995|1996|1997|1998|1999,5,False,
ministers,TN-salah-jebali,Salah Jebali,lat,JEBALI,ben_ali,,,1987,1987|1988|1991|1992|1993|1994|1995|1996|1997|1998|1999,3,False,
ministers,TN-saloua-tarzi-ben-attia,Saloua Tarzi Ben Attia,lat,BEN ATTIA|ATTIA,ben_ali,,,2007,2007|2008|2009|2010|2011,5,False,
ministers,TN-samir-abid,Samir Abid,lat,ABID,second_republic,,,2021,2021|2022|2023|2024,3,False,
ministers,TN-samir-bechouel,Samir Bechouel,lat,BECHOUEL,second_republic,,,2016,2016|2017|2018|2019|2020,5,False,
ministers,TN-sarra-rejeb,Sarra Rejeb,lat,REJEB,second_republic,,,2016,2016|2017|2018|2019|2020,5,False,
ministers,TN-slaheddine-abdallah,Slaheddine Abdallah,lat,ABDALLAH,bourguiba,,,1973,1973|1974|1975|1976|1977|1978|1979|1980,5,False,
ministers,TN-slaheddine-cherif,Slaheddine Cherif,lat,CHERIF,ben_ali,,,1991,1991|1992|1993|1994|1995|1996|1997|1998|1999,5,False,
ministers,TN-slaheddine-jemmali,Slaheddine Jemmali,lat,JEMMALI,ben_ali,,,2004,2004|2005|2006|2007|2008|2009|2010|2011,5,False,
ministers,TN-slaheddine-makhlouf,Slaheddine Makhlouf,lat,MAKHLOUF,ben_ali,,,2003,2003|2004|2005|2006|2007|2008|2009|2010|2011,5,False,
ministers,TN-sofiane-ben-tounes,Sofiane Ben Tounes,lat,BEN TOUNES|TOUNES,second_republic,,,2020,2020|2021,3,False,
ministers,TN-sofiene-hemissi,Sofiène Hemissi,lat,HEMISSI,second_republic,,,2021,2021|2022|2023|2024,3,False,
ministers,TN-tahar-hadj-ali,Tahar Hadj Ali,lat,ALI,ben_ali,,,1992,1992|1993|1994|1995|1996|1997|1998|1999,3,False,
ministers,TN-tahar-lakhdar,Tahar Lakhdar,lat,LAKHDAR,protectorate,,,1954,1954,3,False,
ministers,TN-taieb-belkhiria,Taïeb Belkhiria,lat,BELKHIRIA,protectorate,,,1952,1952|1953|1954,2,False,
ministers,TN-taieb-hadhri,Taïeb Hadhri,lat,HADHRI,ben_ali,,,2005,2005|2006|2007|2008|2009|2010|2011,3,False,
ministers,TN-taieb-slim,Taïeb Slim,lat,SLIM,bourguiba,,,1971,1971|1972|1973|1974|1975|1976|1977|1978|1979|1980,2,False,
ministers,TN-taoufik-bouderbala,Taoufik Bouderbala,lat,BOUDERBALA,ben_ali,,,2011,2011,3,False,
ministers,TN-tijani-haddad,Tijani Haddad,lat,HADDAD,ben_ali,,,2004,2004|2005|2006|2007|2008|2009|2010|2011,3,False,
ministers,TN-unknown,سفيان  بن الصادق,ar,بن الصادق|الصادق,saied_exception,,,2024,2024|2025,3,False,
ministers,TN-unknown-10,سفيان الهميسي,ar,الهميسي,saied_exception,,,2024,2024|2025,3,False,
ministers,TN-unknown-100,محمد العربي المحجوبي,ar,المحجوبي,ben_ali,,,1989,1989|1990|1991|1992|1993|1994|1995|1996|1997|1998|1999,5,False,
ministers,TN-unknown-101,محمد الحبيب الحاج سعيد,ar,سعيد,ben_ali,,,1989,1989|1990|1991|1992|1993|1994|1995|1996|1997|1998|1999,5,False,
ministers,TN-unknown-102,الهادي القريوي,ar,القريوي,ben_ali,,,1989,1989|1990|1991|1992|1993|1994|1995|1996|1997|1998|1999,5,False,
ministers,TN-unknown-103,نور الدين المجدوب,ar,المجدوب,ben_ali,,,1989,1989|1990|1991|1992|1993|1994|1995|1996|1997|1998|1999,5,False,
ministers,TN-unknown-104,منجي صفرة,ar,صفرة,ben_ali,,,1989,1989|1990|1991|1992|1993|1994|1995|1996|1997|1998|1999,5,False,
ministers,TN-unknown-105,صالح بريك الحناشي,ar,الحناشي,ben_ali,,,1989,1989|1990|1991|1992|1993|1994|1995|1996|1997|1998|1999,5,False,
ministers,TN-unknown-106,صالح الحمدي,ar,الحمدي,ben_ali,,,1989,1989|1990|1991|1992|1993|1994|1995|1996|1997|1998|1999,5,False,
ministers,TN-unknown-108,بكار التوزاني,ar,التوزاني,bourguiba,,,1970,1970|1971|1972|1973|1974|1975|1976|1977|1978|1979|1980,5,False,
ministers,TN-unknown-109,عبد العزيز بالطيف,ar,بالطيف,bourguiba,,,1970,1970,5,False,
ministers,TN-unknown-11,رشيد  عامري,ar,عامري,saied_exception,,,2024,2024|2025,3,False,
ministers,TN-unknown-110,الشاذلي العابد,ar,العابد,transition,,,2013,2013|2014,5,False,
ministers,TN-unknown-111,فتحي التوزري,ar,التوزري,transition,,,2013,2013|2014,5,False,
ministers,TN-unknown-112,الصادق العمري,ar,العمري,transition,,,2013,2013|2014,5,False,
ministers,TN-unknown-113,سلوى الصغير,ar,الصغير,second_republic,,,2020,2020|2021,3,False,
ministers,TN-unknown-114,خليل شطورو,ar,شطورو,second_republic,,,2020,2020|2021,5,False,
ministers,TN-unknown-119,المكي الزيدي,ar,الزيدي,bourguiba,,,1970,1970|1971|1972|1973|1974|1975|1976|1977|1978|1979|1980,5,False,
ministers,TN-unknown-12,وجدي  الهذيلي,ar,الهذيلي,saied_exception,,,2024,2024|2025,3,False,
ministers,TN-unknown-120,مصطفى الزعنوني,ar,الزعنوني,bourguiba,,,1970,1970|1971|1972|1973|1974|1975|1976|1977|1978|1979|1980,5,False,
ministers,TN-unknown-121,فرج الجباس,ar,الجباس,bourguiba,,,1970,1970|1971|1972|1973|1974|1975|1976|1977|1978|1979|1980,5,False,
ministers,TN-unknown-128,احلام الباجي السايب,ar,السايب,saied_exception,,,2023,2023,3,False,
ministers,TN-unknown-129,محمد علي البوغديري,ar,البوغديري,saied_exception,,,2023,2023,3,False,
ministers,TN-unknown-13,رياض    شَوِد,ar,شود,saied_exception,,,2023,2023|2024|2025,3,False,
ministers,TN-unknown-130,عبد القادر الجمالي,ar,الجمالي,saied_exception,,,2023,2023,3,False,
ministers,TN-unknown-131,منير بن رجيبة,ar,بن رجيبة|رجيبة,saied_exception,,,2023,2023|2024,5,False,
ministers,TN-unknown-132,رضا قبوج,ar,قبوج,saied_exception,,,2023,2023|2024,5,False,
ministers,TN-unknown-133,لطفي ذياب,ar,ذياب,saied_exception,,,2023,2023|2024,3,False,
ministers,TN-unknown-134,عائدة حمدي,ar,حمدي,saied_exception,,,2021,2021,3,False,
ministers,TN-unknown-14,حسنة   جيب الله,ar,جيب الله,saied_exception,,,2024,2024|2025,3,False,
ministers,TN-unknown-15,محجوب بن علي,ar,بن علي|علي,bourguiba,,,1987,1987,3,False,
ministers,TN-unknown-16,الشاذلي رحيم,ar,رحيم,protectorate_end,,,1954,1954|1955|1956,3,False,
ministers,TN-unknown-17,جان غاستون فريسيه,ar,فريسيه,protectorate_end,,,1954,1954|1955|1956,3,False,
ministers,TN-unknown-18,جان ماتيو,ar,ماتيو,protectorate_end,,,1954,1954|1955|1956,3,False,
ministers,TN-unknown-19,لوسيان بي,ar,بي,protectorate_end,,,1954,1954|1955|1956,3,False,
ministers,TN-unknown-2,محمد بن عياد,ar,بن عياد|عياد,saied_exception,,,2024,2024|2025,3,False,
ministers,TN-unknown-20,أندريه بلانشار,ar,بلانشار,protectorate_end,,,1954,1954|1955|1956,3,False,
ministers,TN-unknown-21,أندريه باروش,ar,باروش,monarchy,,,1956,1956|1957,3,False,
ministers,TN-unknown-22,عبد الرزاق الزواوي,ar,الزواوي,transition,,,2011,2011,3,False,
ministers,TN-unknown-23,رضوان نويصر,ar,نويصر,transition,,,2011,2011,5,False,
ministers,TN-unknown-24,نجيب قرافي,ar,قرافي,transition,,,2011,2011,5,False,
ministers,TN-unknown-25,سالم حمدي,ar,حمدي,transition,,,2011,2011,5,False,
ministers,TN-unknown-26,حسن العنابي,ar,العنابي,transition,,,2011,2011,5,False,
ministers,TN-unknown-27,هاشم الحميدي,ar,الحميدي,second_republic,,,2016,2016|2017|2018|2019|2020,5,False,
ministers,TN-unknown-28,فاتن القلال,ar,القلال,second_republic,,,2016,2016|2017|2018|2019|2020,3,False,
ministers,TN-unknown-29,عماد جبري,ar,جبري,second_republic,,,2016,2016|2017|2018|2019|2020,5,False,
ministers,TN-unknown-3,وائل  شوشان,ar,شوشان,saied_exception,,,2023,2023|2024|2025,3,False,
ministers,TN-unknown-30,خليل الغرياني (رفض المنصب وحذفت الوزارة),ar,الغرياني,second_republic,,,2016,2016|2017|2018|2019|2020,3,False,
ministers,TN-unknown-31,عبد القدوس السعداوي,ar,السعداوي,second_republic,,,2016,2016|2017|2018|2019|2020,5,False,
ministers,TN-unknown-32,حمادي بدرة,ar,بدرة,,,,,,3,False,
ministers,TN-unknown-33,جاك فيمون (حتى 19 مارس 1951),ar,فيمون,,,,,,6,False,
ministers,TN-unknown-34,لويس كارتري,ar,كارتري,,,,1987,,6,False,
ministers,TN-unknown-35,جيرار بلاشير,ar,بلاشير,,,,1987,,3,False,
ministers,TN-unknown-36,جان داز (حتى 19 مارس 1953),ar,داز,,,,1987,,3,False,
ministers,TN-unknown-37,رفيق الشلي,ar,الشلي,second_republic,,,2015,2015|2016,3,False,
ministers,TN-unknown-38,محمد الزين شلايفة,ar,شلايفة,second_republic,,,2015,2015|2016,5,False,
ministers,TN-unknown-39,بلقاسم الصابري,ar,الصابري,second_republic,,,2015,2015|2016,3,False,
ministers,TN-unknown-4,عصام   الأحمر,ar,الأحمر,saied_exception,,,2024,2024|2025,3,False,
ministers,TN-unknown-40,أمال النفطي,ar,النفطي,second_republic,,,2015,2015|2016,3,False,
ministers,TN-unknown-41,علي الحفصي جدي,ar,جدي,second_republic,,,2020,2020|2021,3,False,
ministers,TN-unknown-42,عبد اللطيف صدام,ar,صدام,ben_ali,,,1999,1999|2000|2001|2002|2003|2004|2005|2006|2007|2008|2009|2010|2011,3,False,
ministers,TN-unknown-43,الصادق فيالة,ar,فيالة,ben_ali,,,1989,1989|1990|1991|1992|1993|1994|1995|1996|1997|1998|1999|2000|2001|2002|2003|2004|2005|2006|2007|2008|2009|2010|2011,5,False,
ministers,TN-unknown-44,بشير المجدوب,ar,المجدوب,ben_ali,,,1999,1999|2000|2001|2002|2003|2004|2005|2006|2007|2008|2009|2010|2011,5,False,
ministers,TN-unknown-45,إبراهيم البكاري,ar,البكاري,ben_ali,,,1999,1999|2000|2001|2002|2003|2004|2005|2006|2007|2008|2009|2010|2011,5,False,
ministers,TN-unknown-46,يوسف المقدم,ar,المقدم,ben_ali,,,1999,1999|2000|2001|2002|2003|2004|2005|2006|2007|2008|2009|2010|2011,5,False,
ministers,TN-unknown-47,شكري العياشي,ar,العياشي,ben_ali,,,1999,1999|2000|2001|2002|2003|2004|2005|2006|2007|2008|2009|2010|2011,5,False,
ministers,TN-unknown-48,أحمد محجوب,ar,محجوب,ben_ali,,,1999,1999|2000|2001|2002|2003|2004|2005|2006|2007|2008|2009|2010|2011,5,False,
ministers,TN-unknown-49,حمودة الحامدي,ar,الحامدي,ben_ali,,,1999,1999|2000|2001|2002|2003|2004|2005|2006|2007|2008|2009|2010|2011,5,False,
ministers,TN-unknown-5,سمير عبيد,ar,عبيد,saied_exception,,,2024,2024|2025,3,False,
ministers,TN-unknown-50,المنصف بودن,ar,بودن,ben_ali,,,1999,1999|2000|2001|2002|2003|2004|2005|2006|2007|2008|2009|2010|2011,5,False,
ministers,TN-unknown-51,فرحات المديني,ar,المديني,ben_ali,,,1999,1999|2000|2001|2002|2003|2004|2005|2006|2007|2008|2009|2010|2011,5,False,
ministers,TN-unknown-52,منصف بن سعيد,ar,بن سعيد|سعيد,ben_ali,,,1999,1999|2000|2001|2002|2003|2004|2005|2006|2007|2008|2009|2010|2011,5,False,
ministers,TN-unknown-53,منتصر الوعيلي,ar,الوعيلي,ben_ali,,,1999,1999|2000|2001|2002|2003|2004|2005|2006|2007|2008|2009|2010|2011,3,False,
ministers,TN-unknown-54,كمال الحاج ساسي,ar,ساسي,ben_ali,,,1989,1989|1990|1991|1992|1993|1994|1995|1996|1997|1998|1999|2000|2001|2002|2003|2004|2005|2006|2007|2008|2009|2010|2011,5,False,
ministers,TN-unknown-55,منصف الهرقلي,ar,الهرقلي,ben_ali,,,1999,1999|2000|2001|2002|2003|2004|2005|2006|2007|2008|2009|2010|2011,5,False,
ministers,TN-unknown-56,سعيدة الشتيوي,ar,الشتيوي,ben_ali,,,1999,1999|2000|2001|2002|2003|2004|2005|2006|2007|2008|2009|2010|2011,3,False,
ministers,TN-unknown-57,محسن العروي,ar,العروي,ben_ali,,,1999,1999|2000|2001|2002|2003|2004|2005|2006|2007|2008|2009|2010|2011,5,False,
ministers,TN-unknown-58,عمر العابد,ar,العابد,ben_ali,,,1999,1999|2000|2001|2002|2003|2004|2005|2006|2007|2008|2009|2010|2011,5,False,
ministers,TN-unknown-59,فخر الدين المسعي,ar,المسعي,ben_ali,,,1999,1999|2000|2001|2002|2003|2004|2005|2006|2007|2008|2009|2010|2011,5,False,
ministers,TN-unknown-6,عز الدين بن الشيخ,ar,بن الشيخ|الشيخ,saied_exception,,,2024,2024|2025,3,False,
ministers,TN-unknown-60,صلاح الدين مخلوف,ar,مخلوف,ben_ali,,,1999,1999|2000|2001|2002|2003|2004|2005|2006|2007|2008|2009|2010|2011,5,False,
ministers,TN-unknown-61,تيجاني الحداد,ar,الحداد,ben_ali,,,1999,1999|2000|2001|2002|2003|2004|2005|2006|2007|2008|2009|2010|2011,3,False,
ministers,TN-unknown-62,صلاح الدين الجمالي,ar,الجمالي,ben_ali,,,1999,1999|2000|2001|2002|2003|2004|2005|2006|2007|2008|2009|2010|2011,5,False,
ministers,TN-unknown-63,خديجة الغرياني,ar,الغرياني,ben_ali,,,1999,1999|2000|2001|2002|2003|2004|2005|2006|2007|2008|2009|2010|2011,3,False,
ministers,TN-unknown-64,رضا بن محسن,ar,بن محسن|محسن,ben_ali,,,1999,1999|2000|2001|2002|2003|2004|2005|2006|2007|2008|2009|2010|2011,5,False,
ministers,TN-unknown-65,عبد الرزاق دعلول,ar,دعلول,ben_ali,,,1999,1999|2000|2001|2002|2003|2004|2005|2006|2007|2008|2009|2010|2011,5,False,
ministers,TN-unknown-66,محمد نجيب بالريش,ar,بالريش,ben_ali,,,1999,1999|2000|2001|2002|2003|2004|2005|2006|2007|2008|2009|2010|2011,5,False,
ministers,TN-unknown-67,عبد الحكيم بوراوي,ar,بوراوي,ben_ali,,,1999,1999|2000|2001|2002|2003|2004|2005|2006|2007|2008|2009|2010|2011,6,False,
ministers,TN-unknown-68,نجوى ميلادي,ar,ميلادي,ben_ali,,,1999,1999|2000|2001|2002|2003|2004|2005|2006|2007|2008|2009|2010|2011,3,False,
ministers,TN-unknown-69,أحمد ذويب,ar,ذويب,ben_ali,,,1999,1999|2000|2001|2002|2003|2004|2005|2006|2007|2008|2009|2010|2011,5,False,
ministers,TN-unknown-7,حمادي  الحبيّب,ar,الحبيب,saied_exception,,,2024,2024|2025,3,False,
ministers,TN-unknown-70,سلوى تارزي بن عطية,ar,بن عطية|عطية,ben_ali,,,1999,1999|2000|2001|2002|2003|2004|2005|2006|2007|2008|2009|2010|2011,5,False,
ministers,TN-unknown-71,شكري ماموغلي,ar,ماموغلي,ben_ali,,,1999,1999|2000|2001|2002|2003|2004|2005|2006|2007|2008|2009|2010|2011,5,False,
ministers,TN-unknown-72,لمياء الشافعي الصغير,ar,الصغير,ben_ali,,,1999,1999|2000|2001|2002|2003|2004|2005|2006|2007|2008|2009|2010|2011,3,False,
ministers,TN-unknown-73,بشير الوزير,ar,الوزير,ben_ali,,,1999,1999|2000|2001|2002|2003|2004|2005|2006|2007|2008|2009|2010|2011,5,False,
ministers,TN-unknown-74,عبد الحفيظ هرقام,ar,هرقام,ben_ali,,,1999,1999|2000|2001|2002|2003|2004|2005|2006|2007|2008|2009|2010|2011,3,False,
ministers,TN-unknown-75,منجي البدوي,ar,البدوي,ben_ali,,,1999,1999|2000|2001|2002|2003|2004|2005|2006|2007|2008|2009|2010|2011,5,False,
ministers,TN-unknown-76,محسن لروي,ar,لروي,ben_ali,,,1999,1999|2000|2001|2002|2003|2004|2005|2006|2007|2008|2009|2010|2011,5,False,
ministers,TN-unknown-77,عبد العزيز موقو,ar,موقو,ben_ali,,,1999,1999|2000|2001|2002|2003|2004|2005|2006|2007|2008|2009|2010|2011,5,False,
ministers,TN-unknown-78,عبد الحليم سلامة,ar,سلامة,ben_ali,,,2011,2011,3,False,
ministers,TN-unknown-79,عبد الكريم بوراوي,ar,بوراوي,ben_ali,,,1999,1999|2000|2001|2002|2003|2004|2005|2006|2007|2008|2009|2010|2011,6,False,
ministers,TN-unknown-8,منذر بلعيد,ar,بلعيد,saied_exception,,,2024,2024|2025,3,False,
ministers,TN-unknown-80,نجاح بالخيرية القروي,ar,القروي,ben_ali,,,1999,1999|2000|2001|2002|2003|2004|2005|2006|2007|2008|2009|2010|2011,5,False,
ministers,TN-unknown-81,عبد الحفيظ هرقال,ar,هرقال,ben_ali,,,1999,1999|2000|2001|2002|2003|2004|2005|2006|2007|2008|2009|2010|2011,5,False,
ministers,TN-unknown-82,بشير الزفوري,ar,الزفوري,transition,,,2011,2011|2012|2013,3,False,
ministers,TN-unknown-83,الامين الدغري,ar,الدغري,transition,,,2011,2011|2012|2013,3,False,
ministers,TN-unknown-84,هشام بن جامع,ar,بن جامع|جامع,transition,,,2011,2011|2012|2013,5,False,
ministers,TN-unknown-85,نايلة شعبان,ar,شعبان,transition,,,2014,2014|2015,3,False,
ministers,TN-unknown-86,نورالدين زكري,ar,زكري,transition,,,2014,2014|2015,3,False,
ministers,TN-unknown-87,منير مجدوب,ar,مجدوب,transition,,,2014,2014|2015,3,False,
ministers,TN-unknown-88,علي العذاري,ar,العذاري,,,,,,3,False,
ministers,TN-unknown-89,عبد القادر بلخوجة,ar,بلخوجة,,,,1980,,3,False,
ministers,TN-unknown-9,الصادق المورالي,ar,المورالي,saied_exception,,,2024,2024|2025,3,False,
ministers,TN-unknown-90,رونيه بروييه,ar,بروييه,,,,,,6,False,
ministers,TN-unknown-91,رونية روديار,ar,روديار,,,,,,6,False,
ministers,TN-unknown-92,ريمون دوفال,ar,دوفال,,,,,,3,False,
ministers,TN-unknown-93,هنري كولمان (حتى 25 نوفمبر 1947),ar,كولمان,,,,,,3,False,
ministers,TN-unknown-94,جان لوي بونينفان,ar,بونينفان,,,,,,3,False,
ministers,TN-unknown-95,جورج غاستون (حتى 16 أكتوبر 1948),ar,غاستون,,,,,,3,False,
ministers,TN-unknown-96,قاسم بوسنينة,ar,بوسنينة,ben_ali,,,1989,1989|1990|1991|1992|1993|1994|1995|1996|1997|1998|1999,5,False,
ministers,TN-unknown-97,محمد عمامو,ar,عمامو,ben_ali,,,1989,1989|1990|1991|1992|1993|1994|1995|1996|1997|1998|1999,5,False,
ministers,TN-unknown-98,محسن بوجبل,ar,بوجبل,ben_ali,,,1989,1989|1990|1991|1992|1993|1994|1995|1996|1997|1998|1999,5,False,
ministers,TN-unknown-99,عامر الحرشاني,ar,الحرشاني,ben_ali,,,1989,1989|1990|1991|1992|1993|1994|1995|1996|1997|1998|1999,5,False,
ministers,TN-wajdi-hdhili,Wajdi Hdhili,lat,HDHILI,second_republic,,,2021,2021|2022|2023|2024,3,False,
ministers,TN-walid-dhahbi,Walid Dhahbi,lat,DHAHBI,second_republic,,,2020,2020|2021,3,False,
ministers,TN-yadh-ben-achour,Yadh Ben Achour,lat,BEN ACHOUR|ACHOUR,ben_ali,,,2011,2011,3,False,
ministers,TN-youssef-ben-brahim,Youssef Ben Brahim,lat,BEN BRAHIM|BRAHIM,second_republic,,,2020,2020|2021,3,False,
ministers,TN-youssef-fennira,Youssef Fennira,lat,FENNIRA,second_republic,,,2020,2020|2021,3,False,
ministers,TN-youssef-mokaddem,Youssef Mokaddem,lat,MOKADDEM,ben_ali,,,2001,2001|2002|2003|2004|2005|2006|2007|2008|2009|2010|2011,5,False,
ministers,TN-youssef-zouaghi,Youssef Zouaghi,lat,ZOUAGHI,second_republic,,,2020,2020|2021,3,False,
ministers,TN-zakaria-belkhodja,Zakaria Belkhodja,lat,BELKHODJA,second_republic,,,2020,2020|2021,3,False,
