source,target,tie_type,weight,shared_values
Q100261455,Q16262803,shared_birth_governorate,1,le kef
Q100261455,Q16262805,shared_birth_governorate,1,le kef
Q100261455,Q19956120,shared_birth_governorate,1,le kef
Q100261455,Q27179077,shared_birth_governorate,1,le kef
Q100261455,Q2821154,shared_birth_governorate,1,le kef
Q100261455,Q2821241,shared_birth_governorate,1,le kef
Q100261455,Q980071,shared_birth_governorate,1,le kef
Q1043040,Q10514449,shared_parties,1,tahya tounes
Q1043040,Q111701635,shared_education,1,universite de tunis
Q1043040,Q121088468,shared_education,1,universite de tunis
Q1043040,Q12240251,shared_birth_governorate,1,sousse
Q1043040,Q128723414,shared_education,1,universite de tunis
Q1043040,Q130344076,shared_birth_governorate,1,sousse
Q1043040,Q1363916,shared_birth_governorate,1,sousse
Q1043040,Q1381809,shared_birth_governorate,1,sousse
Q1043040,Q1381809,shared_parties,1,التجمع الدستوري الديمقراطي
Q1043040,Q14182276,shared_birth_governorate,1,sousse
Q1043040,Q15055101,shared_parties,1,التجمع الدستوري الديمقراطي
Q1043040,Q152369,shared_parties,1,التجمع الدستوري الديمقراطي
Q1043040,Q1530765,shared_birth_governorate,1,sousse
Q1043040,Q16127215,shared_parties,1,التجمع الدستوري الديمقراطي
Q1043040,Q16267511,shared_parties,1,التجمع الدستوري الديمقراطي
Q1043040,Q16267906,shared_education,1,universite de tunis
Q1043040,Q16269532,shared_education,1,universite de tunis
Q1043040,Q16321385,shared_birth_governorate,1,sousse
Q1043040,Q16325226,shared_parties,1,التجمع الدستوري الديمقراطي
Q1043040,Q16642407,shared_education,1,universite de tunis
Q1043040,Q16666126,shared_education,1,universite de tunis
Q1043040,Q16666837,shared_birth_governorate,1,sousse
Q1043040,Q16666837,shared_parties,1,التجمع الدستوري الديمقراطي
Q1043040,Q16802173,shared_education,1,universite de tunis
Q1043040,Q16889653,shared_education,1,universite de tunis
Q1043040,Q17425841,shared_parties,1,التجمع الدستوري الديمقراطي
Q1043040,Q18384881,shared_education,1,universite de tunis
Q1043040,Q18610841,shared_education,1,universite de tunis
Q1043040,Q19060286,shared_parties,1,التجمع الدستوري الديمقراطي
Q1043040,Q19060293,shared_parties,1,التجمع الدستوري الديمقراطي
Q1043040,Q19060319,shared_education,1,universite de tunis
Q1043040,Q19060320,shared_parties,1,التجمع الدستوري الديمقراطي
Q1043040,Q19060337,shared_parties,1,التجمع الدستوري الديمقراطي
Q1043040,Q19060346,shared_parties,1,التجمع الدستوري الديمقراطي
Q1043040,Q19248970,shared_education,1,universite de tunis
Q1043040,Q19345818,shared_education,1,universite de tunis
Q1043040,Q19544932,shared_birth_governorate,1,sousse
Q1043040,Q19629356,shared_parties,1,التجمع الدستوري الديمقراطي
Q1043040,Q19956346,shared_parties,1,التجمع الدستوري الديمقراطي
Q1043040,Q20423358,shared_education,1,universite de tunis
Q1043040,Q204487,shared_birth_governorate,1,sousse
Q1043040,Q204487,shared_parties,1,التجمع الدستوري الديمقراطي
Q1043040,Q2268624,shared_parties,1,التجمع الدستوري الديمقراطي
Q1043040,Q24690603,shared_parties,1,التجمع الدستوري الديمقراطي
Q1043040,Q24752632,shared_education,1,universite de tunis
Q1043040,Q25391268,shared_parties,1,tahya tounes
Q1043040,Q2655671,shared_birth_governorate,1,sousse
Q1043040,Q2688070,shared_education,1,معهد الدراسات الدوليه والتنميه
Q1043040,Q26905827,shared_parties,1,initiative destourienne democratique
Q1043040,Q27756741,shared_education,1,universite de tunis
Q1043040,Q28105062,shared_education,1,universite de tunis
Q1043040,Q2820931,shared_education,1,universite de tunis
Q1043040,Q2820997,shared_birth_governorate,1,sousse
Q1043040,Q2821037,shared_birth_governorate,1,sousse
Q1043040,Q2821037,shared_education,1,universite de tunis
Q1043040,Q2821057,shared_education,1,universite de tunis
Q1043040,Q2821146,shared_education,1,universite de tunis
Q1043040,Q2821212,shared_education,1,universite de tunis
Q1043040,Q2821273,shared_education,1,universite de tunis
Q1043040,Q2821297,shared_birth_governorate,1,sousse
Q1043040,Q2821297,shared_education,1,universite de tunis
Q1043040,Q2821308,shared_birth_governorate,1,sousse
Q1043040,Q2827529,shared_education,1,universite de tunis
Q1043040,Q2827554,shared_education,1,universite de tunis
Q1043040,Q2827627,shared_birth_governorate,1,sousse
Q1043040,Q2827664,shared_parties,1,التجمع الدستوري الديمقراطي
Q1043040,Q2836180,shared_education,1,universite de tunis
Q1043040,Q2836180,shared_parties,1,التجمع الدستوري الديمقراطي
Q1043040,Q28465669,shared_birth_governorate,1,sousse
Q1043040,Q28502176,shared_birth_governorate,1,sousse
Q1043040,Q28869633,shared_education,1,universite de tunis
Q1043040,Q2912277,shared_parties,1,التجمع الدستوري الديمقراطي
Q1043040,Q2929705,shared_education,1,universite de tunis
Q1043040,Q2929705,shared_parties,1,التجمع الدستوري الديمقراطي
Q1043040,Q29816892,shared_parties,1,التجمع الدستوري الديمقراطي
Q1043040,Q30118294,shared_birth_governorate,1,sousse
Q1043040,Q3012366,shared_parties,1,التجمع الدستوري الديمقراطي
Q1043040,Q3066858,shared_education,1,universite de tunis
Q1043040,Q30728289,shared_parties,1,التجمع الدستوري الديمقراطي
Q1043040,Q30728498,shared_parties,1,التجمع الدستوري الديمقراطي
Q1043040,Q3125288,shared_birth_governorate,1,sousse
Q1043040,Q3125299,shared_education,1,universite de tunis
Q1043040,Q3125311,shared_birth_governorate,1,sousse
Q1043040,Q3125311,shared_education,1,universite de tunis
Q1043040,Q3125336,shared_education,1,universite de tunis
Q1043040,Q3128291,shared_education,1,universite de tunis
Q1043040,Q313539,shared_parties,1,التجمع الدستوري الديمقراطي
Q1043040,Q3141381,shared_education,1,universite de tunis
Q1043040,Q3192376,shared_parties,1,التجمع الدستوري الديمقراطي
Q1043040,Q3304511,shared_education,1,universite de tunis
Q1043040,Q3318311,shared_education,1,universite de tunis
Q1043040,Q3318509,shared_education,1,universite de tunis
Q1043040,Q3318509,shared_parties,1,التجمع الدستوري الديمقراطي
Q1043040,Q3318530,shared_education,1,universite de tunis
Q1043040,Q3318622,shared_birth_governorate,1,sousse
Q1043040,Q3318622,shared_parties,1,التجمع الدستوري الديمقراطي
Q1043040,Q3318757,shared_education,1,universite de tunis
Q1043040,Q3318781,shared_education,1,universite de tunis
Q1043040,Q3319366,shared_education,1,universite de tunis
Q1043040,Q3320454,shared_parties,1,التجمع الدستوري الديمقراطي
Q1043040,Q3320544,shared_parties,1,التجمع الدستوري الديمقراطي
Q1043040,Q3334855,shared_parties,1,التجمع الدستوري الديمقراطي
Q1043040,Q3347261,shared_parties,1,التجمع الدستوري الديمقراطي
Q1043040,Q3358533,shared_education,1,universite de tunis
Q1043040,Q3417300,shared_education,1,universite de tunis
Q1043040,Q3417300,shared_parties,1,التجمع الدستوري الديمقراطي
Q1043040,Q3417419,shared_education,1,universite de tunis
Q1043040,Q3417419,shared_parties,1,التجمع الدستوري الديمقراطي
Q1043040,Q3423310,shared_education,1,universite de tunis
Q1043040,Q3431743,shared_birth_governorate,1,sousse
Q1043040,Q3431743,shared_parties,1,التجمع الدستوري الديمقراطي
Q1043040,Q3461164,shared_parties,1,التجمع الدستوري الديمقراطي
Q1043040,Q3461169,shared_education,1,universite de tunis
Q1043040,Q3461169,shared_parties,1,التجمع الدستوري الديمقراطي
Q1043040,Q3469690,shared_education,1,universite de tunis
Q1043040,Q3470847,shared_parties,1,tahya tounes
Q1043040,Q3486507,shared_education,1,universite de tunis
Q1043040,Q3486512,shared_education,1,universite de tunis
Q1043040,Q3486513,shared_parties,1,التجمع الدستوري الديمقراطي
Q1043040,Q3486689,shared_education,1,universite de tunis
Q1043040,Q3515404,shared_education,1,universite de tunis
Q1043040,Q3515404,shared_parties,1,التجمع الدستوري الديمقراطي
Q1043040,Q38213221,shared_parties,1,التجمع الدستوري الديمقراطي
Q1043040,Q431515,shared_birth_governorate,1,sousse
Q1043040,Q431515,shared_education,1,universite de tunis
Q1043040,Q431515,shared_parties,1,التجمع الدستوري الديمقراطي
Q1043040,Q43304124,shared_parties,1,tahya tounes
Q1043040,Q43654658,shared_education,1,universite de tunis
Q1043040,Q50099224,shared_birth_governorate,1,sousse
Q1043040,Q50285534,shared_birth_governorate,1,sousse
Q1043040,Q50285534,shared_parties,1,التجمع الدستوري الديمقراطي
Q1043040,Q54875068,shared_parties,1,التجمع الدستوري الديمقراطي
Q1043040,Q54875069,shared_parties,1,التجمع الدستوري الديمقراطي
Q1043040,Q54875084,shared_birth_governorate,1,sousse
Q1043040,Q54875086,shared_parties,1,التجمع الدستوري الديمقراطي
Q1043040,Q54875087,shared_parties,1,التجمع الدستوري الديمقراطي
Q1043040,Q54875092,shared_parties,1,التجمع الدستوري الديمقراطي
Q1043040,Q54875133,shared_parties,1,التجمع الدستوري الديمقراطي
Q1043040,Q55391329,shared_parties,1,التجمع الدستوري الديمقراطي
Q1043040,Q55392087,shared_parties,1,التجمع الدستوري الديمقراطي
Q1043040,Q55392103,shared_parties,1,التجمع الدستوري الديمقراطي
Q1043040,Q57699,shared_birth_governorate,1,sousse
Q1043040,Q57699,shared_education,1,universite de tunis
Q1043040,Q60573369,shared_parties,1,التجمع الدستوري الديمقراطي
Q1043040,Q60573379,shared_parties,1,التجمع الدستوري الديمقراطي
Q1043040,Q60573426,shared_parties,1,التجمع الدستوري الديمقراطي
Q1043040,Q60573536,shared_parties,1,التجمع الدستوري الديمقراطي
Q1043040,Q60576591,shared_birth_governorate,1,sousse
Q1043040,Q62601798,shared_parties,1,tahya tounes
Q1043040,Q653162,shared_parties,1,التجمع الدستوري الديمقراطي
Q1043040,Q668526,shared_education,1,universite de tunis
Q1043040,Q85822499,shared_education,1,universite de tunis
Q1043040,Q88467296,shared_birth_governorate,1,sousse
Q1043040,Q97961043,shared_parties,1,التجمع الدستوري الديمقراطي
Q104602558,Q10514449,shared_birth_governorate,1,bizerte
Q104602558,Q109045280,shared_birth_governorate,1,bizerte
Q104602558,Q134414603,shared_birth_governorate,1,bizerte
Q104602558,Q139583145,shared_birth_governorate,1,bizerte
Q104602558,Q19544121,shared_birth_governorate,1,bizerte
Q104602558,Q21091553,shared_parties,1,machrouu tounes
Q104602558,Q22210502,shared_birth_governorate,1,bizerte
Q104602558,Q23017371,shared_birth_governorate,1,bizerte
Q104602558,Q29577522,shared_parties,1,machrouu tounes
Q104602558,Q30729169,shared_birth_governorate,1,bizerte
Q104602558,Q3128202,shared_birth_governorate,1,bizerte
Q104602558,Q3328917,shared_birth_governorate,1,bizerte
Q104602558,Q3417300,shared_birth_governorate,1,bizerte
Q104602558,Q3431747,shared_birth_governorate,1,bizerte
Q104602558,Q60573013,shared_birth_governorate,1,bizerte
Q104821906,Q104828106,shared_education,1,ecole nationale d'administration
Q104821906,Q108159069,shared_education,1,ecole nationale d'administration
Q104821906,Q108892351,shared_education,1,ecole nationale d'administration
Q104821906,Q108892355,shared_education,1,ecole nationale d'administration
Q104821906,Q108892363,shared_education,2,ecole nationale d'administration|institut de defense nationale
Q104821906,Q108892366,shared_education,1,ecole nationale d'administration
Q104821906,Q108892374,shared_education,2,ecole nationale d'administration|institut de defense nationale
Q104821906,Q116206588,shared_education,1,ecole nationale d'administration
Q104821906,Q116730514,shared_education,2,ecole nationale d'administration|institut de defense nationale
Q104821906,Q118382993,shared_education,1,institut de defense nationale
Q104821906,Q140077197,shared_education,1,institut de defense nationale
Q104821906,Q16268984,shared_education,2,ecole nationale d'administration|institut de defense nationale
Q104821906,Q16802173,shared_education,1,ecole nationale d'administration
Q104821906,Q17154190,shared_education,1,ecole nationale d'administration
Q104821906,Q19060319,shared_education,1,institut de defense nationale
Q104821906,Q19544690,shared_education,1,ecole nationale d'administration
Q104821906,Q21996842,shared_education,1,ecole nationale d'administration
Q104821906,Q2820931,shared_education,1,ecole nationale d'administration
Q104821906,Q2821210,shared_education,1,ecole nationale d'administration
Q104821906,Q28869633,shared_education,1,ecole nationale d'administration
Q104821906,Q3079840,shared_education,1,ecole nationale d'administration
Q104821906,Q3431743,shared_education,1,ecole nationale d'administration
Q104821906,Q3486507,shared_education,1,universite paris-dauphine
Q104821906,Q60573413,shared_education,1,ecole nationale d'administration
Q104821906,Q61598250,shared_education,2,ecole nationale d'administration|institut de defense nationale
Q104821906,Q65130650,shared_education,1,ecole nationale d'administration
Q104821906,Q744499,shared_education,1,ecole nationale d'administration
Q104821906,Q88485687,shared_education,1,ecole nationale d'administration
Q104821906,Q89996191,shared_education,1,ecole nationale d'administration
Q104821906,Q91626084,shared_education,1,ecole nationale d'administration
Q104821906,Q98828537,shared_education,1,universite paris-dauphine
Q104828106,Q108159069,shared_education,1,ecole nationale d'administration
Q104828106,Q108892351,shared_education,2,ecole nationale d'administration|faculte des sciences juridiques politiques et sociales de tunis
Q104828106,Q108892355,shared_education,1,ecole nationale d'administration
Q104828106,Q108892363,shared_education,1,ecole nationale d'administration
Q104828106,Q108892366,shared_education,1,ecole nationale d'administration
Q104828106,Q108892374,shared_education,1,ecole nationale d'administration
Q104828106,Q116206588,shared_education,1,ecole nationale d'administration
Q104828106,Q116730514,shared_education,1,ecole nationale d'administration
Q104828106,Q129810051,shared_education,1,faculte des sciences juridiques politiques et sociales de tunis
Q104828106,Q16268984,shared_education,1,ecole nationale d'administration
Q104828106,Q16802173,shared_education,1,ecole nationale d'administration
Q104828106,Q17154190,shared_education,1,ecole nationale d'administration
Q104828106,Q19544690,shared_education,1,ecole nationale d'administration
Q104828106,Q21996842,shared_education,1,ecole nationale d'administration
Q104828106,Q2820931,shared_education,1,ecole nationale d'administration
Q104828106,Q2821210,shared_education,1,ecole nationale d'administration
Q104828106,Q28869633,shared_education,1,ecole nationale d'administration
Q104828106,Q3079840,shared_education,1,ecole nationale d'administration
Q104828106,Q3431743,shared_education,1,ecole nationale d'administration
Q104828106,Q60573413,shared_education,1,ecole nationale d'administration
Q104828106,Q61598250,shared_education,1,ecole nationale d'administration
Q104828106,Q65130650,shared_education,1,ecole nationale d'administration
Q104828106,Q744499,shared_education,1,ecole nationale d'administration
Q104828106,Q88485687,shared_education,1,ecole nationale d'administration
Q104828106,Q89996191,shared_education,1,ecole nationale d'administration
Q104828106,Q91626084,shared_education,1,ecole nationale d'administration
Q104828106,Q98828346,shared_education,1,faculte des sciences juridiques politiques et sociales de tunis
Q104873425,Q18880483,shared_birth_governorate,1,kasserine
Q104873425,Q2821010,shared_birth_governorate,1,kasserine
Q104873425,Q3216760,shared_birth_governorate,1,kasserine
Q104873425,Q3318336,shared_birth_governorate,1,kasserine
Q104873425,Q3318652,shared_birth_governorate,1,kasserine
Q104873425,Q3344889,shared_birth_governorate,1,kasserine
Q104873425,Q49691191,shared_birth_governorate,1,kasserine
Q104873425,Q7480522,shared_birth_governorate,1,kasserine
Q10514449,Q10591389,shared_parties,1,parti democrate progressiste
Q10514449,Q109045280,shared_birth_governorate,1,bizerte
Q10514449,Q12237240,shared_parties,1,ennahdha
Q10514449,Q12352837,shared_parties,1,ennahdha
Q10514449,Q134414603,shared_birth_governorate,1,bizerte
Q10514449,Q139583145,shared_birth_governorate,1,bizerte
Q10514449,Q16642407,shared_parties,1,ennahdha
Q10514449,Q16666126,shared_parties,1,ennahdha
Q10514449,Q19543880,shared_parties,1,ennahdha
Q10514449,Q19544121,shared_birth_governorate,1,bizerte
Q10514449,Q19544932,shared_parties,1,ennahdha
Q10514449,Q22210502,shared_birth_governorate,1,bizerte
Q10514449,Q23017371,shared_birth_governorate,1,bizerte
Q10514449,Q25391268,shared_parties,1,tahya tounes
Q10514449,Q25453450,shared_parties,1,ennahdha
Q10514449,Q26834002,shared_parties,1,ennahdha
Q10514449,Q27666209,shared_parties,1,ennahdha
Q10514449,Q281184,shared_parties,1,ennahdha
Q10514449,Q2821119,shared_parties,1,ennahdha
Q10514449,Q2821154,shared_parties,1,ennahdha
Q10514449,Q2827633,shared_parties,1,parti democrate progressiste
Q10514449,Q28714939,shared_parties,1,ennahdha
Q10514449,Q2947600,shared_parties,1,ennahdha
Q10514449,Q29577510,shared_parties,1,ennahdha
Q10514449,Q30217461,shared_parties,1,ennahdha
Q10514449,Q30729169,shared_birth_governorate,1,bizerte
Q10514449,Q3128202,shared_birth_governorate,1,bizerte
Q10514449,Q3160876,shared_parties,1,ennahdha
Q10514449,Q3304511,shared_parties,1,parti democrate progressiste
Q10514449,Q3318419,shared_parties,1,ennahdha
Q10514449,Q3318652,shared_parties,1,ennahdha
Q10514449,Q3318800,shared_parties,1,ennahdha
Q10514449,Q3320435,shared_parties,1,ennahdha
Q10514449,Q3328917,shared_birth_governorate,1,bizerte
Q10514449,Q3417300,shared_birth_governorate,1,bizerte
Q10514449,Q3417420,shared_parties,1,ennahdha
Q10514449,Q3430010,shared_parties,1,ennahdha
Q10514449,Q3431747,shared_birth_governorate,1,bizerte
Q10514449,Q3431747,shared_parties,1,ennahdha
Q10514449,Q3470837,shared_parties,1,ennahdha
Q10514449,Q3470847,shared_parties,1,tahya tounes
Q10514449,Q3486675,shared_parties,1,ennahdha
Q10514449,Q43304124,shared_parties,1,tahya tounes
Q10514449,Q55999324,shared_parties,1,ennahdha
Q10514449,Q57699,shared_parties,1,ennahdha
Q10514449,Q60573013,shared_birth_governorate,1,bizerte
Q10514449,Q62601798,shared_parties,1,tahya tounes
Q10514449,Q668526,shared_parties,1,ennahdha
Q10514449,Q86734094,shared_parties,1,ennahdha
Q10514449,Q92332624,shared_parties,1,ennahdha
Q10591389,Q12240636,shared_birth_governorate,1,siliana
Q10591389,Q132560774,shared_birth_governorate,1,siliana
Q10591389,Q16679067,shared_parties,1,al joumhouri
Q10591389,Q25391268,shared_parties,1,al joumhouri
Q10591389,Q26505382,shared_birth_governorate,1,siliana
Q10591389,Q2827633,shared_parties,2,al joumhouri|parti democrate progressiste
Q10591389,Q2836180,shared_birth_governorate,1,siliana
Q10591389,Q3304511,shared_parties,1,parti democrate progressiste
Q10591389,Q3474776,shared_parties,1,al joumhouri
Q10591389,Q3571955,shared_parties,1,al joumhouri
Q10591389,Q60428357,shared_parties,1,al joumhouri
Q10591389,Q86734094,shared_birth_governorate,1,siliana
Q10591389,Q89996191,shared_birth_governorate,1,siliana
Q108159069,Q108892351,shared_education,1,ecole nationale d'administration
Q108159069,Q108892355,shared_education,1,ecole nationale d'administration
Q108159069,Q108892363,shared_education,1,ecole nationale d'administration
Q108159069,Q108892366,shared_education,1,ecole nationale d'administration
Q108159069,Q108892374,shared_education,1,ecole nationale d'administration
Q108159069,Q116206588,shared_education,1,ecole nationale d'administration
Q108159069,Q116730514,shared_education,1,ecole nationale d'administration
Q108159069,Q16268984,shared_education,1,ecole nationale d'administration
Q108159069,Q16802173,shared_education,1,ecole nationale d'administration
Q108159069,Q17154190,shared_education,1,ecole nationale d'administration
Q108159069,Q19544690,shared_education,1,ecole nationale d'administration
Q108159069,Q21996842,shared_education,1,ecole nationale d'administration
Q108159069,Q2820931,shared_education,1,ecole nationale d'administration
Q108159069,Q2821210,shared_education,1,ecole nationale d'administration
Q108159069,Q28869633,shared_education,1,ecole nationale d'administration
Q108159069,Q3079840,shared_education,1,ecole nationale d'administration
Q108159069,Q3431743,shared_education,1,ecole nationale d'administration
Q108159069,Q60573413,shared_education,1,ecole nationale d'administration
Q108159069,Q61598250,shared_education,1,ecole nationale d'administration
Q108159069,Q65130650,shared_education,1,ecole nationale d'administration
Q108159069,Q653162,shared_education,1,ecole nationale des impots
Q108159069,Q744499,shared_education,1,ecole nationale d'administration
Q108159069,Q88485687,shared_education,1,ecole nationale d'administration
Q108159069,Q89996191,shared_education,1,ecole nationale d'administration
Q108159069,Q91626084,shared_education,1,ecole nationale d'administration
Q108163613,Q3469530,shared_birth_governorate,1,manouba
Q108163613,Q53025434,shared_birth_governorate,1,manouba
Q108163613,Q88467296,shared_education,1,ecole nationale des sciences de l'informatique
Q108741355,Q111701635,shared_birth_governorate,1,kairouan
Q108741355,Q121360095,shared_birth_governorate,1,kairouan
Q108741355,Q12228423,shared_birth_governorate,1,kairouan
Q108741355,Q16178347,shared_birth_governorate,1,kairouan
Q108741355,Q16180211,shared_birth_governorate,1,kairouan
Q108741355,Q16180628,shared_birth_governorate,1,kairouan
Q108741355,Q16588807,shared_birth_governorate,1,kairouan
Q108741355,Q16666273,shared_education,1,ecole nationale superieure des mines de paris
Q108741355,Q20991574,shared_birth_governorate,1,kairouan
Q108741355,Q2388455,shared_birth_governorate,1,kairouan
Q108741355,Q27756741,shared_birth_governorate,1,kairouan
Q108741355,Q2827482,shared_birth_governorate,1,kairouan
Q108741355,Q2929686,shared_birth_governorate,1,kairouan
Q108741355,Q29577458,shared_birth_governorate,1,kairouan
Q108741355,Q3196140,shared_birth_governorate,1,kairouan
Q108741355,Q3318545,shared_birth_governorate,1,kairouan
Q108741355,Q3318731,shared_education,1,ecole nationale superieure des mines de paris
Q108741355,Q3328946,shared_birth_governorate,1,kairouan
Q108741355,Q3334747,shared_birth_governorate,1,kairouan
Q108741355,Q3357601,shared_birth_governorate,1,kairouan
Q108741355,Q3431735,shared_education,2,ecole nationale superieure des mines de paris|المدرسه الوطنيه العليا للمناجم في باريس
Q108741355,Q3486507,shared_birth_governorate,1,kairouan
Q108741355,Q3486513,shared_birth_governorate,1,kairouan
Q108865358,Q2826117,shared_education,1,ecole centrale paris
Q108865358,Q3320544,shared_education,1,المدرسه المركزيه بباريس
Q108865358,Q3431743,shared_education,1,ecole centrale paris
Q108865358,Q3571955,shared_education,2,ecole centrale paris|المدرسه المركزيه بباريس
Q108865358,Q54875092,shared_education,1,المدرسه المركزيه بباريس
Q108865358,Q90570383,shared_education,1,المدرسه المركزيه بباريس
Q108892344,Q15304780,shared_birth_governorate,1,mahdia
Q108892344,Q16263000,shared_birth_governorate,1,mahdia
Q108892344,Q17154190,shared_birth_governorate,1,mahdia
Q108892344,Q1951854,shared_birth_governorate,1,mahdia
Q108892344,Q19848008,shared_birth_governorate,1,mahdia
Q108892344,Q2374730,shared_birth_governorate,1,mahdia
Q108892344,Q25391268,shared_education,1,institut national agronomique paris-grignon
Q108892344,Q26505513,shared_birth_governorate,1,mahdia
Q108892344,Q2821127,shared_birth_governorate,1,mahdia
Q108892344,Q3304511,shared_birth_governorate,1,mahdia
Q108892344,Q3318530,shared_birth_governorate,1,mahdia
Q108892344,Q3571955,shared_birth_governorate,1,mahdia
Q108892344,Q60572709,shared_birth_governorate,1,mahdia
Q108892344,Q653162,shared_birth_governorate,1,mahdia
Q108892347,Q108892377,shared_birth_governorate,1,gafsa
Q108892347,Q16123702,shared_birth_governorate,1,gafsa
Q108892347,Q16268984,shared_birth_governorate,1,gafsa
Q108892347,Q21091553,shared_birth_governorate,1,gafsa
Q108892347,Q30104283,shared_birth_governorate,1,gafsa
Q108892347,Q3125307,shared_birth_governorate,1,gafsa
Q108892347,Q3125336,shared_birth_governorate,1,gafsa
Q108892347,Q3220051,shared_birth_governorate,1,gafsa
Q108892347,Q3220052,shared_birth_governorate,1,gafsa
Q108892347,Q3431740,shared_birth_governorate,1,gafsa
Q108892347,Q3470845,shared_birth_governorate,1,gafsa
Q108892347,Q3951110,shared_birth_governorate,1,gafsa
Q108892347,Q51460814,shared_birth_governorate,1,gafsa
Q108892351,Q108892355,shared_education,1,ecole nationale d'administration
Q108892351,Q108892363,shared_education,1,ecole nationale d'administration
Q108892351,Q108892366,shared_education,1,ecole nationale d'administration
Q108892351,Q108892374,shared_education,1,ecole nationale d'administration
Q108892351,Q116206588,shared_education,1,ecole nationale d'administration
Q108892351,Q116730514,shared_education,1,ecole nationale d'administration
Q108892351,Q129810051,shared_education,1,faculte des sciences juridiques politiques et sociales de tunis
Q108892351,Q16268984,shared_education,1,ecole nationale d'administration
Q108892351,Q16802173,shared_education,1,ecole nationale d'administration
Q108892351,Q17154190,shared_education,1,ecole nationale d'administration
Q108892351,Q19544690,shared_education,1,ecole nationale d'administration
Q108892351,Q21996842,shared_education,1,ecole nationale d'administration
Q108892351,Q2820931,shared_education,1,ecole nationale d'administration
Q108892351,Q2821210,shared_education,1,ecole nationale d'administration
Q108892351,Q28869633,shared_education,1,ecole nationale d'administration
Q108892351,Q3079840,shared_education,1,ecole nationale d'administration
Q108892351,Q3431743,shared_education,1,ecole nationale d'administration
Q108892351,Q60573413,shared_education,1,ecole nationale d'administration
Q108892351,Q61598250,shared_education,1,ecole nationale d'administration
Q108892351,Q65130650,shared_education,1,ecole nationale d'administration
Q108892351,Q744499,shared_education,1,ecole nationale d'administration
Q108892351,Q88485687,shared_education,1,ecole nationale d'administration
Q108892351,Q89996191,shared_education,1,ecole nationale d'administration
Q108892351,Q91626084,shared_education,1,ecole nationale d'administration
Q108892351,Q98828346,shared_education,1,faculte des sciences juridiques politiques et sociales de tunis
Q108892355,Q108892363,shared_education,1,ecole nationale d'administration
Q108892355,Q108892366,shared_education,1,ecole nationale d'administration
Q108892355,Q108892374,shared_education,1,ecole nationale d'administration
Q108892355,Q116206588,shared_education,1,ecole nationale d'administration
Q108892355,Q116730514,shared_education,1,ecole nationale d'administration
Q108892355,Q16027809,shared_birth_governorate,1,gabes
Q108892355,Q16268984,shared_education,1,ecole nationale d'administration
Q108892355,Q16802173,shared_education,1,ecole nationale d'administration
Q108892355,Q17154190,shared_education,1,ecole nationale d'administration
Q108892355,Q19543880,shared_birth_governorate,1,gabes
Q108892355,Q19544690,shared_education,1,ecole nationale d'administration
Q108892355,Q19629356,shared_birth_governorate,1,gabes
Q108892355,Q21996842,shared_education,1,ecole nationale d'administration
Q108892355,Q26710667,shared_birth_governorate,1,gabes
Q108892355,Q2820931,shared_education,1,ecole nationale d'administration
Q108892355,Q2821210,shared_education,1,ecole nationale d'administration
Q108892355,Q28869633,shared_education,1,ecole nationale d'administration
Q108892355,Q2972023,shared_birth_governorate,1,gabes
Q108892355,Q3079840,shared_education,1,ecole nationale d'administration
Q108892355,Q3160736,shared_birth_governorate,1,gabes
Q108892355,Q3216753,shared_birth_governorate,1,gabes
Q108892355,Q3318356,shared_birth_governorate,1,gabes
Q108892355,Q3320655,shared_birth_governorate,1,gabes
Q108892355,Q3358533,shared_birth_governorate,1,gabes
Q108892355,Q3417420,shared_birth_governorate,1,gabes
Q108892355,Q3431743,shared_education,1,ecole nationale d'administration
Q108892355,Q3431745,shared_birth_governorate,1,gabes
Q108892355,Q54875069,shared_birth_governorate,1,gabes
Q108892355,Q60573413,shared_education,1,ecole nationale d'administration
Q108892355,Q61598250,shared_education,1,ecole nationale d'administration
Q108892355,Q65130650,shared_education,1,ecole nationale d'administration
Q108892355,Q744499,shared_education,1,ecole nationale d'administration
Q108892355,Q88485687,shared_education,1,ecole nationale d'administration
Q108892355,Q89996191,shared_education,1,ecole nationale d'administration
Q108892355,Q91626084,shared_education,1,ecole nationale d'administration
Q108892355,Q92199953,shared_birth_governorate,1,gabes
Q108892363,Q108892366,shared_education,1,ecole nationale d'administration
Q108892363,Q108892374,shared_education,2,ecole nationale d'administration|institut de defense nationale
Q108892363,Q116206588,shared_education,1,ecole nationale d'administration
Q108892363,Q116730514,shared_education,2,ecole nationale d'administration|institut de defense nationale
Q108892363,Q118382993,shared_education,1,institut de defense nationale
Q108892363,Q140077197,shared_education,1,institut de defense nationale
Q108892363,Q16268984,shared_education,2,ecole nationale d'administration|institut de defense nationale
Q108892363,Q16802173,shared_education,1,ecole nationale d'administration
Q108892363,Q17154190,shared_education,1,ecole nationale d'administration
Q108892363,Q19060319,shared_education,1,institut de defense nationale
Q108892363,Q19544690,shared_education,1,ecole nationale d'administration
Q108892363,Q21996842,shared_education,1,ecole nationale d'administration
Q108892363,Q2820931,shared_education,1,ecole nationale d'administration
Q108892363,Q2821210,shared_education,1,ecole nationale d'administration
Q108892363,Q28869633,shared_education,1,ecole nationale d'administration
Q108892363,Q3079840,shared_education,1,ecole nationale d'administration
Q108892363,Q3431743,shared_education,1,ecole nationale d'administration
Q108892363,Q60573413,shared_education,1,ecole nationale d'administration
Q108892363,Q61598250,shared_education,2,ecole nationale d'administration|institut de defense nationale
Q108892363,Q65130650,shared_education,1,ecole nationale d'administration
Q108892363,Q744499,shared_education,1,ecole nationale d'administration
Q108892363,Q88485687,shared_education,1,ecole nationale d'administration
Q108892363,Q89996191,shared_education,1,ecole nationale d'administration
Q108892363,Q91626084,shared_education,1,ecole nationale d'administration
Q108892366,Q108892374,shared_education,1,ecole nationale d'administration
Q108892366,Q116206588,shared_education,1,ecole nationale d'administration
Q108892366,Q116730514,shared_education,1,ecole nationale d'administration
Q108892366,Q136257453,shared_education,1,faculte des sciences economiques et de gestion de tunis
Q108892366,Q16268984,shared_education,1,ecole nationale d'administration
Q108892366,Q16802173,shared_education,1,ecole nationale d'administration
Q108892366,Q17154190,shared_education,1,ecole nationale d'administration
Q108892366,Q19544690,shared_education,1,ecole nationale d'administration
Q108892366,Q21996842,shared_education,1,ecole nationale d'administration
Q108892366,Q2820931,shared_education,1,ecole nationale d'administration
Q108892366,Q2821210,shared_education,1,ecole nationale d'administration
Q108892366,Q28869633,shared_education,1,ecole nationale d'administration
Q108892366,Q3079840,shared_education,1,ecole nationale d'administration
Q108892366,Q3431743,shared_education,1,ecole nationale d'administration
Q108892366,Q60573413,shared_education,1,ecole nationale d'administration
Q108892366,Q61598250,shared_education,1,ecole nationale d'administration
Q108892366,Q65130650,shared_education,1,ecole nationale d'administration
Q108892366,Q744499,shared_education,1,ecole nationale d'administration
Q108892366,Q88485687,shared_education,1,ecole nationale d'administration
Q108892366,Q89996191,shared_education,1,ecole nationale d'administration
Q108892366,Q91626084,shared_education,1,ecole nationale d'administration
Q108892374,Q116206588,shared_education,1,ecole nationale d'administration
Q108892374,Q116730514,shared_education,2,ecole nationale d'administration|institut de defense nationale
Q108892374,Q118382993,shared_education,1,institut de defense nationale
Q108892374,Q136456985,shared_education,1,ecole nationale d'ingenieurs de tunis
Q108892374,Q140077197,shared_education,1,institut de defense nationale
Q108892374,Q16268984,shared_education,2,ecole nationale d'administration|institut de defense nationale
Q108892374,Q16802173,shared_education,1,ecole nationale d'administration
Q108892374,Q16855080,shared_education,1,ecole nationale d'ingenieurs de tunis
Q108892374,Q17154190,shared_education,1,ecole nationale d'administration
Q108892374,Q19060319,shared_education,1,institut de defense nationale
Q108892374,Q19544690,shared_education,1,ecole nationale d'administration
Q108892374,Q19848008,shared_education,1,ecole nationale d'ingenieurs de tunis
Q108892374,Q20991574,shared_education,1,ecole nationale d'ingenieurs de tunis
Q108892374,Q21996842,shared_education,1,ecole nationale d'administration
Q108892374,Q2820931,shared_education,1,ecole nationale d'administration
Q108892374,Q2821119,shared_education,1,ecole nationale d'ingenieurs de tunis
Q108892374,Q2821210,shared_education,1,ecole nationale d'administration
Q108892374,Q28869633,shared_education,1,ecole nationale d'administration
Q108892374,Q3079840,shared_education,1,ecole nationale d'administration
Q108892374,Q3318774,shared_education,1,ecole nationale d'ingenieurs de tunis
Q108892374,Q3431743,shared_education,1,ecole nationale d'administration
Q108892374,Q3486513,shared_education,1,ecole nationale d'ingenieurs de tunis
Q108892374,Q51173119,shared_education,1,ecole nationale d'ingenieurs de tunis
Q108892374,Q60573413,shared_education,1,ecole nationale d'administration
Q108892374,Q61598250,shared_education,2,ecole nationale d'administration|institut de defense nationale
Q108892374,Q65130650,shared_education,1,ecole nationale d'administration
Q108892374,Q744499,shared_education,1,ecole nationale d'administration
Q108892374,Q88485687,shared_education,1,ecole nationale d'administration
Q108892374,Q89996191,shared_education,1,ecole nationale d'administration
Q108892374,Q91626084,shared_education,1,ecole nationale d'administration
Q108892377,Q16123702,shared_birth_governorate,1,gafsa
Q108892377,Q16268984,shared_birth_governorate,1,gafsa
Q108892377,Q19955807,shared_education,1,universite pierre-et-marie-curie
Q108892377,Q21091553,shared_birth_governorate,1,gafsa
Q108892377,Q22344522,shared_education,1,universite pierre-et-marie-curie
Q108892377,Q2821154,shared_education,1,faculte des sciences de tunis
Q108892377,Q2827554,shared_education,1,universite pierre-et-marie-curie
Q108892377,Q30104283,shared_birth_governorate,1,gafsa
Q108892377,Q30729066,shared_education,1,universite pierre-et-marie-curie
Q108892377,Q3125307,shared_birth_governorate,1,gafsa
Q108892377,Q3125336,shared_birth_governorate,1,gafsa
Q108892377,Q3220051,shared_birth_governorate,1,gafsa
Q108892377,Q3220052,shared_birth_governorate,1,gafsa
Q108892377,Q3431740,shared_birth_governorate,1,gafsa
Q108892377,Q3470845,shared_birth_governorate,1,gafsa
Q108892377,Q3951110,shared_birth_governorate,1,gafsa
Q108892377,Q51460814,shared_birth_governorate,1,gafsa
Q108892383,Q116730514,shared_education,1,universite paris-i-pantheon-sorbonne
Q108892383,Q16639035,shared_education,1,universite paris-i-pantheon-sorbonne
Q108892383,Q2268624,shared_education,1,universite paris-i-pantheon-sorbonne
Q108892383,Q25453450,shared_education,1,universite paris-i-pantheon-sorbonne
Q108892383,Q26505513,shared_education,1,universite paris-i-pantheon-sorbonne
Q108892383,Q26905827,shared_education,1,universite paris-i-pantheon-sorbonne
Q108892383,Q27665914,shared_education,1,universite paris-i-pantheon-sorbonne
Q108892383,Q28502176,shared_education,1,universite paris-i-pantheon-sorbonne
Q108892383,Q3318530,shared_education,1,universite paris-i-pantheon-sorbonne
Q108892383,Q3320454,shared_education,1,universite paris-i-pantheon-sorbonne
Q108892383,Q3320646,shared_education,1,universite paris-i-pantheon-sorbonne
Q108892383,Q53015850,shared_education,1,universite paris-i-pantheon-sorbonne
Q108892383,Q60573536,shared_education,1,universite paris-i-pantheon-sorbonne
Q108892383,Q89844681,shared_education,1,universite paris-i-pantheon-sorbonne
Q108892383,Q98828599,shared_education,1,universite paris-i-pantheon-sorbonne
Q108892387,Q11775942,shared_birth_governorate,1,medenine
Q108892387,Q12239668,shared_birth_governorate,1,medenine
Q108892387,Q136257453,shared_birth_governorate,1,medenine
Q108892387,Q16325226,shared_birth_governorate,1,medenine
Q108892387,Q16642407,shared_birth_governorate,1,medenine
Q108892387,Q16664925,shared_birth_governorate,1,medenine
Q108892387,Q16665400,shared_birth_governorate,1,medenine
Q108892387,Q16855223,shared_birth_governorate,1,medenine
Q108892387,Q19060346,shared_birth_governorate,1,medenine
Q108892387,Q19956395,shared_birth_governorate,1,medenine
Q108892387,Q20417790,shared_birth_governorate,1,medenine
Q108892387,Q27756642,shared_birth_governorate,1,medenine
Q108892387,Q281184,shared_birth_governorate,1,medenine
Q108892387,Q2824176,shared_birth_governorate,1,medenine
Q108892387,Q2827529,shared_birth_governorate,1,medenine
Q108892387,Q2827554,shared_birth_governorate,1,medenine
Q108892387,Q2827587,shared_birth_governorate,1,medenine
Q108892387,Q2929679,shared_birth_governorate,1,medenine
Q108892387,Q29577510,shared_birth_governorate,1,medenine
Q108892387,Q30217461,shared_birth_governorate,1,medenine
Q108892387,Q30729047,shared_birth_governorate,1,medenine
Q108892387,Q3318465,shared_education,1,faculte des sciences humaines et sociales de tunis
Q108892387,Q3430010,shared_birth_governorate,1,medenine
Q108892387,Q3461164,shared_birth_governorate,1,medenine
Q108892387,Q3469772,shared_birth_governorate,1,medenine
Q108892387,Q3470859,shared_birth_governorate,1,medenine
Q108892387,Q496042,shared_birth_governorate,1,medenine
Q108892387,Q54875067,shared_birth_governorate,1,medenine
Q108892387,Q54875178,shared_education,1,faculte des sciences humaines et sociales de tunis
Q108892387,Q61598250,shared_birth_governorate,1,medenine
Q109045280,Q134414603,shared_birth_governorate,1,bizerte
Q109045280,Q139583145,shared_birth_governorate,1,bizerte
Q109045280,Q19544121,shared_birth_governorate,1,bizerte
Q109045280,Q22210502,shared_birth_governorate,1,bizerte
Q109045280,Q23017371,shared_birth_governorate,1,bizerte
Q109045280,Q30729169,shared_birth_governorate,1,bizerte
Q109045280,Q3128202,shared_birth_governorate,1,bizerte
Q109045280,Q3328917,shared_birth_governorate,1,bizerte
Q109045280,Q3417300,shared_birth_governorate,1,bizerte
Q109045280,Q3431747,shared_birth_governorate,1,bizerte
Q109045280,Q60573013,shared_birth_governorate,1,bizerte
Q109544397,Q12214730,shared_birth_governorate,1,sfax
Q109544397,Q12246948,shared_birth_governorate,1,sfax
Q109544397,Q132633142,shared_birth_governorate,1,sfax
Q109544397,Q136456985,shared_birth_governorate,1,sfax
Q109544397,Q16855080,shared_birth_governorate,1,sfax
Q109544397,Q16855250,shared_birth_governorate,1,sfax
Q109544397,Q18384881,shared_birth_governorate,1,sfax
Q109544397,Q18610883,shared_birth_governorate,1,sfax
Q109544397,Q19951841,shared_birth_governorate,1,sfax
Q109544397,Q20047058,shared_birth_governorate,1,sfax
Q109544397,Q24690603,shared_birth_governorate,1,sfax
Q109544397,Q27758476,shared_birth_governorate,1,sfax
Q109544397,Q2820931,shared_birth_governorate,1,sfax
Q109544397,Q2821057,shared_birth_governorate,1,sfax
Q109544397,Q2821210,shared_birth_governorate,1,sfax
Q109544397,Q2821212,shared_birth_governorate,1,sfax
Q109544397,Q2821280,shared_birth_governorate,1,sfax
Q109544397,Q28653580,shared_birth_governorate,1,sfax
Q109544397,Q3318475,shared_birth_governorate,1,sfax
Q109544397,Q3320435,shared_birth_governorate,1,sfax
Q109544397,Q3331012,shared_birth_governorate,1,sfax
Q109544397,Q3344886,shared_birth_governorate,1,sfax
Q109544397,Q3461169,shared_birth_governorate,1,sfax
Q109544397,Q3469690,shared_birth_governorate,1,sfax
Q109544397,Q3473691,shared_birth_governorate,1,sfax
Q109544397,Q3486512,shared_birth_governorate,1,sfax
Q109544397,Q3486677,shared_birth_governorate,1,sfax
Q109544397,Q3490439,shared_birth_governorate,1,sfax
Q109544397,Q42311056,shared_birth_governorate,1,sfax
Q109544397,Q43654658,shared_birth_governorate,1,sfax
Q109544397,Q55381738,shared_birth_governorate,1,sfax
Q109544397,Q668526,shared_birth_governorate,1,sfax
Q109544397,Q744499,shared_birth_governorate,1,sfax
Q109544397,Q92316785,shared_birth_governorate,1,sfax
Q109544397,Q92354033,shared_birth_governorate,1,sfax
Q109544397,Q99539200,shared_birth_governorate,1,sfax
Q111701635,Q121088468,shared_education,1,universite de tunis
Q111701635,Q121360095,shared_birth_governorate,1,kairouan
Q111701635,Q12228423,shared_birth_governorate,1,kairouan
Q111701635,Q128723414,shared_education,1,universite de tunis
Q111701635,Q16178347,shared_birth_governorate,1,kairouan
Q111701635,Q16180211,shared_birth_governorate,1,kairouan
Q111701635,Q16180628,shared_birth_governorate,1,kairouan
Q111701635,Q16267906,shared_education,1,universite de tunis
Q111701635,Q16269532,shared_education,1,universite de tunis
Q111701635,Q16588807,shared_birth_governorate,1,kairouan
Q111701635,Q16642407,shared_education,1,universite de tunis
Q111701635,Q16666126,shared_education,1,universite de tunis
Q111701635,Q16802173,shared_education,1,universite de tunis
Q111701635,Q16889653,shared_education,1,universite de tunis
Q111701635,Q18384881,shared_education,1,universite de tunis
Q111701635,Q18610841,shared_education,1,universite de tunis
Q111701635,Q19060319,shared_education,1,universite de tunis
Q111701635,Q19248970,shared_education,1,universite de tunis
Q111701635,Q19345818,shared_education,1,universite de tunis
Q111701635,Q20423358,shared_education,1,universite de tunis
Q111701635,Q20991574,shared_birth_governorate,1,kairouan
Q111701635,Q2388455,shared_birth_governorate,1,kairouan
Q111701635,Q2388455,shared_education,1,universite de paris
Q111701635,Q24752632,shared_education,1,universite de tunis
Q111701635,Q25453450,shared_education,1,universite de paris
Q111701635,Q27665914,shared_education,1,universite de paris
Q111701635,Q27756741,shared_birth_governorate,1,kairouan
Q111701635,Q27756741,shared_education,1,universite de tunis
Q111701635,Q28105062,shared_education,1,universite de tunis
Q111701635,Q2820931,shared_education,1,universite de tunis
Q111701635,Q2821037,shared_education,1,universite de tunis
Q111701635,Q2821057,shared_education,1,universite de tunis
Q111701635,Q2821146,shared_education,1,universite de tunis
Q111701635,Q2821212,shared_education,1,universite de tunis
Q111701635,Q2821273,shared_education,1,universite de tunis
Q111701635,Q2821297,shared_education,1,universite de tunis
Q111701635,Q2827482,shared_birth_governorate,1,kairouan
Q111701635,Q2827529,shared_education,1,universite de tunis
Q111701635,Q2827554,shared_education,2,universite de paris|universite de tunis
Q111701635,Q2836180,shared_education,1,universite de tunis
Q111701635,Q28869633,shared_education,1,universite de tunis
Q111701635,Q2929686,shared_birth_governorate,1,kairouan
Q111701635,Q2929705,shared_education,1,universite de tunis
Q111701635,Q29577458,shared_birth_governorate,1,kairouan
Q111701635,Q2961945,shared_education,1,universite de paris
Q111701635,Q3066858,shared_education,1,universite de tunis
Q111701635,Q3125299,shared_education,1,universite de tunis
Q111701635,Q3125311,shared_education,1,universite de tunis
Q111701635,Q3125336,shared_education,1,universite de tunis
Q111701635,Q3128291,shared_education,1,universite de tunis
Q111701635,Q3141381,shared_education,1,universite de tunis
Q111701635,Q3196140,shared_birth_governorate,1,kairouan
Q111701635,Q3304511,shared_education,1,universite de tunis
Q111701635,Q3318311,shared_education,1,universite de tunis
Q111701635,Q3318465,shared_education,1,universite de paris
Q111701635,Q3318509,shared_education,1,universite de tunis
Q111701635,Q3318530,shared_education,1,universite de tunis
Q111701635,Q3318545,shared_birth_governorate,1,kairouan
Q111701635,Q3318757,shared_education,1,universite de tunis
Q111701635,Q3318781,shared_education,1,universite de tunis
Q111701635,Q3319366,shared_education,1,universite de tunis
Q111701635,Q3320644,shared_education,1,universite de paris
Q111701635,Q3328946,shared_birth_governorate,1,kairouan
Q111701635,Q3334747,shared_birth_governorate,1,kairouan
Q111701635,Q3357601,shared_birth_governorate,1,kairouan
Q111701635,Q3358533,shared_education,1,universite de tunis
Q111701635,Q3417300,shared_education,1,universite de tunis
Q111701635,Q3417419,shared_education,1,universite de tunis
Q111701635,Q3423310,shared_education,1,universite de tunis
Q111701635,Q3431743,shared_education,1,universite de paris
Q111701635,Q3461169,shared_education,1,universite de tunis
Q111701635,Q3469690,shared_education,1,universite de tunis
Q111701635,Q3486507,shared_birth_governorate,1,kairouan
Q111701635,Q3486507,shared_education,1,universite de tunis
Q111701635,Q3486512,shared_education,1,universite de tunis
Q111701635,Q3486513,shared_birth_governorate,1,kairouan
Q111701635,Q3486689,shared_education,1,universite de tunis
Q111701635,Q3515404,shared_education,1,universite de tunis
Q111701635,Q431515,shared_education,1,universite de tunis
Q111701635,Q43654658,shared_education,2,universite de paris|universite de tunis
Q111701635,Q57699,shared_education,1,universite de tunis
Q111701635,Q584073,shared_education,1,universite de lyon
Q111701635,Q60576591,shared_education,1,universite de paris
Q111701635,Q643348,shared_education,1,universite de paris
Q111701635,Q653162,shared_education,1,universite de paris
Q111701635,Q668526,shared_education,1,universite de tunis
Q111701635,Q85822499,shared_education,1,universite de tunis
Q116206588,Q116730514,shared_education,1,ecole nationale d'administration
Q116206588,Q130344076,shared_education,1,universite de sousse
Q116206588,Q136257453,shared_education,1,universite de sousse
Q116206588,Q1380979,shared_education,1,universite de sousse
Q116206588,Q16268984,shared_education,1,ecole nationale d'administration
Q116206588,Q16802173,shared_education,1,ecole nationale d'administration
Q116206588,Q17154190,shared_education,1,ecole nationale d'administration
Q116206588,Q19544690,shared_education,1,ecole nationale d'administration
Q116206588,Q21996842,shared_education,1,ecole nationale d'administration
Q116206588,Q2820931,shared_education,1,ecole nationale d'administration
Q116206588,Q2821210,shared_education,1,ecole nationale d'administration
Q116206588,Q28869633,shared_education,1,ecole nationale d'administration
Q116206588,Q3079840,shared_education,1,ecole nationale d'administration
Q116206588,Q3431743,shared_education,1,ecole nationale d'administration
Q116206588,Q3470837,shared_education,1,universite de sousse
Q116206588,Q60573413,shared_education,1,ecole nationale d'administration
Q116206588,Q61598250,shared_education,1,ecole nationale d'administration
Q116206588,Q65130650,shared_education,1,ecole nationale d'administration
Q116206588,Q744499,shared_education,1,ecole nationale d'administration
Q116206588,Q88485687,shared_education,1,ecole nationale d'administration
Q116206588,Q89996191,shared_education,1,ecole nationale d'administration
Q116206588,Q91626084,shared_education,1,ecole nationale d'administration
Q116730514,Q118382993,shared_education,1,institut de defense nationale
Q116730514,Q140077197,shared_education,1,institut de defense nationale
Q116730514,Q16268984,shared_education,2,ecole nationale d'administration|institut de defense nationale
Q116730514,Q16639035,shared_education,1,universite paris-i-pantheon-sorbonne
Q116730514,Q16802173,shared_education,1,ecole nationale d'administration
Q116730514,Q17154190,shared_education,1,ecole nationale d'administration
Q116730514,Q19060319,shared_education,1,institut de defense nationale
Q116730514,Q19544690,shared_education,1,ecole nationale d'administration
Q116730514,Q21996842,shared_education,1,ecole nationale d'administration
Q116730514,Q2268624,shared_education,1,universite paris-i-pantheon-sorbonne
Q116730514,Q25453450,shared_education,1,universite paris-i-pantheon-sorbonne
Q116730514,Q26505513,shared_education,1,universite paris-i-pantheon-sorbonne
Q116730514,Q26905827,shared_education,1,universite paris-i-pantheon-sorbonne
Q116730514,Q27665914,shared_education,1,universite paris-i-pantheon-sorbonne
Q116730514,Q2820931,shared_education,1,ecole nationale d'administration
Q116730514,Q2821210,shared_education,1,ecole nationale d'administration
Q116730514,Q28502176,shared_education,1,universite paris-i-pantheon-sorbonne
Q116730514,Q28869633,shared_education,1,ecole nationale d'administration
Q116730514,Q3079840,shared_education,1,ecole nationale d'administration
Q116730514,Q3318530,shared_education,1,universite paris-i-pantheon-sorbonne
Q116730514,Q3320454,shared_education,1,universite paris-i-pantheon-sorbonne
Q116730514,Q3320646,shared_education,1,universite paris-i-pantheon-sorbonne
Q116730514,Q3431743,shared_education,1,ecole nationale d'administration
Q116730514,Q53015850,shared_education,1,universite paris-i-pantheon-sorbonne
Q116730514,Q60573413,shared_education,1,ecole nationale d'administration
Q116730514,Q60573536,shared_education,1,universite paris-i-pantheon-sorbonne
Q116730514,Q61598250,shared_education,2,ecole nationale d'administration|institut de defense nationale
Q116730514,Q65130650,shared_education,1,ecole nationale d'administration
Q116730514,Q744499,shared_education,1,ecole nationale d'administration
Q116730514,Q88485687,shared_education,1,ecole nationale d'administration
Q116730514,Q89844681,shared_education,1,universite paris-i-pantheon-sorbonne
Q116730514,Q89996191,shared_education,1,ecole nationale d'administration
Q116730514,Q91626084,shared_education,1,ecole nationale d'administration
Q116730514,Q98828599,shared_education,1,universite paris-i-pantheon-sorbonne
Q117209481,Q121088468,shared_education,1,faculte de droit et des sciences politiques de tunis
Q117209481,Q12217102,shared_education,1,faculte de droit et des sciences politiques de tunis
Q117209481,Q125337883,shared_education,1,faculte de droit et des sciences politiques de tunis
Q117209481,Q28869633,shared_education,1,faculte de droit et des sciences politiques de tunis
Q117209481,Q3490439,shared_education,1,faculte de droit et des sciences politiques de tunis
Q117209481,Q88485687,shared_education,1,faculte de droit et des sciences politiques de tunis
Q11775942,Q12239668,shared_birth_governorate,1,medenine
Q11775942,Q136257453,shared_birth_governorate,1,medenine
Q11775942,Q16325226,shared_birth_governorate,1,medenine
Q11775942,Q16642407,shared_birth_governorate,1,medenine
Q11775942,Q16664925,shared_birth_governorate,1,medenine
Q11775942,Q16665400,shared_birth_governorate,1,medenine
Q11775942,Q16855223,shared_birth_governorate,1,medenine
Q11775942,Q19060346,shared_birth_governorate,1,medenine
Q11775942,Q19956395,shared_birth_governorate,1,medenine
Q11775942,Q20417790,shared_birth_governorate,1,medenine
Q11775942,Q27756642,shared_birth_governorate,1,medenine
Q11775942,Q281184,shared_birth_governorate,1,medenine
Q11775942,Q2824176,shared_birth_governorate,1,medenine
Q11775942,Q2827529,shared_birth_governorate,1,medenine
Q11775942,Q2827554,shared_birth_governorate,1,medenine
Q11775942,Q2827587,shared_birth_governorate,1,medenine
Q11775942,Q2929679,shared_birth_governorate,1,medenine
Q11775942,Q29577510,shared_birth_governorate,1,medenine
Q11775942,Q30217461,shared_birth_governorate,1,medenine
Q11775942,Q30729047,shared_birth_governorate,1,medenine
Q11775942,Q3430010,shared_birth_governorate,1,medenine
Q11775942,Q3461164,shared_birth_governorate,1,medenine
Q11775942,Q3469772,shared_birth_governorate,1,medenine
Q11775942,Q3470859,shared_birth_governorate,1,medenine
Q11775942,Q496042,shared_birth_governorate,1,medenine
Q11775942,Q54875067,shared_birth_governorate,1,medenine
Q11775942,Q61598250,shared_birth_governorate,1,medenine
Q118382993,Q121356281,shared_education,1,college sadiki
Q118382993,Q12184481,shared_education,1,college sadiki
Q118382993,Q12239816,shared_education,1,college sadiki
Q118382993,Q132633117,shared_education,1,college sadiki
Q118382993,Q140077197,shared_education,1,institut de defense nationale
Q118382993,Q152369,shared_education,1,college sadiki
Q118382993,Q1530765,shared_education,1,college sadiki
Q118382993,Q16120212,shared_education,1,faculte de medecine de tunis
Q118382993,Q16222569,shared_education,1,college sadiki
Q118382993,Q16263000,shared_education,1,college sadiki
Q118382993,Q16268984,shared_education,1,institut de defense nationale
Q118382993,Q16325262,shared_education,1,college sadiki
Q118382993,Q1890995,shared_education,1,college sadiki
Q118382993,Q19060319,shared_education,2,college sadiki|institut de defense nationale
Q118382993,Q1951854,shared_education,1,college sadiki
Q118382993,Q20643083,shared_education,1,college sadiki
Q118382993,Q22344522,shared_education,1,faculte de medecine de tunis
Q118382993,Q2268624,shared_education,1,college sadiki
Q118382993,Q2374730,shared_education,1,college sadiki
Q118382993,Q27179077,shared_education,1,college sadiki
Q118382993,Q282026,shared_education,1,college sadiki
Q118382993,Q2821154,shared_education,1,faculte de medecine de tunis
Q118382993,Q2821259,shared_education,1,college sadiki
Q118382993,Q2821273,shared_education,1,college sadiki
Q118382993,Q2827512,shared_education,1,college sadiki
Q118382993,Q2836334,shared_education,1,college sadiki
Q118382993,Q28653580,shared_education,1,faculte de medecine de tunis
Q118382993,Q2875153,shared_education,1,college sadiki
Q118382993,Q2912277,shared_education,1,faculte de medecine de tunis
Q118382993,Q29577522,shared_education,1,faculte de medecine de tunis
Q118382993,Q2961945,shared_education,1,college sadiki
Q118382993,Q3067195,shared_education,1,college sadiki
Q118382993,Q313539,shared_education,1,college sadiki
Q118382993,Q3144594,shared_education,1,college sadiki
Q118382993,Q3196139,shared_education,1,college sadiki
Q118382993,Q3216753,shared_education,1,college sadiki
Q118382993,Q3320544,shared_education,1,college sadiki
Q118382993,Q3320644,shared_education,1,college sadiki
Q118382993,Q3320650,shared_education,1,college sadiki
Q118382993,Q3328933,shared_education,1,college sadiki
Q118382993,Q3328946,shared_education,1,college sadiki
Q118382993,Q3344886,shared_education,1,college sadiki
Q118382993,Q3461164,shared_education,1,college sadiki
Q118382993,Q3470003,shared_education,2,college sadiki|faculte de medecine de tunis
Q118382993,Q3516540,shared_education,1,college sadiki
Q118382993,Q3516543,shared_education,1,college sadiki
Q118382993,Q377921,shared_education,1,college sadiki
Q118382993,Q48757077,shared_education,1,college sadiki
Q118382993,Q495681,shared_education,1,college sadiki
Q118382993,Q496165,shared_education,1,college sadiki
Q118382993,Q507856,shared_education,1,college sadiki
Q118382993,Q586623,shared_education,1,college sadiki
Q118382993,Q61598250,shared_education,1,institut de defense nationale
Q118382993,Q643348,shared_education,1,college sadiki
Q118382993,Q800238,shared_education,1,college sadiki
Q118382993,Q86329266,shared_education,1,faculte de medecine de tunis
Q121088468,Q12217102,shared_education,1,faculte de droit et des sciences politiques de tunis
Q121088468,Q125337883,shared_education,1,faculte de droit et des sciences politiques de tunis
Q121088468,Q128723414,shared_education,1,universite de tunis
Q121088468,Q16267906,shared_education,1,universite de tunis
Q121088468,Q16269532,shared_education,1,universite de tunis
Q121088468,Q16642407,shared_education,1,universite de tunis
Q121088468,Q16666126,shared_education,1,universite de tunis
Q121088468,Q16802173,shared_education,1,universite de tunis
Q121088468,Q16889653,shared_education,1,universite de tunis
Q121088468,Q18384881,shared_education,1,universite de tunis
Q121088468,Q18610841,shared_education,1,universite de tunis
Q121088468,Q19060319,shared_education,1,universite de tunis
Q121088468,Q19248970,shared_education,1,universite de tunis
Q121088468,Q19345818,shared_education,1,universite de tunis
Q121088468,Q20423358,shared_education,1,universite de tunis
Q121088468,Q24752632,shared_education,1,universite de tunis
Q121088468,Q27756741,shared_education,1,universite de tunis
Q121088468,Q28105062,shared_education,1,universite de tunis
Q121088468,Q2820931,shared_education,1,universite de tunis
Q121088468,Q2821037,shared_education,1,universite de tunis
Q121088468,Q2821057,shared_education,1,universite de tunis
Q121088468,Q2821146,shared_education,1,universite de tunis
Q121088468,Q2821212,shared_education,1,universite de tunis
Q121088468,Q2821273,shared_education,1,universite de tunis
Q121088468,Q2821297,shared_education,1,universite de tunis
Q121088468,Q2827529,shared_education,1,universite de tunis
Q121088468,Q2827554,shared_education,1,universite de tunis
Q121088468,Q2836180,shared_education,1,universite de tunis
Q121088468,Q28869633,shared_education,2,faculte de droit et des sciences politiques de tunis|universite de tunis
Q121088468,Q2929705,shared_education,1,universite de tunis
Q121088468,Q3066858,shared_education,1,universite de tunis
Q121088468,Q3125299,shared_education,1,universite de tunis
Q121088468,Q3125311,shared_education,1,universite de tunis
Q121088468,Q3125336,shared_education,1,universite de tunis
Q121088468,Q3128291,shared_education,1,universite de tunis
Q121088468,Q3141381,shared_education,1,universite de tunis
Q121088468,Q3304511,shared_education,1,universite de tunis
Q121088468,Q3318311,shared_education,1,universite de tunis
Q121088468,Q3318509,shared_education,1,universite de tunis
Q121088468,Q3318530,shared_education,1,universite de tunis
Q121088468,Q3318757,shared_education,1,universite de tunis
Q121088468,Q3318781,shared_education,1,universite de tunis
Q121088468,Q3319366,shared_education,1,universite de tunis
Q121088468,Q3358533,shared_education,1,universite de tunis
Q121088468,Q3417300,shared_education,1,universite de tunis
Q121088468,Q3417419,shared_education,1,universite de tunis
Q121088468,Q3423310,shared_education,1,universite de tunis
Q121088468,Q3461169,shared_education,1,universite de tunis
Q121088468,Q3469690,shared_education,1,universite de tunis
Q121088468,Q3486507,shared_education,1,universite de tunis
Q121088468,Q3486512,shared_education,1,universite de tunis
Q121088468,Q3486689,shared_education,1,universite de tunis
Q121088468,Q3490439,shared_education,1,faculte de droit et des sciences politiques de tunis
Q121088468,Q3515404,shared_education,1,universite de tunis
Q121088468,Q431515,shared_education,1,universite de tunis
Q121088468,Q43654658,shared_education,1,universite de tunis
Q121088468,Q57699,shared_education,1,universite de tunis
Q121088468,Q668526,shared_education,1,universite de tunis
Q121088468,Q85822499,shared_education,1,universite de tunis
Q121088468,Q88485687,shared_education,1,faculte de droit et des sciences politiques de tunis
Q121356281,Q121360095,shared_parties,1,parti socialiste destourien
Q121356281,Q12184481,shared_education,1,college sadiki
Q121356281,Q12194585,shared_parties,1,parti socialiste destourien
Q121356281,Q12220165,shared_parties,1,parti socialiste destourien
Q121356281,Q12230326,shared_parties,1,parti socialiste destourien
Q121356281,Q12239816,shared_education,1,college sadiki
Q121356281,Q12239816,shared_parties,1,parti socialiste destourien
Q121356281,Q12240636,shared_parties,1,parti socialiste destourien
Q121356281,Q132633117,shared_education,1,college sadiki
Q121356281,Q1363916,shared_parties,1,parti socialiste destourien
Q121356281,Q1381809,shared_parties,1,parti socialiste destourien
Q121356281,Q152369,shared_education,1,college sadiki
Q121356281,Q152369,shared_parties,1,parti socialiste destourien
Q121356281,Q1530765,shared_education,1,college sadiki
Q121356281,Q1530765,shared_parties,1,parti socialiste destourien
Q121356281,Q16117997,shared_parties,1,parti socialiste destourien
Q121356281,Q16127215,shared_parties,1,parti socialiste destourien
Q121356281,Q16222569,shared_education,1,college sadiki
Q121356281,Q16262803,shared_parties,1,parti socialiste destourien
Q121356281,Q16263000,shared_education,1,college sadiki
Q121356281,Q16325262,shared_education,1,college sadiki
Q121356281,Q1642894,shared_parties,1,parti socialiste destourien
Q121356281,Q16666837,shared_parties,1,parti socialiste destourien
Q121356281,Q17425841,shared_parties,1,parti socialiste destourien
Q121356281,Q18610883,shared_parties,1,parti socialiste destourien
Q121356281,Q1890995,shared_education,1,college sadiki
Q121356281,Q19060319,shared_education,1,college sadiki
Q121356281,Q1951854,shared_education,1,college sadiki
Q121356281,Q20047058,shared_parties,1,parti socialiste destourien
Q121356281,Q204487,shared_parties,1,parti socialiste destourien
Q121356281,Q20643083,shared_education,1,college sadiki
Q121356281,Q2268624,shared_education,1,college sadiki
Q121356281,Q22928978,shared_parties,1,parti socialiste destourien
Q121356281,Q2374730,shared_education,1,college sadiki
Q121356281,Q27179077,shared_education,1,college sadiki
Q121356281,Q282026,shared_education,1,college sadiki
Q121356281,Q282026,shared_parties,1,parti socialiste destourien
Q121356281,Q2820925,shared_parties,1,parti socialiste destourien
Q121356281,Q2820931,shared_parties,1,parti socialiste destourien
Q121356281,Q2820994,shared_parties,1,parti socialiste destourien
Q121356281,Q2821055,shared_parties,1,parti socialiste destourien
Q121356281,Q2821259,shared_education,1,college sadiki
Q121356281,Q2821273,shared_education,1,college sadiki
Q121356281,Q2827512,shared_education,1,college sadiki
Q121356281,Q2827624,shared_parties,1,parti socialiste destourien
Q121356281,Q2836334,shared_education,1,college sadiki
Q121356281,Q2875153,shared_education,1,college sadiki
Q121356281,Q29440996,shared_parties,1,parti socialiste destourien
Q121356281,Q2961945,shared_education,1,college sadiki
Q121356281,Q3067195,shared_education,1,college sadiki
Q121356281,Q3067195,shared_parties,1,parti socialiste destourien
Q121356281,Q308017,shared_parties,1,parti socialiste destourien
Q121356281,Q3128235,shared_parties,1,parti socialiste destourien
Q121356281,Q313539,shared_education,1,college sadiki
Q121356281,Q3144594,shared_education,1,college sadiki
Q121356281,Q3196139,shared_education,1,college sadiki
Q121356281,Q3216753,shared_education,1,college sadiki
Q121356281,Q3286574,shared_parties,1,parti socialiste destourien
Q121356281,Q3318530,shared_parties,1,parti socialiste destourien
Q121356281,Q3318622,shared_parties,1,parti socialiste destourien
Q121356281,Q3320538,shared_parties,1,parti socialiste destourien
Q121356281,Q3320544,shared_education,1,college sadiki
Q121356281,Q3320644,shared_education,1,college sadiki
Q121356281,Q3320650,shared_education,1,college sadiki
Q121356281,Q3320650,shared_parties,1,parti socialiste destourien
Q121356281,Q3328933,shared_education,1,college sadiki
Q121356281,Q3328946,shared_education,1,college sadiki
Q121356281,Q3328946,shared_parties,1,parti socialiste destourien
Q121356281,Q3331012,shared_parties,1,parti socialiste destourien
Q121356281,Q3331032,shared_parties,1,parti socialiste destourien
Q121356281,Q3344886,shared_education,1,college sadiki
Q121356281,Q3344886,shared_parties,1,parti socialiste destourien
Q121356281,Q3357601,shared_parties,1,parti socialiste destourien
Q121356281,Q3461164,shared_education,1,college sadiki
Q121356281,Q3461176,shared_parties,1,parti socialiste destourien
Q121356281,Q3470003,shared_education,1,college sadiki
Q121356281,Q3516540,shared_education,1,college sadiki
Q121356281,Q3516543,shared_education,1,college sadiki
Q121356281,Q377921,shared_education,1,college sadiki
Q121356281,Q377921,shared_parties,1,parti socialiste destourien
Q121356281,Q3951110,shared_parties,1,parti socialiste destourien
Q121356281,Q48757077,shared_education,1,college sadiki
Q121356281,Q495681,shared_education,1,college sadiki
Q121356281,Q496165,shared_education,1,college sadiki
Q121356281,Q50285534,shared_parties,1,parti socialiste destourien
Q121356281,Q507856,shared_education,1,college sadiki
Q121356281,Q54875068,shared_parties,1,parti socialiste destourien
Q121356281,Q54875069,shared_parties,1,parti socialiste destourien
Q121356281,Q54875074,shared_parties,1,parti socialiste destourien
Q121356281,Q54875084,shared_parties,1,parti socialiste destourien
Q121356281,Q54875134,shared_parties,1,parti socialiste destourien
Q121356281,Q55196894,shared_parties,1,parti socialiste destourien
Q121356281,Q55392091,shared_parties,1,parti socialiste destourien
Q121356281,Q55392098,shared_parties,1,parti socialiste destourien
Q121356281,Q586623,shared_education,1,college sadiki
Q121356281,Q60573416,shared_parties,1,parti socialiste destourien
Q121356281,Q60573536,shared_parties,1,parti socialiste destourien
Q121356281,Q643348,shared_education,1,college sadiki
Q121356281,Q653162,shared_parties,1,parti socialiste destourien
Q121356281,Q800238,shared_education,1,college sadiki
Q121356281,Q800238,shared_parties,1,parti socialiste destourien
Q121360095,Q12194585,shared_parties,1,parti socialiste destourien
Q121360095,Q12220165,shared_parties,1,parti socialiste destourien
Q121360095,Q12228423,shared_birth_governorate,1,kairouan
Q121360095,Q12230326,shared_parties,1,parti socialiste destourien
Q121360095,Q12239816,shared_parties,1,parti socialiste destourien
Q121360095,Q12240636,shared_parties,1,parti socialiste destourien
Q121360095,Q1363916,shared_parties,1,parti socialiste destourien
Q121360095,Q1381809,shared_parties,1,parti socialiste destourien
Q121360095,Q152369,shared_parties,1,parti socialiste destourien
Q121360095,Q1530765,shared_parties,1,parti socialiste destourien
Q121360095,Q16117997,shared_parties,1,parti socialiste destourien
Q121360095,Q16127215,shared_parties,1,parti socialiste destourien
Q121360095,Q16178347,shared_birth_governorate,1,kairouan
Q121360095,Q16180211,shared_birth_governorate,1,kairouan
Q121360095,Q16180628,shared_birth_governorate,1,kairouan
Q121360095,Q16262803,shared_parties,1,parti socialiste destourien
Q121360095,Q1642894,shared_parties,1,parti socialiste destourien
Q121360095,Q16588807,shared_birth_governorate,1,kairouan
Q121360095,Q16666837,shared_parties,1,parti socialiste destourien
Q121360095,Q17425841,shared_parties,1,parti socialiste destourien
Q121360095,Q18610883,shared_parties,1,parti socialiste destourien
Q121360095,Q20047058,shared_parties,1,parti socialiste destourien
Q121360095,Q204487,shared_parties,1,parti socialiste destourien
Q121360095,Q20991574,shared_birth_governorate,1,kairouan
Q121360095,Q22928978,shared_parties,1,parti socialiste destourien
Q121360095,Q2388455,shared_birth_governorate,1,kairouan
Q121360095,Q27756741,shared_birth_governorate,1,kairouan
Q121360095,Q282026,shared_parties,1,parti socialiste destourien
Q121360095,Q2820925,shared_parties,1,parti socialiste destourien
Q121360095,Q2820931,shared_parties,1,parti socialiste destourien
Q121360095,Q2820994,shared_parties,1,parti socialiste destourien
Q121360095,Q2821055,shared_parties,1,parti socialiste destourien
Q121360095,Q2827482,shared_birth_governorate,1,kairouan
Q121360095,Q2827624,shared_parties,1,parti socialiste destourien
Q121360095,Q2929686,shared_birth_governorate,1,kairouan
Q121360095,Q29440996,shared_parties,1,parti socialiste destourien
Q121360095,Q29577458,shared_birth_governorate,1,kairouan
Q121360095,Q3067195,shared_parties,1,parti socialiste destourien
Q121360095,Q308017,shared_parties,1,parti socialiste destourien
Q121360095,Q3128235,shared_parties,1,parti socialiste destourien
Q121360095,Q3196140,shared_birth_governorate,1,kairouan
Q121360095,Q3286574,shared_parties,1,parti socialiste destourien
Q121360095,Q3318530,shared_parties,1,parti socialiste destourien
Q121360095,Q3318545,shared_birth_governorate,1,kairouan
Q121360095,Q3318622,shared_parties,1,parti socialiste destourien
Q121360095,Q3320538,shared_parties,1,parti socialiste destourien
Q121360095,Q3320650,shared_parties,1,parti socialiste destourien
Q121360095,Q3328946,shared_birth_governorate,1,kairouan
Q121360095,Q3328946,shared_parties,1,parti socialiste destourien
Q121360095,Q3331012,shared_parties,1,parti socialiste destourien
Q121360095,Q3331032,shared_parties,1,parti socialiste destourien
Q121360095,Q3334747,shared_birth_governorate,1,kairouan
Q121360095,Q3344886,shared_parties,1,parti socialiste destourien
Q121360095,Q3357601,shared_birth_governorate,1,kairouan
Q121360095,Q3357601,shared_parties,1,parti socialiste destourien
Q121360095,Q3461176,shared_parties,1,parti socialiste destourien
Q121360095,Q3486507,shared_birth_governorate,1,kairouan
Q121360095,Q3486513,shared_birth_governorate,1,kairouan
Q121360095,Q377921,shared_parties,1,parti socialiste destourien
Q121360095,Q3951110,shared_parties,1,parti socialiste destourien
Q121360095,Q50285534,shared_parties,1,parti socialiste destourien
Q121360095,Q54875068,shared_parties,1,parti socialiste destourien
Q121360095,Q54875069,shared_parties,1,parti socialiste destourien
Q121360095,Q54875074,shared_parties,1,parti socialiste destourien
Q121360095,Q54875084,shared_parties,1,parti socialiste destourien
Q121360095,Q54875134,shared_parties,1,parti socialiste destourien
Q121360095,Q55196894,shared_parties,1,parti socialiste destourien
Q121360095,Q55392091,shared_parties,1,parti socialiste destourien
Q121360095,Q55392098,shared_parties,1,parti socialiste destourien
Q121360095,Q60573416,shared_parties,1,parti socialiste destourien
Q121360095,Q60573536,shared_parties,1,parti socialiste destourien
Q121360095,Q653162,shared_parties,1,parti socialiste destourien
Q121360095,Q800238,shared_parties,1,parti socialiste destourien
Q12184481,Q12220165,shared_parties,1,neo-destour
Q12184481,Q12239816,shared_education,2,college sadiki|ecole normale superieure de tunis
Q12184481,Q12239816,shared_parties,1,neo-destour
Q12184481,Q132633117,shared_education,1,college sadiki
Q12184481,Q1363916,shared_parties,1,neo-destour
Q12184481,Q1381809,shared_parties,1,neo-destour
Q12184481,Q152369,shared_education,1,college sadiki
Q12184481,Q1530765,shared_education,1,college sadiki
Q12184481,Q16222569,shared_education,1,college sadiki
Q12184481,Q16263000,shared_education,1,college sadiki
Q12184481,Q16263000,shared_parties,1,neo-destour
Q12184481,Q16325262,shared_education,1,college sadiki
Q12184481,Q16325262,shared_parties,1,neo-destour
Q12184481,Q1890995,shared_education,1,college sadiki
Q12184481,Q19060319,shared_education,1,college sadiki
Q12184481,Q1951854,shared_education,1,college sadiki
Q12184481,Q1951854,shared_parties,1,neo-destour
Q12184481,Q20643083,shared_education,1,college sadiki
Q12184481,Q2268624,shared_education,1,college sadiki
Q12184481,Q2374730,shared_education,1,college sadiki
Q12184481,Q2655671,shared_parties,1,neo-destour
Q12184481,Q27179077,shared_education,1,college sadiki
Q12184481,Q282026,shared_education,1,college sadiki
Q12184481,Q2820925,shared_parties,1,neo-destour
Q12184481,Q2821259,shared_education,1,college sadiki
Q12184481,Q2821273,shared_education,1,college sadiki
Q12184481,Q2827512,shared_education,1,college sadiki
Q12184481,Q2827512,shared_parties,1,neo-destour
Q12184481,Q2827624,shared_parties,1,neo-destour
Q12184481,Q2827627,shared_parties,1,neo-destour
Q12184481,Q2836334,shared_education,1,college sadiki
Q12184481,Q2855981,shared_parties,1,neo-destour
Q12184481,Q2875153,shared_education,1,college sadiki
Q12184481,Q2929686,shared_parties,1,neo-destour
Q12184481,Q2961945,shared_education,1,college sadiki
Q12184481,Q3012366,shared_parties,1,neo-destour
Q12184481,Q3039490,shared_parties,1,neo-destour
Q12184481,Q3067195,shared_education,1,college sadiki
Q12184481,Q3067195,shared_parties,1,neo-destour
Q12184481,Q3128202,shared_parties,1,neo-destour
Q12184481,Q3128235,shared_parties,1,neo-destour
Q12184481,Q313539,shared_education,1,college sadiki
Q12184481,Q3144591,shared_parties,1,neo-destour
Q12184481,Q3144594,shared_education,1,college sadiki
Q12184481,Q3160736,shared_parties,1,neo-destour
Q12184481,Q3192376,shared_education,1,ecole normale superieure de tunis
Q12184481,Q3196139,shared_education,1,college sadiki
Q12184481,Q3216753,shared_education,1,college sadiki
Q12184481,Q3216753,shared_parties,1,neo-destour
Q12184481,Q3277799,shared_parties,1,neo-destour
Q12184481,Q3277819,shared_parties,1,neo-destour
Q12184481,Q3320424,shared_parties,1,neo-destour
Q12184481,Q3320544,shared_education,1,college sadiki
Q12184481,Q3320644,shared_education,1,college sadiki
Q12184481,Q3320650,shared_education,1,college sadiki
Q12184481,Q3328933,shared_education,1,college sadiki
Q12184481,Q3328946,shared_education,1,college sadiki
Q12184481,Q3328946,shared_parties,1,neo-destour
Q12184481,Q3331012,shared_parties,1,neo-destour
Q12184481,Q3344886,shared_education,1,college sadiki
Q12184481,Q3357601,shared_education,1,ecole normale superieure de tunis
Q12184481,Q3357601,shared_parties,1,neo-destour
Q12184481,Q3461164,shared_education,1,college sadiki
Q12184481,Q3461164,shared_parties,1,neo-destour
Q12184481,Q3470003,shared_education,1,college sadiki
Q12184481,Q3486677,shared_education,1,ecole normale superieure de tunis
Q12184481,Q3516540,shared_education,1,college sadiki
Q12184481,Q3516543,shared_education,1,college sadiki
Q12184481,Q3516543,shared_parties,1,neo-destour
Q12184481,Q377921,shared_education,1,college sadiki
Q12184481,Q48757077,shared_education,1,college sadiki
Q12184481,Q495681,shared_education,1,college sadiki
Q12184481,Q496042,shared_parties,1,neo-destour
Q12184481,Q496165,shared_education,1,college sadiki
Q12184481,Q507856,shared_education,1,college sadiki
Q12184481,Q54875085,shared_parties,1,neo-destour
Q12184481,Q55167831,shared_parties,1,neo-destour
Q12184481,Q563204,shared_parties,1,neo-destour
Q12184481,Q586623,shared_education,1,college sadiki
Q12184481,Q60576591,shared_education,1,ecole normale superieure de tunis
Q12184481,Q643348,shared_education,1,college sadiki
Q12184481,Q643348,shared_parties,1,neo-destour
Q12184481,Q800238,shared_education,1,college sadiki
Q12194585,Q12220165,shared_parties,1,parti socialiste destourien
Q12194585,Q12230326,shared_parties,1,parti socialiste destourien
Q12194585,Q12239816,shared_birth_governorate,1,monastir
Q12194585,Q12239816,shared_parties,1,parti socialiste destourien
Q12194585,Q12240636,shared_parties,1,parti socialiste destourien
Q12194585,Q1363916,shared_parties,1,parti socialiste destourien
Q12194585,Q1381809,shared_parties,1,parti socialiste destourien
Q12194585,Q152369,shared_parties,1,parti socialiste destourien
Q12194585,Q1530765,shared_parties,1,parti socialiste destourien
Q12194585,Q16027763,shared_birth_governorate,1,monastir
Q12194585,Q16117997,shared_parties,1,parti socialiste destourien
Q12194585,Q16127215,shared_parties,1,parti socialiste destourien
Q12194585,Q16262803,shared_parties,1,parti socialiste destourien
Q12194585,Q16267906,shared_birth_governorate,1,monastir
Q12194585,Q16269694,shared_birth_governorate,1,monastir
Q12194585,Q1642894,shared_birth_governorate,1,monastir
Q12194585,Q1642894,shared_parties,1,parti socialiste destourien
Q12194585,Q16666837,shared_parties,1,parti socialiste destourien
Q12194585,Q16679067,shared_birth_governorate,1,monastir
Q12194585,Q17425841,shared_parties,1,parti socialiste destourien
Q12194585,Q18610883,shared_parties,1,parti socialiste destourien
Q12194585,Q19060293,shared_birth_governorate,1,monastir
Q12194585,Q19956225,shared_birth_governorate,1,monastir
Q12194585,Q19956346,shared_birth_governorate,1,monastir
Q12194585,Q20047058,shared_parties,1,parti socialiste destourien
Q12194585,Q20412385,shared_birth_governorate,1,monastir
Q12194585,Q204487,shared_parties,1,parti socialiste destourien
Q12194585,Q22211169,shared_birth_governorate,1,monastir
Q12194585,Q22928978,shared_parties,1,parti socialiste destourien
Q12194585,Q26834002,shared_birth_governorate,1,monastir
Q12194585,Q282026,shared_birth_governorate,1,monastir
Q12194585,Q282026,shared_parties,1,parti socialiste destourien
Q12194585,Q2820925,shared_parties,1,parti socialiste destourien
Q12194585,Q2820931,shared_parties,1,parti socialiste destourien
Q12194585,Q2820994,shared_parties,1,parti socialiste destourien
Q12194585,Q2821012,shared_birth_governorate,1,monastir
Q12194585,Q2821055,shared_birth_governorate,1,monastir
Q12194585,Q2821055,shared_parties,1,parti socialiste destourien
Q12194585,Q2827512,shared_birth_governorate,1,monastir
Q12194585,Q2827624,shared_parties,1,parti socialiste destourien
Q12194585,Q2912277,shared_birth_governorate,1,monastir
Q12194585,Q2929705,shared_birth_governorate,1,monastir
Q12194585,Q29440996,shared_parties,1,parti socialiste destourien
Q12194585,Q2947600,shared_birth_governorate,1,monastir
Q12194585,Q29580479,shared_birth_governorate,1,monastir
Q12194585,Q3039490,shared_education,1,جامعه الجزاير
Q12194585,Q3067195,shared_parties,1,parti socialiste destourien
Q12194585,Q308017,shared_birth_governorate,1,monastir
Q12194585,Q308017,shared_parties,1,parti socialiste destourien
Q12194585,Q3125835,shared_birth_governorate,1,monastir
Q12194585,Q3128235,shared_parties,1,parti socialiste destourien
Q12194585,Q3141381,shared_birth_governorate,1,monastir
Q12194585,Q3144591,shared_birth_governorate,1,monastir
Q12194585,Q3286574,shared_birth_governorate,1,monastir
Q12194585,Q3286574,shared_parties,1,parti socialiste destourien
Q12194585,Q3318530,shared_parties,1,parti socialiste destourien
Q12194585,Q3318622,shared_parties,1,parti socialiste destourien
Q12194585,Q3318702,shared_birth_governorate,1,monastir
Q12194585,Q3318797,shared_birth_governorate,1,monastir
Q12194585,Q3320538,shared_parties,1,parti socialiste destourien
Q12194585,Q3320650,shared_birth_governorate,1,monastir
Q12194585,Q3320650,shared_parties,1,parti socialiste destourien
Q12194585,Q3328946,shared_parties,1,parti socialiste destourien
Q12194585,Q3328959,shared_birth_governorate,1,monastir
Q12194585,Q3331012,shared_parties,1,parti socialiste destourien
Q12194585,Q3331032,shared_birth_governorate,1,monastir
Q12194585,Q3331032,shared_parties,1,parti socialiste destourien
Q12194585,Q3344886,shared_parties,1,parti socialiste destourien
Q12194585,Q3347261,shared_birth_governorate,1,monastir
Q12194585,Q3357601,shared_parties,1,parti socialiste destourien
Q12194585,Q3431735,shared_birth_governorate,1,monastir
Q12194585,Q3461176,shared_parties,1,parti socialiste destourien
Q12194585,Q3469530,shared_education,1,جامعه الجزاير
Q12194585,Q3516539,shared_birth_governorate,1,monastir
Q12194585,Q377921,shared_birth_governorate,1,monastir
Q12194585,Q377921,shared_parties,1,parti socialiste destourien
Q12194585,Q3951110,shared_parties,1,parti socialiste destourien
Q12194585,Q48757077,shared_birth_governorate,1,monastir
Q12194585,Q50285534,shared_parties,1,parti socialiste destourien
Q12194585,Q54875068,shared_parties,1,parti socialiste destourien
Q12194585,Q54875069,shared_parties,1,parti socialiste destourien
Q12194585,Q54875074,shared_parties,1,parti socialiste destourien
Q12194585,Q54875084,shared_parties,1,parti socialiste destourien
Q12194585,Q54875134,shared_parties,1,parti socialiste destourien
Q12194585,Q55196894,shared_parties,1,parti socialiste destourien
Q12194585,Q55392091,shared_parties,1,parti socialiste destourien
Q12194585,Q55392098,shared_parties,1,parti socialiste destourien
Q12194585,Q60573416,shared_parties,1,parti socialiste destourien
Q12194585,Q60573536,shared_parties,1,parti socialiste destourien
Q12194585,Q643348,shared_birth_governorate,1,monastir
Q12194585,Q653162,shared_parties,1,parti socialiste destourien
Q12194585,Q800238,shared_parties,1,parti socialiste destourien
Q12194585,Q98828346,shared_birth_governorate,1,monastir
Q12214730,Q12246948,shared_birth_governorate,1,sfax
Q12214730,Q132633142,shared_birth_governorate,1,sfax
Q12214730,Q136456985,shared_birth_governorate,1,sfax
Q12214730,Q16855080,shared_birth_governorate,1,sfax
Q12214730,Q16855250,shared_birth_governorate,1,sfax
Q12214730,Q18384881,shared_birth_governorate,1,sfax
Q12214730,Q18610883,shared_birth_governorate,1,sfax
Q12214730,Q19951841,shared_birth_governorate,1,sfax
Q12214730,Q20047058,shared_birth_governorate,1,sfax
Q12214730,Q24690603,shared_birth_governorate,1,sfax
Q12214730,Q27758476,shared_birth_governorate,1,sfax
Q12214730,Q2820931,shared_birth_governorate,1,sfax
Q12214730,Q2821057,shared_birth_governorate,1,sfax
Q12214730,Q2821210,shared_birth_governorate,1,sfax
Q12214730,Q2821212,shared_birth_governorate,1,sfax
Q12214730,Q2821280,shared_birth_governorate,1,sfax
Q12214730,Q28653580,shared_birth_governorate,1,sfax
Q12214730,Q3318475,shared_birth_governorate,1,sfax
Q12214730,Q3320435,shared_birth_governorate,1,sfax
Q12214730,Q3331012,shared_birth_governorate,1,sfax
Q12214730,Q3344886,shared_birth_governorate,1,sfax
Q12214730,Q3461169,shared_birth_governorate,1,sfax
Q12214730,Q3469690,shared_birth_governorate,1,sfax
Q12214730,Q3473691,shared_birth_governorate,1,sfax
Q12214730,Q3486512,shared_birth_governorate,1,sfax
Q12214730,Q3486677,shared_birth_governorate,1,sfax
Q12214730,Q3490439,shared_birth_governorate,1,sfax
Q12214730,Q42311056,shared_birth_governorate,1,sfax
Q12214730,Q43654658,shared_birth_governorate,1,sfax
Q12214730,Q55381738,shared_birth_governorate,1,sfax
Q12214730,Q668526,shared_birth_governorate,1,sfax
Q12214730,Q744499,shared_birth_governorate,1,sfax
Q12214730,Q92316785,shared_birth_governorate,1,sfax
Q12214730,Q92354033,shared_birth_governorate,1,sfax
Q12214730,Q99539200,shared_birth_governorate,1,sfax
Q12217102,Q125337883,shared_education,1,faculte de droit et des sciences politiques de tunis
Q12217102,Q28869633,shared_education,1,faculte de droit et des sciences politiques de tunis
Q12217102,Q3490439,shared_education,1,faculte de droit et des sciences politiques de tunis
Q12217102,Q88485687,shared_education,1,faculte de droit et des sciences politiques de tunis
Q12220165,Q12230326,shared_parties,1,parti socialiste destourien
Q12220165,Q12239816,shared_parties,2,neo-destour|parti socialiste destourien
Q12220165,Q12240636,shared_parties,1,parti socialiste destourien
Q12220165,Q1363916,shared_parties,2,neo-destour|parti socialiste destourien
Q12220165,Q1381809,shared_parties,2,neo-destour|parti socialiste destourien
Q12220165,Q152369,shared_parties,1,parti socialiste destourien
Q12220165,Q1530765,shared_parties,1,parti socialiste destourien
Q12220165,Q16117997,shared_parties,1,parti socialiste destourien
Q12220165,Q16127215,shared_parties,1,parti socialiste destourien
Q12220165,Q16262803,shared_parties,1,parti socialiste destourien
Q12220165,Q16263000,shared_parties,1,neo-destour
Q12220165,Q16325262,shared_parties,1,neo-destour
Q12220165,Q1642894,shared_parties,1,parti socialiste destourien
Q12220165,Q16666837,shared_parties,1,parti socialiste destourien
Q12220165,Q17425841,shared_parties,1,parti socialiste destourien
Q12220165,Q18610883,shared_parties,1,parti socialiste destourien
Q12220165,Q1951854,shared_parties,1,neo-destour
Q12220165,Q20047058,shared_parties,1,parti socialiste destourien
Q12220165,Q204487,shared_parties,1,parti socialiste destourien
Q12220165,Q22928978,shared_parties,1,parti socialiste destourien
Q12220165,Q2655671,shared_parties,1,neo-destour
Q12220165,Q282026,shared_parties,1,parti socialiste destourien
Q12220165,Q2820925,shared_parties,2,neo-destour|parti socialiste destourien
Q12220165,Q2820931,shared_parties,1,parti socialiste destourien
Q12220165,Q2820994,shared_parties,1,parti socialiste destourien
Q12220165,Q2821055,shared_parties,1,parti socialiste destourien
Q12220165,Q2827512,shared_parties,1,neo-destour
Q12220165,Q2827624,shared_parties,2,neo-destour|parti socialiste destourien
Q12220165,Q2827627,shared_parties,1,neo-destour
Q12220165,Q2855981,shared_parties,1,neo-destour
Q12220165,Q2929686,shared_parties,1,neo-destour
Q12220165,Q29440996,shared_parties,1,parti socialiste destourien
Q12220165,Q3012366,shared_parties,1,neo-destour
Q12220165,Q3039490,shared_parties,1,neo-destour
Q12220165,Q3067195,shared_parties,2,neo-destour|parti socialiste destourien
Q12220165,Q308017,shared_parties,1,parti socialiste destourien
Q12220165,Q3128202,shared_parties,1,neo-destour
Q12220165,Q3128235,shared_parties,2,neo-destour|parti socialiste destourien
Q12220165,Q3144591,shared_parties,1,neo-destour
Q12220165,Q3160736,shared_parties,1,neo-destour
Q12220165,Q3216753,shared_parties,1,neo-destour
Q12220165,Q3277799,shared_parties,1,neo-destour
Q12220165,Q3277819,shared_parties,1,neo-destour
Q12220165,Q3286574,shared_parties,1,parti socialiste destourien
Q12220165,Q3318530,shared_parties,1,parti socialiste destourien
Q12220165,Q3318622,shared_parties,1,parti socialiste destourien
Q12220165,Q3320424,shared_parties,1,neo-destour
Q12220165,Q3320538,shared_parties,1,parti socialiste destourien
Q12220165,Q3320650,shared_parties,1,parti socialiste destourien
Q12220165,Q3328946,shared_parties,2,neo-destour|parti socialiste destourien
Q12220165,Q3331012,shared_parties,2,neo-destour|parti socialiste destourien
Q12220165,Q3331032,shared_parties,1,parti socialiste destourien
Q12220165,Q3344886,shared_parties,1,parti socialiste destourien
Q12220165,Q3357601,shared_parties,2,neo-destour|parti socialiste destourien
Q12220165,Q3461164,shared_parties,1,neo-destour
Q12220165,Q3461176,shared_parties,1,parti socialiste destourien
Q12220165,Q3516543,shared_parties,1,neo-destour
Q12220165,Q377921,shared_parties,1,parti socialiste destourien
Q12220165,Q3951110,shared_parties,1,parti socialiste destourien
Q12220165,Q496042,shared_parties,1,neo-destour
Q12220165,Q50285534,shared_parties,1,parti socialiste destourien
Q12220165,Q54875068,shared_parties,1,parti socialiste destourien
Q12220165,Q54875069,shared_parties,1,parti socialiste destourien
Q12220165,Q54875074,shared_parties,1,parti socialiste destourien
Q12220165,Q54875084,shared_parties,1,parti socialiste destourien
Q12220165,Q54875085,shared_parties,1,neo-destour
Q12220165,Q54875134,shared_parties,1,parti socialiste destourien
Q12220165,Q55167831,shared_parties,1,neo-destour
Q12220165,Q55196894,shared_parties,1,parti socialiste destourien
Q12220165,Q55392091,shared_parties,1,parti socialiste destourien
Q12220165,Q55392098,shared_parties,1,parti socialiste destourien
Q12220165,Q563204,shared_parties,1,neo-destour
Q12220165,Q60573416,shared_parties,1,parti socialiste destourien
Q12220165,Q60573536,shared_parties,1,parti socialiste destourien
Q12220165,Q643348,shared_parties,1,neo-destour
Q12220165,Q653162,shared_parties,1,parti socialiste destourien
Q12220165,Q800238,shared_parties,1,parti socialiste destourien
Q12228423,Q16178347,shared_birth_governorate,1,kairouan
Q12228423,Q16180211,shared_birth_governorate,1,kairouan
Q12228423,Q16180628,shared_birth_governorate,1,kairouan
Q12228423,Q16588807,shared_birth_governorate,1,kairouan
Q12228423,Q20991574,shared_birth_governorate,1,kairouan
Q12228423,Q2388455,shared_birth_governorate,1,kairouan
Q12228423,Q27756741,shared_birth_governorate,1,kairouan
Q12228423,Q2827482,shared_birth_governorate,1,kairouan
Q12228423,Q2929686,shared_birth_governorate,1,kairouan
Q12228423,Q29577458,shared_birth_governorate,1,kairouan
Q12228423,Q3196140,shared_birth_governorate,1,kairouan
Q12228423,Q3318545,shared_birth_governorate,1,kairouan
Q12228423,Q3328946,shared_birth_governorate,1,kairouan
Q12228423,Q3334747,shared_birth_governorate,1,kairouan
Q12228423,Q3357601,shared_birth_governorate,1,kairouan
Q12228423,Q3486507,shared_birth_governorate,1,kairouan
Q12228423,Q3486513,shared_birth_governorate,1,kairouan
Q12230326,Q12239816,shared_parties,1,parti socialiste destourien
Q12230326,Q12240636,shared_parties,1,parti socialiste destourien
Q12230326,Q1363916,shared_parties,1,parti socialiste destourien
Q12230326,Q1381809,shared_parties,1,parti socialiste destourien
Q12230326,Q152369,shared_parties,1,parti socialiste destourien
Q12230326,Q1530765,shared_parties,1,parti socialiste destourien
Q12230326,Q16117997,shared_parties,1,parti socialiste destourien
Q12230326,Q16127215,shared_parties,1,parti socialiste destourien
Q12230326,Q16262803,shared_parties,1,parti socialiste destourien
Q12230326,Q1642894,shared_parties,1,parti socialiste destourien
Q12230326,Q16666837,shared_parties,1,parti socialiste destourien
Q12230326,Q17425841,shared_parties,1,parti socialiste destourien
Q12230326,Q18610883,shared_parties,1,parti socialiste destourien
Q12230326,Q20047058,shared_parties,1,parti socialiste destourien
Q12230326,Q204487,shared_parties,1,parti socialiste destourien
Q12230326,Q22928978,shared_parties,1,parti socialiste destourien
Q12230326,Q282026,shared_parties,1,parti socialiste destourien
Q12230326,Q2820925,shared_parties,1,parti socialiste destourien
Q12230326,Q2820931,shared_parties,1,parti socialiste destourien
Q12230326,Q2820994,shared_parties,1,parti socialiste destourien
Q12230326,Q2821055,shared_parties,1,parti socialiste destourien
Q12230326,Q2827624,shared_parties,1,parti socialiste destourien
Q12230326,Q29440996,shared_parties,1,parti socialiste destourien
Q12230326,Q3067195,shared_parties,1,parti socialiste destourien
Q12230326,Q308017,shared_parties,1,parti socialiste destourien
Q12230326,Q3128235,shared_parties,1,parti socialiste destourien
Q12230326,Q3286574,shared_parties,1,parti socialiste destourien
Q12230326,Q3318530,shared_parties,1,parti socialiste destourien
Q12230326,Q3318622,shared_parties,1,parti socialiste destourien
Q12230326,Q3320538,shared_parties,1,parti socialiste destourien
Q12230326,Q3320650,shared_parties,1,parti socialiste destourien
Q12230326,Q3328946,shared_parties,1,parti socialiste destourien
Q12230326,Q3331012,shared_parties,1,parti socialiste destourien
Q12230326,Q3331032,shared_parties,1,parti socialiste destourien
Q12230326,Q3344886,shared_parties,1,parti socialiste destourien
Q12230326,Q3357601,shared_parties,1,parti socialiste destourien
Q12230326,Q3461176,shared_parties,1,parti socialiste destourien
Q12230326,Q377921,shared_parties,1,parti socialiste destourien
Q12230326,Q3951110,shared_parties,1,parti socialiste destourien
Q12230326,Q50285534,shared_parties,1,parti socialiste destourien
Q12230326,Q54875068,shared_parties,1,parti socialiste destourien
Q12230326,Q54875069,shared_parties,1,parti socialiste destourien
Q12230326,Q54875074,shared_parties,1,parti socialiste destourien
Q12230326,Q54875084,shared_parties,1,parti socialiste destourien
Q12230326,Q54875134,shared_parties,1,parti socialiste destourien
Q12230326,Q55196894,shared_parties,1,parti socialiste destourien
Q12230326,Q55392091,shared_parties,1,parti socialiste destourien
Q12230326,Q55392098,shared_parties,1,parti socialiste destourien
Q12230326,Q60573416,shared_parties,1,parti socialiste destourien
Q12230326,Q60573536,shared_parties,1,parti socialiste destourien
Q12230326,Q653162,shared_parties,1,parti socialiste destourien
Q12230326,Q800238,shared_parties,1,parti socialiste destourien
Q12237240,Q12352837,shared_parties,1,ennahdha
Q12237240,Q16642407,shared_parties,2,ennahdha|حركه النهضه التونسيه
Q12237240,Q16666126,shared_parties,1,ennahdha
Q12237240,Q19543880,shared_parties,2,ennahdha|حركه النهضه التونسيه
Q12237240,Q19544932,shared_parties,2,ennahdha|حركه النهضه التونسيه
Q12237240,Q21084499,shared_parties,1,حركه النهضه التونسيه
Q12237240,Q25453450,shared_parties,2,ennahdha|حركه النهضه التونسيه
Q12237240,Q26831315,shared_parties,1,حركه النهضه التونسيه
Q12237240,Q26834002,shared_parties,2,ennahdha|حركه النهضه التونسيه
Q12237240,Q27666209,shared_parties,2,ennahdha|حركه النهضه التونسيه
Q12237240,Q281184,shared_parties,2,ennahdha|حركه النهضه التونسيه
Q12237240,Q2821119,shared_parties,1,ennahdha
Q12237240,Q2821154,shared_parties,1,ennahdha
Q12237240,Q28714939,shared_parties,2,ennahdha|حركه النهضه التونسيه
Q12237240,Q2947600,shared_parties,1,ennahdha
Q12237240,Q29577510,shared_parties,2,ennahdha|حركه النهضه التونسيه
Q12237240,Q30217461,shared_parties,2,ennahdha|حركه النهضه التونسيه
Q12237240,Q3160876,shared_parties,2,ennahdha|حركه النهضه التونسيه
Q12237240,Q3318419,shared_parties,2,ennahdha|حركه النهضه التونسيه
Q12237240,Q3318652,shared_parties,2,ennahdha|حركه النهضه التونسيه
Q12237240,Q3318800,shared_parties,2,ennahdha|حركه النهضه التونسيه
Q12237240,Q3320435,shared_parties,2,ennahdha|حركه النهضه التونسيه
Q12237240,Q3417420,shared_parties,2,ennahdha|حركه النهضه التونسيه
Q12237240,Q3430010,shared_parties,2,ennahdha|حركه النهضه التونسيه
Q12237240,Q3431747,shared_parties,2,ennahdha|حركه النهضه التونسيه
Q12237240,Q3470837,shared_parties,2,ennahdha|حركه النهضه التونسيه
Q12237240,Q3486675,shared_parties,2,ennahdha|حركه النهضه التونسيه
Q12237240,Q55999324,shared_parties,2,ennahdha|حركه النهضه التونسيه
Q12237240,Q57699,shared_parties,2,ennahdha|حركه النهضه التونسيه
Q12237240,Q668526,shared_parties,2,ennahdha|حركه النهضه التونسيه
Q12237240,Q86734094,shared_parties,2,ennahdha|حركه النهضه التونسيه
Q12237240,Q92316785,shared_parties,1,حركه النهضه التونسيه
Q12237240,Q92332624,shared_parties,1,ennahdha
Q12239668,Q136257453,shared_birth_governorate,1,medenine
Q12239668,Q14182276,shared_education,1,universite de la manouba
Q12239668,Q16325226,shared_birth_governorate,1,medenine
Q12239668,Q16642407,shared_birth_governorate,1,medenine
Q12239668,Q16664925,shared_birth_governorate,1,medenine
Q12239668,Q16665400,shared_birth_governorate,1,medenine
Q12239668,Q16855223,shared_birth_governorate,1,medenine
Q12239668,Q18384881,shared_parties,1,courant democrate
Q12239668,Q19060346,shared_birth_governorate,1,medenine
Q12239668,Q19956395,shared_birth_governorate,1,medenine
Q12239668,Q20417790,shared_birth_governorate,1,medenine
Q12239668,Q21511555,shared_parties,1,courant democrate
Q12239668,Q27756642,shared_birth_governorate,1,medenine
Q12239668,Q281184,shared_birth_governorate,1,medenine
Q12239668,Q2824176,shared_birth_governorate,1,medenine
Q12239668,Q2827529,shared_birth_governorate,1,medenine
Q12239668,Q2827554,shared_birth_governorate,1,medenine
Q12239668,Q2827587,shared_birth_governorate,1,medenine
Q12239668,Q2929679,shared_birth_governorate,1,medenine
Q12239668,Q29577510,shared_birth_governorate,1,medenine
Q12239668,Q30217461,shared_birth_governorate,1,medenine
Q12239668,Q30729047,shared_birth_governorate,1,medenine
Q12239668,Q3430010,shared_birth_governorate,1,medenine
Q12239668,Q3461164,shared_birth_governorate,1,medenine
Q12239668,Q3469772,shared_birth_governorate,1,medenine
Q12239668,Q3470859,shared_birth_governorate,1,medenine
Q12239668,Q496042,shared_birth_governorate,1,medenine
Q12239668,Q54875067,shared_birth_governorate,1,medenine
Q12239668,Q61598250,shared_birth_governorate,1,medenine
Q12239709,Q21084499,shared_education,1,institut superieur de gestion de tunis
Q12239709,Q3125336,shared_education,1,universite laval
Q12239816,Q12240636,shared_parties,1,parti socialiste destourien
Q12239816,Q132633117,shared_education,1,college sadiki
Q12239816,Q1363916,shared_parties,2,neo-destour|parti socialiste destourien
Q12239816,Q1381809,shared_parties,2,neo-destour|parti socialiste destourien
Q12239816,Q152369,shared_education,2,college sadiki|المدرسه الصادقيه
Q12239816,Q152369,shared_parties,1,parti socialiste destourien
Q12239816,Q1530765,shared_education,1,college sadiki
Q12239816,Q1530765,shared_parties,1,parti socialiste destourien
Q12239816,Q16027763,shared_birth_governorate,1,monastir
Q12239816,Q16117997,shared_parties,1,parti socialiste destourien
Q12239816,Q16127215,shared_parties,1,parti socialiste destourien
Q12239816,Q16222569,shared_education,1,college sadiki
Q12239816,Q16262803,shared_parties,1,parti socialiste destourien
Q12239816,Q16263000,shared_education,2,college sadiki|المدرسه الصادقيه
Q12239816,Q16263000,shared_parties,1,neo-destour
Q12239816,Q16267906,shared_birth_governorate,1,monastir
Q12239816,Q16269694,shared_birth_governorate,1,monastir
Q12239816,Q16325262,shared_education,2,college sadiki|المدرسه الصادقيه
Q12239816,Q16325262,shared_parties,1,neo-destour
Q12239816,Q1642894,shared_birth_governorate,1,monastir
Q12239816,Q1642894,shared_parties,1,parti socialiste destourien
Q12239816,Q16666837,shared_parties,1,parti socialiste destourien
Q12239816,Q16679067,shared_birth_governorate,1,monastir
Q12239816,Q17425841,shared_parties,1,parti socialiste destourien
Q12239816,Q18610883,shared_parties,1,parti socialiste destourien
Q12239816,Q1890995,shared_education,1,college sadiki
Q12239816,Q19060293,shared_birth_governorate,1,monastir
Q12239816,Q19060319,shared_education,2,college sadiki|المدرسه الصادقيه
Q12239816,Q1951854,shared_education,2,college sadiki|المدرسه الصادقيه
Q12239816,Q1951854,shared_parties,1,neo-destour
Q12239816,Q19956225,shared_birth_governorate,1,monastir
Q12239816,Q19956346,shared_birth_governorate,1,monastir
Q12239816,Q20047058,shared_parties,1,parti socialiste destourien
Q12239816,Q20412385,shared_birth_governorate,1,monastir
Q12239816,Q204487,shared_parties,1,parti socialiste destourien
Q12239816,Q20643083,shared_education,1,college sadiki
Q12239816,Q22211169,shared_birth_governorate,1,monastir
Q12239816,Q2268624,shared_education,2,college sadiki|المدرسه الصادقيه
Q12239816,Q22928978,shared_parties,1,parti socialiste destourien
Q12239816,Q2374730,shared_education,2,college sadiki|المدرسه الصادقيه
Q12239816,Q2655671,shared_parties,1,neo-destour
Q12239816,Q26834002,shared_birth_governorate,1,monastir
Q12239816,Q27179077,shared_education,1,college sadiki
Q12239816,Q282026,shared_birth_governorate,1,monastir
Q12239816,Q282026,shared_education,1,college sadiki
Q12239816,Q282026,shared_parties,1,parti socialiste destourien
Q12239816,Q2820925,shared_parties,2,neo-destour|parti socialiste destourien
Q12239816,Q2820931,shared_parties,1,parti socialiste destourien
Q12239816,Q2820994,shared_parties,1,parti socialiste destourien
Q12239816,Q2821012,shared_birth_governorate,1,monastir
Q12239816,Q2821055,shared_birth_governorate,1,monastir
Q12239816,Q2821055,shared_parties,1,parti socialiste destourien
Q12239816,Q2821259,shared_education,2,college sadiki|المدرسه الصادقيه
Q12239816,Q2821273,shared_education,1,college sadiki
Q12239816,Q2827512,shared_birth_governorate,1,monastir
Q12239816,Q2827512,shared_education,1,college sadiki
Q12239816,Q2827512,shared_parties,1,neo-destour
Q12239816,Q2827624,shared_parties,2,neo-destour|parti socialiste destourien
Q12239816,Q2827627,shared_parties,1,neo-destour
Q12239816,Q2836334,shared_education,1,college sadiki
Q12239816,Q2855981,shared_parties,1,neo-destour
Q12239816,Q2875109,shared_education,1,المدرسه الصادقيه
Q12239816,Q2875153,shared_education,2,college sadiki|المدرسه الصادقيه
Q12239816,Q2912277,shared_birth_governorate,1,monastir
Q12239816,Q2929686,shared_parties,1,neo-destour
Q12239816,Q2929705,shared_birth_governorate,1,monastir
Q12239816,Q29440996,shared_parties,1,parti socialiste destourien
Q12239816,Q2947600,shared_birth_governorate,1,monastir
Q12239816,Q29580479,shared_birth_governorate,1,monastir
Q12239816,Q2961945,shared_education,2,college sadiki|المدرسه الصادقيه
Q12239816,Q3012366,shared_parties,1,neo-destour
Q12239816,Q3039490,shared_education,1,المدرسه الصادقيه
Q12239816,Q3039490,shared_parties,1,neo-destour
Q12239816,Q3067195,shared_education,2,college sadiki|المدرسه الصادقيه
Q12239816,Q3067195,shared_parties,2,neo-destour|parti socialiste destourien
Q12239816,Q308017,shared_birth_governorate,1,monastir
Q12239816,Q308017,shared_parties,1,parti socialiste destourien
Q12239816,Q3125835,shared_birth_governorate,1,monastir
Q12239816,Q3128202,shared_parties,1,neo-destour
Q12239816,Q3128235,shared_parties,2,neo-destour|parti socialiste destourien
Q12239816,Q313539,shared_education,2,college sadiki|المدرسه الصادقيه
Q12239816,Q3141381,shared_birth_governorate,1,monastir
Q12239816,Q3144591,shared_birth_governorate,1,monastir
Q12239816,Q3144591,shared_parties,1,neo-destour
Q12239816,Q3144594,shared_education,1,college sadiki
Q12239816,Q3160736,shared_parties,1,neo-destour
Q12239816,Q3192376,shared_education,1,ecole normale superieure de tunis
Q12239816,Q3196139,shared_education,1,college sadiki
Q12239816,Q3216753,shared_education,2,college sadiki|المدرسه الصادقيه
Q12239816,Q3216753,shared_parties,1,neo-destour
Q12239816,Q3277799,shared_education,1,المدرسه الصادقيه
Q12239816,Q3277799,shared_parties,1,neo-destour
Q12239816,Q3277819,shared_parties,1,neo-destour
Q12239816,Q3286574,shared_birth_governorate,1,monastir
Q12239816,Q3286574,shared_parties,1,parti socialiste destourien
Q12239816,Q3318530,shared_parties,1,parti socialiste destourien
Q12239816,Q3318622,shared_parties,1,parti socialiste destourien
Q12239816,Q3318702,shared_birth_governorate,1,monastir
Q12239816,Q3318797,shared_birth_governorate,1,monastir
Q12239816,Q3320424,shared_parties,1,neo-destour
Q12239816,Q3320538,shared_parties,1,parti socialiste destourien
Q12239816,Q3320544,shared_education,2,college sadiki|المدرسه الصادقيه
Q12239816,Q3320644,shared_education,1,college sadiki
Q12239816,Q3320650,shared_birth_governorate,1,monastir
Q12239816,Q3320650,shared_education,2,college sadiki|المدرسه الصادقيه
Q12239816,Q3320650,shared_parties,1,parti socialiste destourien
Q12239816,Q3328933,shared_education,1,college sadiki
Q12239816,Q3328946,shared_education,2,college sadiki|المدرسه الصادقيه
Q12239816,Q3328946,shared_parties,2,neo-destour|parti socialiste destourien
Q12239816,Q3328959,shared_birth_governorate,1,monastir
Q12239816,Q3331012,shared_parties,2,neo-destour|parti socialiste destourien
Q12239816,Q3331032,shared_birth_governorate,1,monastir
Q12239816,Q3331032,shared_parties,1,parti socialiste destourien
Q12239816,Q3344886,shared_education,1,college sadiki
Q12239816,Q3344886,shared_parties,1,parti socialiste destourien
Q12239816,Q3347261,shared_birth_governorate,1,monastir
Q12239816,Q3357601,shared_education,1,ecole normale superieure de tunis
Q12239816,Q3357601,shared_parties,2,neo-destour|parti socialiste destourien
Q12239816,Q3431735,shared_birth_governorate,1,monastir
Q12239816,Q3461164,shared_education,2,college sadiki|المدرسه الصادقيه
Q12239816,Q3461164,shared_parties,1,neo-destour
Q12239816,Q3461176,shared_parties,1,parti socialiste destourien
Q12239816,Q3470003,shared_education,1,college sadiki
Q12239816,Q3486677,shared_education,1,ecole normale superieure de tunis
Q12239816,Q3516539,shared_birth_governorate,1,monastir
Q12239816,Q3516540,shared_education,1,college sadiki
Q12239816,Q3516543,shared_education,1,college sadiki
Q12239816,Q3516543,shared_parties,1,neo-destour
Q12239816,Q377921,shared_birth_governorate,1,monastir
Q12239816,Q377921,shared_education,2,college sadiki|المدرسه الصادقيه
Q12239816,Q377921,shared_parties,1,parti socialiste destourien
Q12239816,Q3951110,shared_parties,1,parti socialiste destourien
Q12239816,Q48757077,shared_birth_governorate,1,monastir
Q12239816,Q48757077,shared_education,1,college sadiki
Q12239816,Q495681,shared_education,2,college sadiki|المدرسه الصادقيه
Q12239816,Q496042,shared_parties,1,neo-destour
Q12239816,Q496165,shared_education,2,college sadiki|المدرسه الصادقيه
Q12239816,Q50285534,shared_parties,1,parti socialiste destourien
Q12239816,Q507856,shared_education,2,college sadiki|المدرسه الصادقيه
Q12239816,Q54875068,shared_parties,1,parti socialiste destourien
Q12239816,Q54875069,shared_parties,1,parti socialiste destourien
Q12239816,Q54875074,shared_parties,1,parti socialiste destourien
Q12239816,Q54875084,shared_parties,1,parti socialiste destourien
Q12239816,Q54875085,shared_parties,1,neo-destour
Q12239816,Q54875134,shared_parties,1,parti socialiste destourien
Q12239816,Q55167831,shared_parties,1,neo-destour
Q12239816,Q55196894,shared_parties,1,parti socialiste destourien
Q12239816,Q55392091,shared_parties,1,parti socialiste destourien
Q12239816,Q55392098,shared_parties,1,parti socialiste destourien
Q12239816,Q563204,shared_parties,1,neo-destour
Q12239816,Q586623,shared_education,1,college sadiki
Q12239816,Q60573416,shared_parties,1,parti socialiste destourien
Q12239816,Q60573536,shared_parties,1,parti socialiste destourien
Q12239816,Q60576591,shared_education,1,ecole normale superieure de tunis
Q12239816,Q643348,shared_birth_governorate,1,monastir
Q12239816,Q643348,shared_education,2,college sadiki|المدرسه الصادقيه
Q12239816,Q643348,shared_parties,1,neo-destour
Q12239816,Q653162,shared_parties,1,parti socialiste destourien
Q12239816,Q800238,shared_education,1,college sadiki
Q12239816,Q800238,shared_parties,1,parti socialiste destourien
Q12239816,Q98828346,shared_birth_governorate,1,monastir
Q12240251,Q130344076,shared_birth_governorate,1,sousse
Q12240251,Q1363916,shared_birth_governorate,1,sousse
Q12240251,Q1381809,shared_birth_governorate,1,sousse
Q12240251,Q14182276,shared_birth_governorate,1,sousse
Q12240251,Q1530765,shared_birth_governorate,1,sousse
Q12240251,Q16321385,shared_birth_governorate,1,sousse
Q12240251,Q16666837,shared_birth_governorate,1,sousse
Q12240251,Q19544932,shared_birth_governorate,1,sousse
Q12240251,Q204487,shared_birth_governorate,1,sousse
Q12240251,Q2655671,shared_birth_governorate,1,sousse
Q12240251,Q2820997,shared_birth_governorate,1,sousse
Q12240251,Q2821037,shared_birth_governorate,1,sousse
Q12240251,Q2821297,shared_birth_governorate,1,sousse
Q12240251,Q2821308,shared_birth_governorate,1,sousse
Q12240251,Q2827627,shared_birth_governorate,1,sousse
Q12240251,Q28465669,shared_birth_governorate,1,sousse
Q12240251,Q28502176,shared_birth_governorate,1,sousse
Q12240251,Q30118294,shared_birth_governorate,1,sousse
Q12240251,Q3125288,shared_birth_governorate,1,sousse
Q12240251,Q3125311,shared_birth_governorate,1,sousse
Q12240251,Q3318622,shared_birth_governorate,1,sousse
Q12240251,Q3431743,shared_birth_governorate,1,sousse
Q12240251,Q431515,shared_birth_governorate,1,sousse
Q12240251,Q50099224,shared_birth_governorate,1,sousse
Q12240251,Q50285534,shared_birth_governorate,1,sousse
Q12240251,Q54875084,shared_birth_governorate,1,sousse
Q12240251,Q57699,shared_birth_governorate,1,sousse
Q12240251,Q60576591,shared_birth_governorate,1,sousse
Q12240251,Q88467296,shared_birth_governorate,1,sousse
Q12240636,Q132560774,shared_birth_governorate,1,siliana
Q12240636,Q1363916,shared_parties,1,parti socialiste destourien
Q12240636,Q1381809,shared_parties,1,parti socialiste destourien
Q12240636,Q152369,shared_parties,1,parti socialiste destourien
Q12240636,Q1530765,shared_parties,1,parti socialiste destourien
Q12240636,Q16117997,shared_parties,1,parti socialiste destourien
Q12240636,Q16127215,shared_parties,1,parti socialiste destourien
Q12240636,Q16262803,shared_parties,1,parti socialiste destourien
Q12240636,Q1642894,shared_parties,1,parti socialiste destourien
Q12240636,Q16666837,shared_parties,1,parti socialiste destourien
Q12240636,Q17425841,shared_parties,1,parti socialiste destourien
Q12240636,Q18610883,shared_parties,1,parti socialiste destourien
Q12240636,Q20047058,shared_parties,1,parti socialiste destourien
Q12240636,Q204487,shared_parties,1,parti socialiste destourien
Q12240636,Q22928978,shared_parties,1,parti socialiste destourien
Q12240636,Q26505382,shared_birth_governorate,1,siliana
Q12240636,Q282026,shared_parties,1,parti socialiste destourien
Q12240636,Q2820925,shared_parties,1,parti socialiste destourien
Q12240636,Q2820931,shared_parties,1,parti socialiste destourien
Q12240636,Q2820994,shared_parties,1,parti socialiste destourien
Q12240636,Q2821055,shared_parties,1,parti socialiste destourien
Q12240636,Q2827624,shared_parties,1,parti socialiste destourien
Q12240636,Q2836180,shared_birth_governorate,1,siliana
Q12240636,Q29440996,shared_parties,1,parti socialiste destourien
Q12240636,Q3067195,shared_parties,1,parti socialiste destourien
Q12240636,Q308017,shared_parties,1,parti socialiste destourien
Q12240636,Q3128235,shared_parties,1,parti socialiste destourien
Q12240636,Q3286574,shared_parties,1,parti socialiste destourien
Q12240636,Q3318530,shared_parties,1,parti socialiste destourien
Q12240636,Q3318622,shared_parties,1,parti socialiste destourien
Q12240636,Q3320538,shared_parties,1,parti socialiste destourien
Q12240636,Q3320650,shared_parties,1,parti socialiste destourien
Q12240636,Q3328946,shared_parties,1,parti socialiste destourien
Q12240636,Q3331012,shared_parties,1,parti socialiste destourien
Q12240636,Q3331032,shared_parties,1,parti socialiste destourien
Q12240636,Q3344886,shared_parties,1,parti socialiste destourien
Q12240636,Q3357601,shared_parties,1,parti socialiste destourien
Q12240636,Q3461176,shared_parties,1,parti socialiste destourien
Q12240636,Q377921,shared_parties,1,parti socialiste destourien
Q12240636,Q3951110,shared_parties,1,parti socialiste destourien
Q12240636,Q50285534,shared_parties,1,parti socialiste destourien
Q12240636,Q54875068,shared_parties,1,parti socialiste destourien
Q12240636,Q54875069,shared_parties,1,parti socialiste destourien
Q12240636,Q54875074,shared_parties,1,parti socialiste destourien
Q12240636,Q54875084,shared_parties,1,parti socialiste destourien
Q12240636,Q54875134,shared_parties,1,parti socialiste destourien
Q12240636,Q55196894,shared_parties,1,parti socialiste destourien
Q12240636,Q55392091,shared_parties,1,parti socialiste destourien
Q12240636,Q55392098,shared_parties,1,parti socialiste destourien
Q12240636,Q60573416,shared_parties,1,parti socialiste destourien
Q12240636,Q60573536,shared_parties,1,parti socialiste destourien
Q12240636,Q653162,shared_parties,1,parti socialiste destourien
Q12240636,Q800238,shared_parties,1,parti socialiste destourien
Q12240636,Q86734094,shared_birth_governorate,1,siliana
Q12240636,Q89996191,shared_birth_governorate,1,siliana
Q12246948,Q132633142,shared_birth_governorate,1,sfax
Q12246948,Q136456985,shared_birth_governorate,1,sfax
Q12246948,Q16855080,shared_birth_governorate,1,sfax
Q12246948,Q16855250,shared_birth_governorate,1,sfax
Q12246948,Q18384881,shared_birth_governorate,1,sfax
Q12246948,Q18610883,shared_birth_governorate,1,sfax
Q12246948,Q19951841,shared_birth_governorate,1,sfax
Q12246948,Q20047058,shared_birth_governorate,1,sfax
Q12246948,Q24690603,shared_birth_governorate,1,sfax
Q12246948,Q27758476,shared_birth_governorate,1,sfax
Q12246948,Q2820931,shared_birth_governorate,1,sfax
Q12246948,Q2821057,shared_birth_governorate,1,sfax
Q12246948,Q2821210,shared_birth_governorate,1,sfax
Q12246948,Q2821212,shared_birth_governorate,1,sfax
Q12246948,Q2821280,shared_birth_governorate,1,sfax
Q12246948,Q28653580,shared_birth_governorate,1,sfax
Q12246948,Q3318475,shared_birth_governorate,1,sfax
Q12246948,Q3320435,shared_birth_governorate,1,sfax
Q12246948,Q3331012,shared_birth_governorate,1,sfax
Q12246948,Q3344886,shared_birth_governorate,1,sfax
Q12246948,Q3461169,shared_birth_governorate,1,sfax
Q12246948,Q3469690,shared_birth_governorate,1,sfax
Q12246948,Q3473691,shared_birth_governorate,1,sfax
Q12246948,Q3486512,shared_birth_governorate,1,sfax
Q12246948,Q3486677,shared_birth_governorate,1,sfax
Q12246948,Q3490439,shared_birth_governorate,1,sfax
Q12246948,Q42311056,shared_birth_governorate,1,sfax
Q12246948,Q43654658,shared_birth_governorate,1,sfax
Q12246948,Q55381738,shared_birth_governorate,1,sfax
Q12246948,Q668526,shared_birth_governorate,1,sfax
Q12246948,Q744499,shared_birth_governorate,1,sfax
Q12246948,Q92316785,shared_birth_governorate,1,sfax
Q12246948,Q92354033,shared_birth_governorate,1,sfax
Q12246948,Q99539200,shared_birth_governorate,1,sfax
Q12248493,Q54875134,shared_birth_governorate,1,kebili
Q12270270,Q18610841,shared_birth_governorate,1,ben arous
Q12270270,Q29580435,shared_birth_governorate,1,ben arous
Q12270270,Q3240795,shared_birth_governorate,1,ben arous
Q12270270,Q3423310,shared_birth_governorate,1,ben arous
Q12270270,Q98828570,shared_birth_governorate,1,ben arous
Q12270270,Q98828591,shared_birth_governorate,1,ben arous
Q12270270,Q99542892,shared_birth_governorate,1,ben arous
Q12352837,Q16167736,shared_birth_governorate,1,nabeul
Q12352837,Q16269532,shared_birth_governorate,1,nabeul
Q12352837,Q16642407,shared_parties,1,ennahdha
Q12352837,Q16664915,shared_birth_governorate,1,nabeul
Q12352837,Q16666126,shared_parties,1,ennahdha
Q12352837,Q19543880,shared_parties,1,ennahdha
Q12352837,Q19544932,shared_parties,1,ennahdha
Q12352837,Q19955807,shared_birth_governorate,1,nabeul
Q12352837,Q21996842,shared_birth_governorate,1,nabeul
Q12352837,Q22344522,shared_birth_governorate,1,nabeul
Q12352837,Q25453450,shared_parties,1,ennahdha
Q12352837,Q26834002,shared_parties,1,ennahdha
Q12352837,Q27666209,shared_birth_governorate,1,nabeul
Q12352837,Q27666209,shared_parties,1,ennahdha
Q12352837,Q281184,shared_parties,1,ennahdha
Q12352837,Q2821119,shared_parties,1,ennahdha
Q12352837,Q2821146,shared_birth_governorate,1,nabeul
Q12352837,Q2821154,shared_parties,1,ennahdha
Q12352837,Q28654181,shared_birth_governorate,1,nabeul
Q12352837,Q28714939,shared_parties,1,ennahdha
Q12352837,Q29440996,shared_birth_governorate,1,nabeul
Q12352837,Q2947600,shared_parties,1,ennahdha
Q12352837,Q29577510,shared_parties,1,ennahdha
Q12352837,Q3012366,shared_birth_governorate,1,nabeul
Q12352837,Q30217461,shared_parties,1,ennahdha
Q12352837,Q30729046,shared_birth_governorate,1,nabeul
Q12352837,Q3079840,shared_birth_governorate,1,nabeul
Q12352837,Q3160876,shared_parties,1,ennahdha
Q12352837,Q3217980,shared_birth_governorate,1,nabeul
Q12352837,Q3318311,shared_birth_governorate,1,nabeul
Q12352837,Q3318375,shared_birth_governorate,1,nabeul
Q12352837,Q3318419,shared_parties,1,ennahdha
Q12352837,Q3318652,shared_parties,1,ennahdha
Q12352837,Q3318731,shared_birth_governorate,1,nabeul
Q12352837,Q3318774,shared_birth_governorate,1,nabeul
Q12352837,Q3318800,shared_birth_governorate,1,nabeul
Q12352837,Q3318800,shared_parties,1,ennahdha
Q12352837,Q3320424,shared_birth_governorate,1,nabeul
Q12352837,Q3320435,shared_parties,1,ennahdha
Q12352837,Q3320644,shared_birth_governorate,1,nabeul
Q12352837,Q3417420,shared_parties,1,ennahdha
Q12352837,Q3430010,shared_parties,1,ennahdha
Q12352837,Q3431747,shared_parties,1,ennahdha
Q12352837,Q3470837,shared_parties,1,ennahdha
Q12352837,Q3486675,shared_parties,1,ennahdha
Q12352837,Q496165,shared_birth_governorate,1,nabeul
Q12352837,Q54875074,shared_birth_governorate,1,nabeul
Q12352837,Q55999324,shared_parties,1,ennahdha
Q12352837,Q57699,shared_parties,1,ennahdha
Q12352837,Q65130650,shared_birth_governorate,1,nabeul
Q12352837,Q668526,shared_parties,1,ennahdha
Q12352837,Q86734094,shared_parties,1,ennahdha
Q12352837,Q92332624,shared_birth_governorate,1,nabeul
Q12352837,Q92332624,shared_parties,1,ennahdha
Q125337883,Q28869633,shared_education,1,faculte de droit et des sciences politiques de tunis
Q125337883,Q3490439,shared_education,1,faculte de droit et des sciences politiques de tunis
Q125337883,Q88485687,shared_education,1,faculte de droit et des sciences politiques de tunis
Q128723414,Q16267906,shared_education,1,universite de tunis
Q128723414,Q16269532,shared_education,1,universite de tunis
Q128723414,Q16642407,shared_education,1,universite de tunis
Q128723414,Q16666126,shared_education,1,universite de tunis
Q128723414,Q16802173,shared_education,1,universite de tunis
Q128723414,Q16889653,shared_education,1,universite de tunis
Q128723414,Q17425841,shared_birth_governorate,1,beja
Q128723414,Q18384881,shared_education,1,universite de tunis
Q128723414,Q18610841,shared_education,1,universite de tunis
Q128723414,Q19060319,shared_education,1,universite de tunis
Q128723414,Q19248970,shared_education,1,universite de tunis
Q128723414,Q19345818,shared_education,1,universite de tunis
Q128723414,Q20423358,shared_education,1,universite de tunis
Q128723414,Q24752632,shared_education,1,universite de tunis
Q128723414,Q27756741,shared_education,1,universite de tunis
Q128723414,Q28105062,shared_education,1,universite de tunis
Q128723414,Q2820931,shared_education,1,universite de tunis
Q128723414,Q2821037,shared_education,1,universite de tunis
Q128723414,Q2821057,shared_education,1,universite de tunis
Q128723414,Q2821146,shared_education,1,universite de tunis
Q128723414,Q2821212,shared_education,1,universite de tunis
Q128723414,Q2821273,shared_education,1,universite de tunis
Q128723414,Q2821297,shared_education,1,universite de tunis
Q128723414,Q2827529,shared_education,1,universite de tunis
Q128723414,Q2827554,shared_education,1,universite de tunis
Q128723414,Q2836180,shared_education,1,universite de tunis
Q128723414,Q28869633,shared_birth_governorate,1,beja
Q128723414,Q28869633,shared_education,1,universite de tunis
Q128723414,Q2929705,shared_education,1,universite de tunis
Q128723414,Q3039490,shared_birth_governorate,1,beja
Q128723414,Q3066858,shared_education,1,universite de tunis
Q128723414,Q30728498,shared_birth_governorate,1,beja
Q128723414,Q3125299,shared_education,1,universite de tunis
Q128723414,Q3125311,shared_education,1,universite de tunis
Q128723414,Q3125336,shared_education,1,universite de tunis
Q128723414,Q3128291,shared_education,1,universite de tunis
Q128723414,Q3141381,shared_education,1,universite de tunis
Q128723414,Q3144577,shared_birth_governorate,1,beja
Q128723414,Q3304511,shared_education,1,universite de tunis
Q128723414,Q3318311,shared_education,1,universite de tunis
Q128723414,Q3318509,shared_education,1,universite de tunis
Q128723414,Q3318530,shared_education,1,universite de tunis
Q128723414,Q3318757,shared_education,1,universite de tunis
Q128723414,Q3318781,shared_education,1,universite de tunis
Q128723414,Q3319366,shared_education,1,universite de tunis
Q128723414,Q3358533,shared_education,1,universite de tunis
Q128723414,Q3417300,shared_education,1,universite de tunis
Q128723414,Q3417419,shared_birth_governorate,1,beja
Q128723414,Q3417419,shared_education,1,universite de tunis
Q128723414,Q3423310,shared_education,1,universite de tunis
Q128723414,Q3461169,shared_education,1,universite de tunis
Q128723414,Q3469690,shared_education,1,universite de tunis
Q128723414,Q3486507,shared_education,1,universite de tunis
Q128723414,Q3486512,shared_education,1,universite de tunis
Q128723414,Q3486689,shared_education,1,universite de tunis
Q128723414,Q3515404,shared_education,1,universite de tunis
Q128723414,Q431515,shared_education,1,universite de tunis
Q128723414,Q43654658,shared_education,1,universite de tunis
Q128723414,Q57699,shared_education,1,universite de tunis
Q128723414,Q62601798,shared_birth_governorate,1,beja
Q128723414,Q668526,shared_education,1,universite de tunis
Q128723414,Q85822499,shared_education,1,universite de tunis
Q129810051,Q98828346,shared_education,1,faculte des sciences juridiques politiques et sociales de tunis
Q130344076,Q136257453,shared_education,1,universite de sousse
Q130344076,Q1363916,shared_birth_governorate,1,sousse
Q130344076,Q1380979,shared_education,1,universite de sousse
Q130344076,Q1381809,shared_birth_governorate,1,sousse
Q130344076,Q14182276,shared_birth_governorate,1,sousse
Q130344076,Q1530765,shared_birth_governorate,1,sousse
Q130344076,Q16321385,shared_birth_governorate,1,sousse
Q130344076,Q16666837,shared_birth_governorate,1,sousse
Q130344076,Q19544932,shared_birth_governorate,1,sousse
Q130344076,Q204487,shared_birth_governorate,1,sousse
Q130344076,Q2655671,shared_birth_governorate,1,sousse
Q130344076,Q2820997,shared_birth_governorate,1,sousse
Q130344076,Q2821037,shared_birth_governorate,1,sousse
Q130344076,Q2821297,shared_birth_governorate,1,sousse
Q130344076,Q2821308,shared_birth_governorate,1,sousse
Q130344076,Q2827627,shared_birth_governorate,1,sousse
Q130344076,Q28465669,shared_birth_governorate,1,sousse
Q130344076,Q28502176,shared_birth_governorate,1,sousse
Q130344076,Q30118294,shared_birth_governorate,1,sousse
Q130344076,Q3125288,shared_birth_governorate,1,sousse
Q130344076,Q3125311,shared_birth_governorate,1,sousse
Q130344076,Q3318622,shared_birth_governorate,1,sousse
Q130344076,Q3431743,shared_birth_governorate,1,sousse
Q130344076,Q3470837,shared_education,1,universite de sousse
Q130344076,Q431515,shared_birth_governorate,1,sousse
Q130344076,Q50099224,shared_birth_governorate,1,sousse
Q130344076,Q50285534,shared_birth_governorate,1,sousse
Q130344076,Q54875084,shared_birth_governorate,1,sousse
Q130344076,Q57699,shared_birth_governorate,1,sousse
Q130344076,Q60576591,shared_birth_governorate,1,sousse
Q130344076,Q88467296,shared_birth_governorate,1,sousse
Q132560774,Q26505382,shared_birth_governorate,1,siliana
Q132560774,Q2836180,shared_birth_governorate,1,siliana
Q132560774,Q86734094,shared_birth_governorate,1,siliana
Q132560774,Q89996191,shared_birth_governorate,1,siliana
Q132633117,Q152369,shared_education,1,college sadiki
Q132633117,Q1530765,shared_education,1,college sadiki
Q132633117,Q16222569,shared_education,1,college sadiki
Q132633117,Q16263000,shared_education,1,college sadiki
Q132633117,Q16325262,shared_education,1,college sadiki
Q132633117,Q1890995,shared_education,1,college sadiki
Q132633117,Q19060319,shared_education,1,college sadiki
Q132633117,Q1951854,shared_education,1,college sadiki
Q132633117,Q20643083,shared_education,1,college sadiki
Q132633117,Q2268624,shared_education,1,college sadiki
Q132633117,Q2374730,shared_education,1,college sadiki
Q132633117,Q27179077,shared_education,1,college sadiki
Q132633117,Q282026,shared_education,1,college sadiki
Q132633117,Q2821259,shared_education,1,college sadiki
Q132633117,Q2821273,shared_education,1,college sadiki
Q132633117,Q2827512,shared_education,1,college sadiki
Q132633117,Q2836334,shared_education,1,college sadiki
Q132633117,Q2875153,shared_education,1,college sadiki
Q132633117,Q2961945,shared_education,1,college sadiki
Q132633117,Q3067195,shared_education,1,college sadiki
Q132633117,Q313539,shared_education,1,college sadiki
Q132633117,Q3144594,shared_education,1,college sadiki
Q132633117,Q3196139,shared_education,1,college sadiki
Q132633117,Q3216753,shared_education,1,college sadiki
Q132633117,Q3217980,shared_education,1,universite zitouna
Q132633117,Q3320544,shared_education,1,college sadiki
Q132633117,Q3320644,shared_education,1,college sadiki
Q132633117,Q3320650,shared_education,1,college sadiki
Q132633117,Q3326203,shared_education,1,universite zitouna
Q132633117,Q3328933,shared_education,1,college sadiki
Q132633117,Q3328946,shared_education,1,college sadiki
Q132633117,Q3344886,shared_education,1,college sadiki
Q132633117,Q3344889,shared_education,1,universite zitouna
Q132633117,Q3461164,shared_education,1,college sadiki
Q132633117,Q3470003,shared_education,1,college sadiki
Q132633117,Q3516540,shared_education,1,college sadiki
Q132633117,Q3516543,shared_education,1,college sadiki
Q132633117,Q377921,shared_education,1,college sadiki
Q132633117,Q473394,shared_education,1,universite zitouna
Q132633117,Q48757077,shared_education,1,college sadiki
Q132633117,Q495681,shared_education,1,college sadiki
Q132633117,Q496165,shared_education,1,college sadiki
Q132633117,Q507856,shared_education,1,college sadiki
Q132633117,Q586623,shared_education,1,college sadiki
Q132633117,Q643348,shared_education,1,college sadiki
Q132633117,Q800238,shared_education,1,college sadiki
Q132633142,Q136456985,shared_birth_governorate,1,sfax
Q132633142,Q16855080,shared_birth_governorate,1,sfax
Q132633142,Q16855250,shared_birth_governorate,1,sfax
Q132633142,Q18384881,shared_birth_governorate,1,sfax
Q132633142,Q18610883,shared_birth_governorate,1,sfax
Q132633142,Q19951841,shared_birth_governorate,1,sfax
Q132633142,Q20047058,shared_birth_governorate,1,sfax
Q132633142,Q24690603,shared_birth_governorate,1,sfax
Q132633142,Q27758476,shared_birth_governorate,1,sfax
Q132633142,Q2820931,shared_birth_governorate,1,sfax
Q132633142,Q2821057,shared_birth_governorate,1,sfax
Q132633142,Q2821210,shared_birth_governorate,1,sfax
Q132633142,Q2821212,shared_birth_governorate,1,sfax
Q132633142,Q2821280,shared_birth_governorate,1,sfax
Q132633142,Q28653580,shared_birth_governorate,1,sfax
Q132633142,Q3318475,shared_birth_governorate,1,sfax
Q132633142,Q3320435,shared_birth_governorate,1,sfax
Q132633142,Q3331012,shared_birth_governorate,1,sfax
Q132633142,Q3344886,shared_birth_governorate,1,sfax
Q132633142,Q3461169,shared_birth_governorate,1,sfax
Q132633142,Q3469690,shared_birth_governorate,1,sfax
Q132633142,Q3473691,shared_birth_governorate,1,sfax
Q132633142,Q3486512,shared_birth_governorate,1,sfax
Q132633142,Q3486677,shared_birth_governorate,1,sfax
Q132633142,Q3490439,shared_birth_governorate,1,sfax
Q132633142,Q42311056,shared_birth_governorate,1,sfax
Q132633142,Q43654658,shared_birth_governorate,1,sfax
Q132633142,Q55381738,shared_birth_governorate,1,sfax
Q132633142,Q668526,shared_birth_governorate,1,sfax
Q132633142,Q744499,shared_birth_governorate,1,sfax
Q132633142,Q92316785,shared_birth_governorate,1,sfax
Q132633142,Q92354033,shared_birth_governorate,1,sfax
Q132633142,Q99539200,shared_birth_governorate,1,sfax
Q134414603,Q139583145,shared_birth_governorate,1,bizerte
Q134414603,Q19544121,shared_birth_governorate,1,bizerte
Q134414603,Q22210502,shared_birth_governorate,1,bizerte
Q134414603,Q23017371,shared_birth_governorate,1,bizerte
Q134414603,Q30729169,shared_birth_governorate,1,bizerte
Q134414603,Q3128202,shared_birth_governorate,1,bizerte
Q134414603,Q3328917,shared_birth_governorate,1,bizerte
Q134414603,Q3417300,shared_birth_governorate,1,bizerte
Q134414603,Q3431747,shared_birth_governorate,1,bizerte
Q134414603,Q60573013,shared_birth_governorate,1,bizerte
Q136257453,Q1380979,shared_education,2,universite de sousse|جامعه سوسه
Q136257453,Q15304780,shared_education,1,جامعه تونس المنار
Q136257453,Q16325226,shared_birth_governorate,1,medenine
Q136257453,Q16642407,shared_birth_governorate,1,medenine
Q136257453,Q16664925,shared_birth_governorate,1,medenine
Q136257453,Q16665400,shared_birth_governorate,1,medenine
Q136257453,Q16855223,shared_birth_governorate,1,medenine
Q136257453,Q19060319,shared_education,1,جامعه تونس المنار
Q136257453,Q19060346,shared_birth_governorate,1,medenine
Q136257453,Q19848008,shared_education,1,جامعه تونس المنار
Q136257453,Q19956395,shared_birth_governorate,1,medenine
Q136257453,Q20417790,shared_birth_governorate,1,medenine
Q136257453,Q20991574,shared_education,1,جامعه تونس المنار
Q136257453,Q27756642,shared_birth_governorate,1,medenine
Q136257453,Q281184,shared_birth_governorate,1,medenine
Q136257453,Q2824176,shared_birth_governorate,1,medenine
Q136257453,Q2827529,shared_birth_governorate,1,medenine
Q136257453,Q2827554,shared_birth_governorate,1,medenine
Q136257453,Q2827587,shared_birth_governorate,1,medenine
Q136257453,Q2929679,shared_birth_governorate,1,medenine
Q136257453,Q29577510,shared_birth_governorate,1,medenine
Q136257453,Q30217461,shared_birth_governorate,1,medenine
Q136257453,Q30729047,shared_birth_governorate,1,medenine
Q136257453,Q3430010,shared_birth_governorate,1,medenine
Q136257453,Q3461164,shared_birth_governorate,1,medenine
Q136257453,Q3469772,shared_birth_governorate,1,medenine
Q136257453,Q3469772,shared_education,1,جامعه سوسه
Q136257453,Q3470837,shared_education,2,universite de sousse|جامعه سوسه
Q136257453,Q3470859,shared_birth_governorate,1,medenine
Q136257453,Q496042,shared_birth_governorate,1,medenine
Q136257453,Q54875067,shared_birth_governorate,1,medenine
Q136257453,Q61598250,shared_birth_governorate,1,medenine
Q136257453,Q88485687,shared_education,1,جامعه تونس المنار
Q136257453,Q98828355,shared_education,1,جامعه سوسه
Q1363916,Q1381809,shared_birth_governorate,1,sousse
Q1363916,Q1381809,shared_parties,2,neo-destour|parti socialiste destourien
Q1363916,Q14182276,shared_birth_governorate,1,sousse
Q1363916,Q152369,shared_parties,1,parti socialiste destourien
Q1363916,Q1530765,shared_birth_governorate,1,sousse
Q1363916,Q1530765,shared_parties,1,parti socialiste destourien
Q1363916,Q16117997,shared_parties,1,parti socialiste destourien
Q1363916,Q16127215,shared_parties,1,parti socialiste destourien
Q1363916,Q16262803,shared_parties,1,parti socialiste destourien
Q1363916,Q16263000,shared_parties,1,neo-destour
Q1363916,Q16321385,shared_birth_governorate,1,sousse
Q1363916,Q16325262,shared_parties,1,neo-destour
Q1363916,Q1642894,shared_parties,1,parti socialiste destourien
Q1363916,Q16666837,shared_birth_governorate,1,sousse
Q1363916,Q16666837,shared_parties,1,parti socialiste destourien
Q1363916,Q17425841,shared_parties,1,parti socialiste destourien
Q1363916,Q18610883,shared_parties,1,parti socialiste destourien
Q1363916,Q1951854,shared_parties,1,neo-destour
Q1363916,Q19544932,shared_birth_governorate,1,sousse
Q1363916,Q20047058,shared_parties,1,parti socialiste destourien
Q1363916,Q204487,shared_birth_governorate,1,sousse
Q1363916,Q204487,shared_parties,1,parti socialiste destourien
Q1363916,Q22928978,shared_parties,1,parti socialiste destourien
Q1363916,Q2655671,shared_birth_governorate,1,sousse
Q1363916,Q2655671,shared_parties,1,neo-destour
Q1363916,Q282026,shared_parties,1,parti socialiste destourien
Q1363916,Q2820925,shared_parties,2,neo-destour|parti socialiste destourien
Q1363916,Q2820931,shared_parties,1,parti socialiste destourien
Q1363916,Q2820994,shared_parties,1,parti socialiste destourien
Q1363916,Q2820997,shared_birth_governorate,1,sousse
Q1363916,Q2821037,shared_birth_governorate,1,sousse
Q1363916,Q2821055,shared_parties,1,parti socialiste destourien
Q1363916,Q2821297,shared_birth_governorate,1,sousse
Q1363916,Q2821308,shared_birth_governorate,1,sousse
Q1363916,Q2827512,shared_parties,1,neo-destour
Q1363916,Q2827624,shared_parties,2,neo-destour|parti socialiste destourien
Q1363916,Q2827627,shared_birth_governorate,1,sousse
Q1363916,Q2827627,shared_parties,1,neo-destour
Q1363916,Q28465669,shared_birth_governorate,1,sousse
Q1363916,Q28502176,shared_birth_governorate,1,sousse
Q1363916,Q2855981,shared_parties,1,neo-destour
Q1363916,Q2929686,shared_parties,1,neo-destour
Q1363916,Q29440996,shared_parties,1,parti socialiste destourien
Q1363916,Q30118294,shared_birth_governorate,1,sousse
Q1363916,Q3012366,shared_parties,1,neo-destour
Q1363916,Q3039490,shared_parties,1,neo-destour
Q1363916,Q3067195,shared_parties,2,neo-destour|parti socialiste destourien
Q1363916,Q308017,shared_parties,1,parti socialiste destourien
Q1363916,Q3125288,shared_birth_governorate,1,sousse
Q1363916,Q3125311,shared_birth_governorate,1,sousse
Q1363916,Q3128202,shared_parties,1,neo-destour
Q1363916,Q3128235,shared_parties,2,neo-destour|parti socialiste destourien
Q1363916,Q3144591,shared_parties,1,neo-destour
Q1363916,Q3160736,shared_parties,1,neo-destour
Q1363916,Q3216753,shared_parties,1,neo-destour
Q1363916,Q3277799,shared_parties,1,neo-destour
Q1363916,Q3277819,shared_parties,1,neo-destour
Q1363916,Q3286574,shared_parties,1,parti socialiste destourien
Q1363916,Q3318530,shared_parties,1,parti socialiste destourien
Q1363916,Q3318622,shared_birth_governorate,1,sousse
Q1363916,Q3318622,shared_parties,1,parti socialiste destourien
Q1363916,Q3320424,shared_parties,1,neo-destour
Q1363916,Q3320538,shared_parties,1,parti socialiste destourien
Q1363916,Q3320650,shared_parties,1,parti socialiste destourien
Q1363916,Q3328946,shared_parties,2,neo-destour|parti socialiste destourien
Q1363916,Q3331012,shared_parties,2,neo-destour|parti socialiste destourien
Q1363916,Q3331032,shared_parties,1,parti socialiste destourien
Q1363916,Q3344886,shared_parties,1,parti socialiste destourien
Q1363916,Q3357601,shared_parties,2,neo-destour|parti socialiste destourien
Q1363916,Q3431743,shared_birth_governorate,1,sousse
Q1363916,Q3461164,shared_parties,1,neo-destour
Q1363916,Q3461176,shared_parties,1,parti socialiste destourien
Q1363916,Q3516543,shared_parties,1,neo-destour
Q1363916,Q377921,shared_parties,1,parti socialiste destourien
Q1363916,Q3951110,shared_parties,1,parti socialiste destourien
Q1363916,Q431515,shared_birth_governorate,1,sousse
Q1363916,Q496042,shared_parties,1,neo-destour
Q1363916,Q50099224,shared_birth_governorate,1,sousse
Q1363916,Q50285534,shared_birth_governorate,1,sousse
Q1363916,Q50285534,shared_parties,1,parti socialiste destourien
Q1363916,Q54875068,shared_parties,1,parti socialiste destourien
Q1363916,Q54875069,shared_parties,1,parti socialiste destourien
Q1363916,Q54875074,shared_parties,1,parti socialiste destourien
Q1363916,Q54875084,shared_birth_governorate,1,sousse
Q1363916,Q54875084,shared_parties,1,parti socialiste destourien
Q1363916,Q54875085,shared_parties,1,neo-destour
Q1363916,Q54875134,shared_parties,1,parti socialiste destourien
Q1363916,Q55167831,shared_parties,1,neo-destour
Q1363916,Q55196894,shared_parties,1,parti socialiste destourien
Q1363916,Q55392091,shared_parties,1,parti socialiste destourien
Q1363916,Q55392098,shared_parties,1,parti socialiste destourien
Q1363916,Q563204,shared_parties,1,neo-destour
Q1363916,Q57699,shared_birth_governorate,1,sousse
Q1363916,Q60573416,shared_parties,1,parti socialiste destourien
Q1363916,Q60573536,shared_parties,1,parti socialiste destourien
Q1363916,Q60576591,shared_birth_governorate,1,sousse
Q1363916,Q643348,shared_parties,1,neo-destour
Q1363916,Q653162,shared_parties,1,parti socialiste destourien
Q1363916,Q800238,shared_parties,1,parti socialiste destourien
Q1363916,Q88467296,shared_birth_governorate,1,sousse
Q136456985,Q16855080,shared_birth_governorate,1,sfax
Q136456985,Q16855080,shared_education,1,ecole nationale d'ingenieurs de tunis
Q136456985,Q16855250,shared_birth_governorate,1,sfax
Q136456985,Q18384881,shared_birth_governorate,1,sfax
Q136456985,Q18610883,shared_birth_governorate,1,sfax
Q136456985,Q19848008,shared_education,1,ecole nationale d'ingenieurs de tunis
Q136456985,Q19951841,shared_birth_governorate,1,sfax
Q136456985,Q20047058,shared_birth_governorate,1,sfax
Q136456985,Q20991574,shared_education,1,ecole nationale d'ingenieurs de tunis
Q136456985,Q24690603,shared_birth_governorate,1,sfax
Q136456985,Q27758476,shared_birth_governorate,1,sfax
Q136456985,Q2820931,shared_birth_governorate,1,sfax
Q136456985,Q2821057,shared_birth_governorate,1,sfax
Q136456985,Q2821119,shared_education,1,ecole nationale d'ingenieurs de tunis
Q136456985,Q2821210,shared_birth_governorate,1,sfax
Q136456985,Q2821212,shared_birth_governorate,1,sfax
Q136456985,Q2821280,shared_birth_governorate,1,sfax
Q136456985,Q2827554,shared_education,1,ecole nationale des ponts et chaussees
Q136456985,Q28653580,shared_birth_governorate,1,sfax
Q136456985,Q3318475,shared_birth_governorate,1,sfax
Q136456985,Q3318774,shared_education,1,ecole nationale d'ingenieurs de tunis
Q136456985,Q3320435,shared_birth_governorate,1,sfax
Q136456985,Q3331012,shared_birth_governorate,1,sfax
Q136456985,Q3344886,shared_birth_governorate,1,sfax
Q136456985,Q3461169,shared_birth_governorate,1,sfax
Q136456985,Q3469690,shared_birth_governorate,1,sfax
Q136456985,Q3473691,shared_birth_governorate,1,sfax
Q136456985,Q3486512,shared_birth_governorate,1,sfax
Q136456985,Q3486513,shared_education,1,ecole nationale d'ingenieurs de tunis
Q136456985,Q3486677,shared_birth_governorate,1,sfax
Q136456985,Q3490439,shared_birth_governorate,1,sfax
Q136456985,Q42311056,shared_birth_governorate,1,sfax
Q136456985,Q43654658,shared_birth_governorate,1,sfax
Q136456985,Q51173119,shared_education,2,ecole nationale d'ingenieurs de tunis|ecole nationale des ponts et chaussees
Q136456985,Q55381738,shared_birth_governorate,1,sfax
Q136456985,Q668526,shared_birth_governorate,1,sfax
Q136456985,Q744499,shared_birth_governorate,1,sfax
Q136456985,Q92316785,shared_birth_governorate,1,sfax
Q136456985,Q92354033,shared_birth_governorate,1,sfax
Q136456985,Q99539200,shared_birth_governorate,1,sfax
Q1380979,Q3469772,shared_education,1,جامعه سوسه
Q1380979,Q3470837,shared_education,2,universite de sousse|جامعه سوسه
Q1380979,Q98828355,shared_education,1,جامعه سوسه
Q1381809,Q14182276,shared_birth_governorate,1,sousse
Q1381809,Q15055101,shared_parties,1,التجمع الدستوري الديمقراطي
Q1381809,Q152369,shared_parties,2,parti socialiste destourien|التجمع الدستوري الديمقراطي
Q1381809,Q1530765,shared_birth_governorate,1,sousse
Q1381809,Q1530765,shared_parties,1,parti socialiste destourien
Q1381809,Q16117997,shared_parties,1,parti socialiste destourien
Q1381809,Q16127215,shared_parties,2,parti socialiste destourien|التجمع الدستوري الديمقراطي
Q1381809,Q16262803,shared_parties,1,parti socialiste destourien
Q1381809,Q16263000,shared_parties,1,neo-destour
Q1381809,Q16267511,shared_parties,1,التجمع الدستوري الديمقراطي
Q1381809,Q16321385,shared_birth_governorate,1,sousse
Q1381809,Q16325226,shared_parties,1,التجمع الدستوري الديمقراطي
Q1381809,Q16325262,shared_parties,1,neo-destour
Q1381809,Q1642894,shared_parties,1,parti socialiste destourien
Q1381809,Q16666837,shared_birth_governorate,1,sousse
Q1381809,Q16666837,shared_parties,2,parti socialiste destourien|التجمع الدستوري الديمقراطي
Q1381809,Q17425841,shared_parties,2,parti socialiste destourien|التجمع الدستوري الديمقراطي
Q1381809,Q18610883,shared_parties,1,parti socialiste destourien
Q1381809,Q19060286,shared_parties,1,التجمع الدستوري الديمقراطي
Q1381809,Q19060293,shared_parties,1,التجمع الدستوري الديمقراطي
Q1381809,Q19060320,shared_parties,1,التجمع الدستوري الديمقراطي
Q1381809,Q19060337,shared_parties,1,التجمع الدستوري الديمقراطي
Q1381809,Q19060346,shared_parties,1,التجمع الدستوري الديمقراطي
Q1381809,Q1951854,shared_parties,1,neo-destour
Q1381809,Q19544932,shared_birth_governorate,1,sousse
Q1381809,Q19629356,shared_parties,1,التجمع الدستوري الديمقراطي
Q1381809,Q19956346,shared_parties,1,التجمع الدستوري الديمقراطي
Q1381809,Q20047058,shared_parties,1,parti socialiste destourien
Q1381809,Q204487,shared_birth_governorate,1,sousse
Q1381809,Q204487,shared_parties,2,parti socialiste destourien|التجمع الدستوري الديمقراطي
Q1381809,Q2268624,shared_parties,1,التجمع الدستوري الديمقراطي
Q1381809,Q22928978,shared_parties,1,parti socialiste destourien
Q1381809,Q24690603,shared_parties,1,التجمع الدستوري الديمقراطي
Q1381809,Q2655671,shared_birth_governorate,1,sousse
Q1381809,Q2655671,shared_parties,1,neo-destour
Q1381809,Q282026,shared_parties,1,parti socialiste destourien
Q1381809,Q2820925,shared_parties,2,neo-destour|parti socialiste destourien
Q1381809,Q2820931,shared_parties,1,parti socialiste destourien
Q1381809,Q2820994,shared_parties,1,parti socialiste destourien
Q1381809,Q2820997,shared_birth_governorate,1,sousse
Q1381809,Q2821037,shared_birth_governorate,1,sousse
Q1381809,Q2821055,shared_parties,1,parti socialiste destourien
Q1381809,Q2821241,shared_parties,1,parti destourien libre
Q1381809,Q2821297,shared_birth_governorate,1,sousse
Q1381809,Q2821308,shared_birth_governorate,1,sousse
Q1381809,Q2827512,shared_parties,1,neo-destour
Q1381809,Q2827624,shared_parties,2,neo-destour|parti socialiste destourien
Q1381809,Q2827627,shared_birth_governorate,1,sousse
Q1381809,Q2827627,shared_parties,1,neo-destour
Q1381809,Q2827664,shared_parties,1,التجمع الدستوري الديمقراطي
Q1381809,Q2836180,shared_parties,1,التجمع الدستوري الديمقراطي
Q1381809,Q28465669,shared_birth_governorate,1,sousse
Q1381809,Q28502176,shared_birth_governorate,1,sousse
Q1381809,Q2855981,shared_parties,1,neo-destour
Q1381809,Q2912277,shared_parties,1,التجمع الدستوري الديمقراطي
Q1381809,Q2929686,shared_parties,1,neo-destour
Q1381809,Q2929705,shared_parties,1,التجمع الدستوري الديمقراطي
Q1381809,Q29440996,shared_parties,1,parti socialiste destourien
Q1381809,Q29816892,shared_parties,1,التجمع الدستوري الديمقراطي
Q1381809,Q30118294,shared_birth_governorate,1,sousse
Q1381809,Q3012366,shared_parties,2,neo-destour|التجمع الدستوري الديمقراطي
Q1381809,Q3039490,shared_parties,1,neo-destour
Q1381809,Q3067195,shared_parties,2,neo-destour|parti socialiste destourien
Q1381809,Q30728289,shared_parties,1,التجمع الدستوري الديمقراطي
Q1381809,Q30728498,shared_parties,1,التجمع الدستوري الديمقراطي
Q1381809,Q308017,shared_parties,1,parti socialiste destourien
Q1381809,Q3125288,shared_birth_governorate,1,sousse
Q1381809,Q3125311,shared_birth_governorate,1,sousse
Q1381809,Q3128202,shared_parties,1,neo-destour
Q1381809,Q3128235,shared_parties,2,neo-destour|parti socialiste destourien
Q1381809,Q313539,shared_parties,1,التجمع الدستوري الديمقراطي
Q1381809,Q3144591,shared_parties,1,neo-destour
Q1381809,Q3160736,shared_parties,1,neo-destour
Q1381809,Q3192376,shared_parties,1,التجمع الدستوري الديمقراطي
Q1381809,Q3216753,shared_parties,1,neo-destour
Q1381809,Q3277799,shared_education,1,faculte de medecine de paris
Q1381809,Q3277799,shared_parties,1,neo-destour
Q1381809,Q3277819,shared_parties,1,neo-destour
Q1381809,Q3286574,shared_parties,1,parti socialiste destourien
Q1381809,Q3318509,shared_parties,1,التجمع الدستوري الديمقراطي
Q1381809,Q3318530,shared_parties,1,parti socialiste destourien
Q1381809,Q3318622,shared_birth_governorate,1,sousse
Q1381809,Q3318622,shared_parties,2,parti socialiste destourien|التجمع الدستوري الديمقراطي
Q1381809,Q3320424,shared_parties,1,neo-destour
Q1381809,Q3320454,shared_parties,1,التجمع الدستوري الديمقراطي
Q1381809,Q3320538,shared_parties,1,parti socialiste destourien
Q1381809,Q3320544,shared_parties,1,التجمع الدستوري الديمقراطي
Q1381809,Q3320650,shared_parties,1,parti socialiste destourien
Q1381809,Q3328946,shared_parties,2,neo-destour|parti socialiste destourien
Q1381809,Q3331012,shared_parties,2,neo-destour|parti socialiste destourien
Q1381809,Q3331032,shared_education,1,faculte de medecine de paris
Q1381809,Q3331032,shared_parties,1,parti socialiste destourien
Q1381809,Q3334855,shared_parties,1,التجمع الدستوري الديمقراطي
Q1381809,Q3344886,shared_parties,1,parti socialiste destourien
Q1381809,Q3347261,shared_parties,1,التجمع الدستوري الديمقراطي
Q1381809,Q3357601,shared_parties,2,neo-destour|parti socialiste destourien
Q1381809,Q3417300,shared_parties,1,التجمع الدستوري الديمقراطي
Q1381809,Q3417419,shared_parties,1,التجمع الدستوري الديمقراطي
Q1381809,Q3431743,shared_birth_governorate,1,sousse
Q1381809,Q3431743,shared_parties,1,التجمع الدستوري الديمقراطي
Q1381809,Q3461164,shared_parties,2,neo-destour|التجمع الدستوري الديمقراطي
Q1381809,Q3461169,shared_parties,1,التجمع الدستوري الديمقراطي
Q1381809,Q3461176,shared_parties,1,parti socialiste destourien
Q1381809,Q3486513,shared_parties,1,التجمع الدستوري الديمقراطي
Q1381809,Q3515404,shared_parties,1,التجمع الدستوري الديمقراطي
Q1381809,Q3516543,shared_parties,1,neo-destour
Q1381809,Q377921,shared_parties,1,parti socialiste destourien
Q1381809,Q38213221,shared_parties,1,التجمع الدستوري الديمقراطي
Q1381809,Q3951110,shared_parties,1,parti socialiste destourien
Q1381809,Q431515,shared_birth_governorate,1,sousse
Q1381809,Q431515,shared_parties,1,التجمع الدستوري الديمقراطي
Q1381809,Q4845531,shared_education,1,faculte de medecine de paris
Q1381809,Q496042,shared_parties,1,neo-destour
Q1381809,Q50099224,shared_birth_governorate,1,sousse
Q1381809,Q50285534,shared_birth_governorate,1,sousse
Q1381809,Q50285534,shared_parties,2,parti socialiste destourien|التجمع الدستوري الديمقراطي
Q1381809,Q54875068,shared_parties,2,parti socialiste destourien|التجمع الدستوري الديمقراطي
Q1381809,Q54875069,shared_parties,2,parti socialiste destourien|التجمع الدستوري الديمقراطي
Q1381809,Q54875074,shared_parties,1,parti socialiste destourien
Q1381809,Q54875084,shared_birth_governorate,1,sousse
Q1381809,Q54875084,shared_parties,1,parti socialiste destourien
Q1381809,Q54875085,shared_parties,1,neo-destour
Q1381809,Q54875086,shared_parties,1,التجمع الدستوري الديمقراطي
Q1381809,Q54875087,shared_parties,1,التجمع الدستوري الديمقراطي
Q1381809,Q54875092,shared_parties,1,التجمع الدستوري الديمقراطي
Q1381809,Q54875133,shared_parties,1,التجمع الدستوري الديمقراطي
Q1381809,Q54875134,shared_parties,1,parti socialiste destourien
Q1381809,Q55167831,shared_parties,1,neo-destour
Q1381809,Q55196894,shared_parties,1,parti socialiste destourien
Q1381809,Q55391329,shared_parties,1,التجمع الدستوري الديمقراطي
Q1381809,Q55392087,shared_parties,1,التجمع الدستوري الديمقراطي
Q1381809,Q55392091,shared_parties,1,parti socialiste destourien
Q1381809,Q55392098,shared_parties,1,parti socialiste destourien
Q1381809,Q55392103,shared_parties,1,التجمع الدستوري الديمقراطي
Q1381809,Q563204,shared_parties,1,neo-destour
Q1381809,Q57699,shared_birth_governorate,1,sousse
Q1381809,Q60573369,shared_parties,1,التجمع الدستوري الديمقراطي
Q1381809,Q60573379,shared_parties,1,التجمع الدستوري الديمقراطي
Q1381809,Q60573416,shared_parties,1,parti socialiste destourien
Q1381809,Q60573426,shared_parties,1,التجمع الدستوري الديمقراطي
Q1381809,Q60573536,shared_parties,2,parti socialiste destourien|التجمع الدستوري الديمقراطي
Q1381809,Q60576591,shared_birth_governorate,1,sousse
Q1381809,Q643348,shared_parties,1,neo-destour
Q1381809,Q653162,shared_parties,2,parti socialiste destourien|التجمع الدستوري الديمقراطي
Q1381809,Q800238,shared_parties,1,parti socialiste destourien
Q1381809,Q88467296,shared_birth_governorate,1,sousse
Q1381809,Q97961043,shared_parties,1,التجمع الدستوري الديمقراطي
Q138863507,Q152369,shared_birth_governorate,1,sidi bouzid
Q138863507,Q15829893,shared_birth_governorate,1,sidi bouzid
Q138863507,Q2929698,shared_birth_governorate,1,sidi bouzid
Q138863507,Q29580351,shared_birth_governorate,1,sidi bouzid
Q138863507,Q55392087,shared_birth_governorate,1,sidi bouzid
Q138913276,Q3012366,shared_education,1,universite paris-pantheon-assas
Q138913276,Q3192369,shared_education,1,universite paris-pantheon-assas
Q138913276,Q60573536,shared_education,1,universite paris-pantheon-assas
Q139583145,Q19544121,shared_birth_governorate,1,bizerte
Q139583145,Q22210502,shared_birth_governorate,1,bizerte
Q139583145,Q23017371,shared_birth_governorate,1,bizerte
Q139583145,Q30729169,shared_birth_governorate,1,bizerte
Q139583145,Q3128202,shared_birth_governorate,1,bizerte
Q139583145,Q3328917,shared_birth_governorate,1,bizerte
Q139583145,Q3417300,shared_birth_governorate,1,bizerte
Q139583145,Q3431747,shared_birth_governorate,1,bizerte
Q139583145,Q60573013,shared_birth_governorate,1,bizerte
Q140077197,Q16268984,shared_education,1,institut de defense nationale
Q140077197,Q19060319,shared_education,1,institut de defense nationale
Q140077197,Q61598250,shared_education,1,institut de defense nationale
Q14182276,Q1530765,shared_birth_governorate,1,sousse
Q14182276,Q16027804,shared_parties,1,ettakatol
Q14182276,Q16321385,shared_birth_governorate,1,sousse
Q14182276,Q16666837,shared_birth_governorate,1,sousse
Q14182276,Q1890995,shared_parties,1,ettakatol
Q14182276,Q19544932,shared_birth_governorate,1,sousse
Q14182276,Q204487,shared_birth_governorate,1,sousse
Q14182276,Q2655671,shared_birth_governorate,1,sousse
Q14182276,Q2820997,shared_birth_governorate,1,sousse
Q14182276,Q2821037,shared_birth_governorate,1,sousse
Q14182276,Q2821259,shared_parties,1,ettakatol
Q14182276,Q2821297,shared_birth_governorate,1,sousse
Q14182276,Q2821308,shared_birth_governorate,1,sousse
Q14182276,Q2827627,shared_birth_governorate,1,sousse
Q14182276,Q28465669,shared_birth_governorate,1,sousse
Q14182276,Q28502176,shared_birth_governorate,1,sousse
Q14182276,Q30118294,shared_birth_governorate,1,sousse
Q14182276,Q3051875,shared_parties,1,ettakatol
Q14182276,Q3125288,shared_birth_governorate,1,sousse
Q14182276,Q3125311,shared_birth_governorate,1,sousse
Q14182276,Q3196042,shared_parties,1,ettakatol
Q14182276,Q3257623,shared_parties,1,ettakatol
Q14182276,Q3318622,shared_birth_governorate,1,sousse
Q14182276,Q3333020,shared_parties,1,ettakatol
Q14182276,Q3431743,shared_birth_governorate,1,sousse
Q14182276,Q3470003,shared_parties,1,ettakatol
Q14182276,Q431515,shared_birth_governorate,1,sousse
Q14182276,Q50099224,shared_birth_governorate,1,sousse
Q14182276,Q50285534,shared_birth_governorate,1,sousse
Q14182276,Q54875084,shared_birth_governorate,1,sousse
Q14182276,Q57699,shared_birth_governorate,1,sousse
Q14182276,Q60576591,shared_birth_governorate,1,sousse
Q14182276,Q88467296,shared_birth_governorate,1,sousse
Q15055101,Q152369,shared_parties,1,التجمع الدستوري الديمقراطي
Q15055101,Q16127215,shared_parties,1,التجمع الدستوري الديمقراطي
Q15055101,Q16267511,shared_parties,1,التجمع الدستوري الديمقراطي
Q15055101,Q16325226,shared_parties,1,التجمع الدستوري الديمقراطي
Q15055101,Q16666837,shared_parties,1,التجمع الدستوري الديمقراطي
Q15055101,Q17425841,shared_parties,1,التجمع الدستوري الديمقراطي
Q15055101,Q19060286,shared_parties,1,التجمع الدستوري الديمقراطي
Q15055101,Q19060293,shared_parties,1,التجمع الدستوري الديمقراطي
Q15055101,Q19060320,shared_parties,1,التجمع الدستوري الديمقراطي
Q15055101,Q19060337,shared_parties,1,التجمع الدستوري الديمقراطي
Q15055101,Q19060346,shared_parties,1,التجمع الدستوري الديمقراطي
Q15055101,Q19629356,shared_parties,1,التجمع الدستوري الديمقراطي
Q15055101,Q19956346,shared_parties,1,التجمع الدستوري الديمقراطي
Q15055101,Q204487,shared_parties,1,التجمع الدستوري الديمقراطي
Q15055101,Q2268624,shared_parties,1,التجمع الدستوري الديمقراطي
Q15055101,Q24690603,shared_parties,1,التجمع الدستوري الديمقراطي
Q15055101,Q2827664,shared_parties,1,التجمع الدستوري الديمقراطي
Q15055101,Q2836180,shared_parties,1,التجمع الدستوري الديمقراطي
Q15055101,Q2912277,shared_parties,1,التجمع الدستوري الديمقراطي
Q15055101,Q2929705,shared_parties,1,التجمع الدستوري الديمقراطي
Q15055101,Q29816892,shared_parties,1,التجمع الدستوري الديمقراطي
Q15055101,Q3012366,shared_parties,1,التجمع الدستوري الديمقراطي
Q15055101,Q30728289,shared_parties,1,التجمع الدستوري الديمقراطي
Q15055101,Q30728498,shared_parties,1,التجمع الدستوري الديمقراطي
Q15055101,Q313539,shared_parties,1,التجمع الدستوري الديمقراطي
Q15055101,Q3192376,shared_parties,1,التجمع الدستوري الديمقراطي
Q15055101,Q3318509,shared_parties,1,التجمع الدستوري الديمقراطي
Q15055101,Q3318622,shared_parties,1,التجمع الدستوري الديمقراطي
Q15055101,Q3320454,shared_parties,1,التجمع الدستوري الديمقراطي
Q15055101,Q3320544,shared_parties,1,التجمع الدستوري الديمقراطي
Q15055101,Q3334855,shared_parties,1,التجمع الدستوري الديمقراطي
Q15055101,Q3347261,shared_parties,1,التجمع الدستوري الديمقراطي
Q15055101,Q3417300,shared_parties,1,التجمع الدستوري الديمقراطي
Q15055101,Q3417419,shared_parties,1,التجمع الدستوري الديمقراطي
Q15055101,Q3431743,shared_parties,1,التجمع الدستوري الديمقراطي
Q15055101,Q3461164,shared_parties,1,التجمع الدستوري الديمقراطي
Q15055101,Q3461169,shared_parties,1,التجمع الدستوري الديمقراطي
Q15055101,Q3486513,shared_parties,1,التجمع الدستوري الديمقراطي
Q15055101,Q3515404,shared_parties,1,التجمع الدستوري الديمقراطي
Q15055101,Q38213221,shared_parties,1,التجمع الدستوري الديمقراطي
Q15055101,Q431515,shared_parties,1,التجمع الدستوري الديمقراطي
Q15055101,Q50285534,shared_parties,1,التجمع الدستوري الديمقراطي
Q15055101,Q54875068,shared_parties,1,التجمع الدستوري الديمقراطي
Q15055101,Q54875069,shared_parties,1,التجمع الدستوري الديمقراطي
Q15055101,Q54875086,shared_parties,1,التجمع الدستوري الديمقراطي
Q15055101,Q54875087,shared_parties,1,التجمع الدستوري الديمقراطي
Q15055101,Q54875092,shared_parties,1,التجمع الدستوري الديمقراطي
Q15055101,Q54875133,shared_parties,1,التجمع الدستوري الديمقراطي
Q15055101,Q55391329,shared_parties,1,التجمع الدستوري الديمقراطي
Q15055101,Q55392087,shared_parties,1,التجمع الدستوري الديمقراطي
Q15055101,Q55392103,shared_parties,1,التجمع الدستوري الديمقراطي
Q15055101,Q60573369,shared_parties,1,التجمع الدستوري الديمقراطي
Q15055101,Q60573379,shared_parties,1,التجمع الدستوري الديمقراطي
Q15055101,Q60573426,shared_parties,1,التجمع الدستوري الديمقراطي
Q15055101,Q60573536,shared_parties,1,التجمع الدستوري الديمقراطي
Q15055101,Q653162,shared_parties,1,التجمع الدستوري الديمقراطي
Q15055101,Q97961043,shared_parties,1,التجمع الدستوري الديمقراطي
Q152369,Q1530765,shared_education,1,college sadiki
Q152369,Q1530765,shared_parties,1,parti socialiste destourien
Q152369,Q15829893,shared_birth_governorate,1,sidi bouzid
Q152369,Q16117997,shared_parties,1,parti socialiste destourien
Q152369,Q16127215,shared_parties,2,parti socialiste destourien|التجمع الدستوري الديمقراطي
Q152369,Q16222569,shared_education,1,college sadiki
Q152369,Q16262803,shared_parties,1,parti socialiste destourien
Q152369,Q16263000,shared_education,2,college sadiki|المدرسه الصادقيه
Q152369,Q16267511,shared_parties,1,التجمع الدستوري الديمقراطي
Q152369,Q16325226,shared_parties,1,التجمع الدستوري الديمقراطي
Q152369,Q16325262,shared_education,2,college sadiki|المدرسه الصادقيه
Q152369,Q1642894,shared_parties,1,parti socialiste destourien
Q152369,Q16666837,shared_parties,2,parti socialiste destourien|التجمع الدستوري الديمقراطي
Q152369,Q17425841,shared_parties,2,parti socialiste destourien|التجمع الدستوري الديمقراطي
Q152369,Q18610883,shared_parties,1,parti socialiste destourien
Q152369,Q1890995,shared_education,1,college sadiki
Q152369,Q19060286,shared_parties,1,التجمع الدستوري الديمقراطي
Q152369,Q19060293,shared_parties,1,التجمع الدستوري الديمقراطي
Q152369,Q19060319,shared_education,2,college sadiki|المدرسه الصادقيه
Q152369,Q19060320,shared_parties,1,التجمع الدستوري الديمقراطي
Q152369,Q19060337,shared_parties,1,التجمع الدستوري الديمقراطي
Q152369,Q19060346,shared_parties,1,التجمع الدستوري الديمقراطي
Q152369,Q1951854,shared_education,2,college sadiki|المدرسه الصادقيه
Q152369,Q19629356,shared_parties,1,التجمع الدستوري الديمقراطي
Q152369,Q19956346,shared_parties,1,التجمع الدستوري الديمقراطي
Q152369,Q20047058,shared_parties,1,parti socialiste destourien
Q152369,Q204487,shared_parties,2,parti socialiste destourien|التجمع الدستوري الديمقراطي
Q152369,Q20643083,shared_education,1,college sadiki
Q152369,Q2268624,shared_education,2,college sadiki|المدرسه الصادقيه
Q152369,Q2268624,shared_parties,1,التجمع الدستوري الديمقراطي
Q152369,Q22928978,shared_parties,1,parti socialiste destourien
Q152369,Q2374730,shared_education,2,college sadiki|المدرسه الصادقيه
Q152369,Q24690603,shared_parties,1,التجمع الدستوري الديمقراطي
Q152369,Q27179077,shared_education,1,college sadiki
Q152369,Q282026,shared_education,1,college sadiki
Q152369,Q282026,shared_parties,1,parti socialiste destourien
Q152369,Q2820925,shared_parties,1,parti socialiste destourien
Q152369,Q2820931,shared_parties,1,parti socialiste destourien
Q152369,Q2820994,shared_parties,1,parti socialiste destourien
Q152369,Q2821055,shared_parties,1,parti socialiste destourien
Q152369,Q2821259,shared_education,2,college sadiki|المدرسه الصادقيه
Q152369,Q2821273,shared_education,1,college sadiki
Q152369,Q2827512,shared_education,1,college sadiki
Q152369,Q2827624,shared_parties,1,parti socialiste destourien
Q152369,Q2827664,shared_parties,1,التجمع الدستوري الديمقراطي
Q152369,Q2836180,shared_parties,1,التجمع الدستوري الديمقراطي
Q152369,Q2836334,shared_education,1,college sadiki
Q152369,Q2875109,shared_education,1,المدرسه الصادقيه
Q152369,Q2875153,shared_education,2,college sadiki|المدرسه الصادقيه
Q152369,Q2912277,shared_parties,1,التجمع الدستوري الديمقراطي
Q152369,Q2929698,shared_birth_governorate,1,sidi bouzid
Q152369,Q2929705,shared_parties,1,التجمع الدستوري الديمقراطي
Q152369,Q29440996,shared_parties,1,parti socialiste destourien
Q152369,Q29580351,shared_birth_governorate,1,sidi bouzid
Q152369,Q2961945,shared_education,2,college sadiki|المدرسه الصادقيه
Q152369,Q29816892,shared_parties,1,التجمع الدستوري الديمقراطي
Q152369,Q3012366,shared_parties,1,التجمع الدستوري الديمقراطي
Q152369,Q3039490,shared_education,1,المدرسه الصادقيه
Q152369,Q3067195,shared_education,2,college sadiki|المدرسه الصادقيه
Q152369,Q3067195,shared_parties,1,parti socialiste destourien
Q152369,Q30728289,shared_parties,1,التجمع الدستوري الديمقراطي
Q152369,Q30728498,shared_parties,1,التجمع الدستوري الديمقراطي
Q152369,Q308017,shared_parties,1,parti socialiste destourien
Q152369,Q3128235,shared_parties,1,parti socialiste destourien
Q152369,Q313539,shared_education,2,college sadiki|المدرسه الصادقيه
Q152369,Q313539,shared_parties,1,التجمع الدستوري الديمقراطي
Q152369,Q3144594,shared_education,1,college sadiki
Q152369,Q3192376,shared_parties,1,التجمع الدستوري الديمقراطي
Q152369,Q3196139,shared_education,1,college sadiki
Q152369,Q3216753,shared_education,2,college sadiki|المدرسه الصادقيه
Q152369,Q3277799,shared_education,1,المدرسه الصادقيه
Q152369,Q3286574,shared_parties,1,parti socialiste destourien
Q152369,Q3318509,shared_parties,1,التجمع الدستوري الديمقراطي
Q152369,Q3318530,shared_parties,1,parti socialiste destourien
Q152369,Q3318622,shared_parties,2,parti socialiste destourien|التجمع الدستوري الديمقراطي
Q152369,Q3320454,shared_parties,1,التجمع الدستوري الديمقراطي
Q152369,Q3320538,shared_parties,1,parti socialiste destourien
Q152369,Q3320544,shared_education,2,college sadiki|المدرسه الصادقيه
Q152369,Q3320544,shared_parties,1,التجمع الدستوري الديمقراطي
Q152369,Q3320644,shared_education,1,college sadiki
Q152369,Q3320650,shared_education,2,college sadiki|المدرسه الصادقيه
Q152369,Q3320650,shared_parties,1,parti socialiste destourien
Q152369,Q3328933,shared_education,1,college sadiki
Q152369,Q3328946,shared_education,2,college sadiki|المدرسه الصادقيه
Q152369,Q3328946,shared_parties,1,parti socialiste destourien
Q152369,Q3331012,shared_parties,1,parti socialiste destourien
Q152369,Q3331032,shared_parties,1,parti socialiste destourien
Q152369,Q3334855,shared_parties,1,التجمع الدستوري الديمقراطي
Q152369,Q3344886,shared_education,1,college sadiki
Q152369,Q3344886,shared_parties,1,parti socialiste destourien
Q152369,Q3347261,shared_parties,1,التجمع الدستوري الديمقراطي
Q152369,Q3357601,shared_parties,1,parti socialiste destourien
Q152369,Q3417300,shared_parties,1,التجمع الدستوري الديمقراطي
Q152369,Q3417419,shared_parties,1,التجمع الدستوري الديمقراطي
Q152369,Q3431743,shared_parties,1,التجمع الدستوري الديمقراطي
Q152369,Q3461164,shared_education,2,college sadiki|المدرسه الصادقيه
Q152369,Q3461164,shared_parties,1,التجمع الدستوري الديمقراطي
Q152369,Q3461169,shared_parties,1,التجمع الدستوري الديمقراطي
Q152369,Q3461176,shared_parties,1,parti socialiste destourien
Q152369,Q3470003,shared_education,1,college sadiki
Q152369,Q3486513,shared_parties,1,التجمع الدستوري الديمقراطي
Q152369,Q3515404,shared_parties,1,التجمع الدستوري الديمقراطي
Q152369,Q3516540,shared_education,1,college sadiki
Q152369,Q3516543,shared_education,1,college sadiki
Q152369,Q377921,shared_education,2,college sadiki|المدرسه الصادقيه
Q152369,Q377921,shared_parties,1,parti socialiste destourien
Q152369,Q38213221,shared_parties,1,التجمع الدستوري الديمقراطي
Q152369,Q3951110,shared_parties,1,parti socialiste destourien
Q152369,Q431515,shared_parties,1,التجمع الدستوري الديمقراطي
Q152369,Q48757077,shared_education,1,college sadiki
Q152369,Q495681,shared_education,2,college sadiki|المدرسه الصادقيه
Q152369,Q496165,shared_education,2,college sadiki|المدرسه الصادقيه
Q152369,Q50285534,shared_parties,2,parti socialiste destourien|التجمع الدستوري الديمقراطي
Q152369,Q507856,shared_education,2,college sadiki|المدرسه الصادقيه
Q152369,Q54875068,shared_parties,2,parti socialiste destourien|التجمع الدستوري الديمقراطي
Q152369,Q54875069,shared_parties,2,parti socialiste destourien|التجمع الدستوري الديمقراطي
Q152369,Q54875074,shared_parties,1,parti socialiste destourien
Q152369,Q54875084,shared_parties,1,parti socialiste destourien
Q152369,Q54875086,shared_parties,1,التجمع الدستوري الديمقراطي
Q152369,Q54875087,shared_parties,1,التجمع الدستوري الديمقراطي
Q152369,Q54875092,shared_parties,1,التجمع الدستوري الديمقراطي
Q152369,Q54875133,shared_parties,1,التجمع الدستوري الديمقراطي
Q152369,Q54875134,shared_parties,1,parti socialiste destourien
Q152369,Q55196894,shared_parties,1,parti socialiste destourien
Q152369,Q55391329,shared_parties,1,التجمع الدستوري الديمقراطي
Q152369,Q55392087,shared_birth_governorate,1,sidi bouzid
Q152369,Q55392087,shared_parties,1,التجمع الدستوري الديمقراطي
Q152369,Q55392091,shared_parties,1,parti socialiste destourien
Q152369,Q55392098,shared_parties,1,parti socialiste destourien
Q152369,Q55392103,shared_parties,1,التجمع الدستوري الديمقراطي
Q152369,Q586623,shared_education,1,college sadiki
Q152369,Q60573369,shared_parties,1,التجمع الدستوري الديمقراطي
Q152369,Q60573379,shared_parties,1,التجمع الدستوري الديمقراطي
Q152369,Q60573416,shared_parties,1,parti socialiste destourien
Q152369,Q60573426,shared_parties,1,التجمع الدستوري الديمقراطي
Q152369,Q60573536,shared_parties,2,parti socialiste destourien|التجمع الدستوري الديمقراطي
Q152369,Q643348,shared_education,2,college sadiki|المدرسه الصادقيه
Q152369,Q653162,shared_parties,2,parti socialiste destourien|التجمع الدستوري الديمقراطي
Q152369,Q800238,shared_education,1,college sadiki
Q152369,Q800238,shared_parties,1,parti socialiste destourien
Q152369,Q97961043,shared_parties,1,التجمع الدستوري الديمقراطي
Q15304780,Q16263000,shared_birth_governorate,1,mahdia
Q15304780,Q17154190,shared_birth_governorate,1,mahdia
Q15304780,Q18398343,shared_education,1,universite de tunis - el manar
Q15304780,Q19060319,shared_education,1,جامعه تونس المنار
Q15304780,Q1951854,shared_birth_governorate,1,mahdia
Q15304780,Q19544932,shared_education,1,universite de tunis - el manar
Q15304780,Q19848008,shared_birth_governorate,1,mahdia
Q15304780,Q19848008,shared_education,2,universite de tunis - el manar|جامعه تونس المنار
Q15304780,Q20991574,shared_education,1,جامعه تونس المنار
Q15304780,Q21511555,shared_education,1,universite de tunis - el manar
Q15304780,Q2374730,shared_birth_governorate,1,mahdia
Q15304780,Q26505513,shared_birth_governorate,1,mahdia
Q15304780,Q2821127,shared_birth_governorate,1,mahdia
Q15304780,Q28465669,shared_education,1,universite de tunis - el manar
Q15304780,Q3304511,shared_birth_governorate,1,mahdia
Q15304780,Q3318297,shared_education,1,universite de tunis - el manar
Q15304780,Q3318336,shared_education,1,universite de tunis - el manar
Q15304780,Q3318530,shared_birth_governorate,1,mahdia
Q15304780,Q3333020,shared_education,1,universite de tunis - el manar
Q15304780,Q3490439,shared_education,1,universite de tunis - el manar
Q15304780,Q3571955,shared_birth_governorate,1,mahdia
Q15304780,Q56309568,shared_education,1,universite de tunis - el manar
Q15304780,Q60572709,shared_birth_governorate,1,mahdia
Q15304780,Q653162,shared_birth_governorate,1,mahdia
Q15304780,Q88485687,shared_education,1,جامعه تونس المنار
Q1530765,Q16117997,shared_parties,1,parti socialiste destourien
Q1530765,Q16127215,shared_parties,1,parti socialiste destourien
Q1530765,Q16222569,shared_education,1,college sadiki
Q1530765,Q16262803,shared_parties,1,parti socialiste destourien
Q1530765,Q16263000,shared_education,1,college sadiki
Q1530765,Q16321385,shared_birth_governorate,1,sousse
Q1530765,Q16325262,shared_education,1,college sadiki
Q1530765,Q1642894,shared_parties,1,parti socialiste destourien
Q1530765,Q16666837,shared_birth_governorate,1,sousse
Q1530765,Q16666837,shared_parties,1,parti socialiste destourien
Q1530765,Q17425841,shared_parties,1,parti socialiste destourien
Q1530765,Q18610883,shared_parties,1,parti socialiste destourien
Q1530765,Q1890995,shared_education,1,college sadiki
Q1530765,Q19060319,shared_education,1,college sadiki
Q1530765,Q1951854,shared_education,1,college sadiki
Q1530765,Q19544932,shared_birth_governorate,1,sousse
Q1530765,Q20047058,shared_parties,1,parti socialiste destourien
Q1530765,Q204487,shared_birth_governorate,1,sousse
Q1530765,Q204487,shared_parties,1,parti socialiste destourien
Q1530765,Q20643083,shared_education,1,college sadiki
Q1530765,Q2268624,shared_education,1,college sadiki
Q1530765,Q22928978,shared_parties,1,parti socialiste destourien
Q1530765,Q2374730,shared_education,1,college sadiki
Q1530765,Q2655671,shared_birth_governorate,1,sousse
Q1530765,Q27179077,shared_education,1,college sadiki
Q1530765,Q282026,shared_education,1,college sadiki
Q1530765,Q282026,shared_parties,1,parti socialiste destourien
Q1530765,Q2820925,shared_parties,1,parti socialiste destourien
Q1530765,Q2820931,shared_parties,1,parti socialiste destourien
Q1530765,Q2820994,shared_parties,1,parti socialiste destourien
Q1530765,Q2820997,shared_birth_governorate,1,sousse
Q1530765,Q2821037,shared_birth_governorate,1,sousse
Q1530765,Q2821055,shared_parties,1,parti socialiste destourien
Q1530765,Q2821259,shared_education,1,college sadiki
Q1530765,Q2821273,shared_education,1,college sadiki
Q1530765,Q2821297,shared_birth_governorate,1,sousse
Q1530765,Q2821308,shared_birth_governorate,1,sousse
Q1530765,Q2827512,shared_education,1,college sadiki
Q1530765,Q2827624,shared_parties,1,parti socialiste destourien
Q1530765,Q2827627,shared_birth_governorate,1,sousse
Q1530765,Q2836334,shared_education,1,college sadiki
Q1530765,Q28465669,shared_birth_governorate,1,sousse
Q1530765,Q28502176,shared_birth_governorate,1,sousse
Q1530765,Q2875153,shared_education,1,college sadiki
Q1530765,Q29440996,shared_parties,1,parti socialiste destourien
Q1530765,Q2961945,shared_education,1,college sadiki
Q1530765,Q30118294,shared_birth_governorate,1,sousse
Q1530765,Q3067195,shared_education,1,college sadiki
Q1530765,Q3067195,shared_parties,1,parti socialiste destourien
Q1530765,Q308017,shared_parties,1,parti socialiste destourien
Q1530765,Q3125288,shared_birth_governorate,1,sousse
Q1530765,Q3125311,shared_birth_governorate,1,sousse
Q1530765,Q3128235,shared_parties,1,parti socialiste destourien
Q1530765,Q313539,shared_education,1,college sadiki
Q1530765,Q3144594,shared_education,1,college sadiki
Q1530765,Q3196139,shared_education,1,college sadiki
Q1530765,Q3216753,shared_education,1,college sadiki
Q1530765,Q3286574,shared_parties,1,parti socialiste destourien
Q1530765,Q3318530,shared_parties,1,parti socialiste destourien
Q1530765,Q3318622,shared_birth_governorate,1,sousse
Q1530765,Q3318622,shared_parties,1,parti socialiste destourien
Q1530765,Q3320538,shared_parties,1,parti socialiste destourien
Q1530765,Q3320544,shared_education,1,college sadiki
Q1530765,Q3320644,shared_education,1,college sadiki
Q1530765,Q3320650,shared_education,1,college sadiki
Q1530765,Q3320650,shared_parties,1,parti socialiste destourien
Q1530765,Q3328933,shared_education,1,college sadiki
Q1530765,Q3328946,shared_education,1,college sadiki
Q1530765,Q3328946,shared_parties,1,parti socialiste destourien
Q1530765,Q3331012,shared_parties,1,parti socialiste destourien
Q1530765,Q3331032,shared_parties,1,parti socialiste destourien
Q1530765,Q3344886,shared_education,1,college sadiki
Q1530765,Q3344886,shared_parties,1,parti socialiste destourien
Q1530765,Q3357601,shared_parties,1,parti socialiste destourien
Q1530765,Q3431743,shared_birth_governorate,1,sousse
Q1530765,Q3461164,shared_education,1,college sadiki
Q1530765,Q3461176,shared_parties,1,parti socialiste destourien
Q1530765,Q3470003,shared_education,1,college sadiki
Q1530765,Q3516540,shared_education,1,college sadiki
Q1530765,Q3516543,shared_education,1,college sadiki
Q1530765,Q377921,shared_education,1,college sadiki
Q1530765,Q377921,shared_parties,1,parti socialiste destourien
Q1530765,Q3951110,shared_parties,1,parti socialiste destourien
Q1530765,Q431515,shared_birth_governorate,1,sousse
Q1530765,Q48757077,shared_education,1,college sadiki
Q1530765,Q495681,shared_education,1,college sadiki
Q1530765,Q496165,shared_education,1,college sadiki
Q1530765,Q50099224,shared_birth_governorate,1,sousse
Q1530765,Q50285534,shared_birth_governorate,1,sousse
Q1530765,Q50285534,shared_parties,1,parti socialiste destourien
Q1530765,Q507856,shared_education,1,college sadiki
Q1530765,Q54875068,shared_parties,1,parti socialiste destourien
Q1530765,Q54875069,shared_parties,1,parti socialiste destourien
Q1530765,Q54875074,shared_parties,1,parti socialiste destourien
Q1530765,Q54875084,shared_birth_governorate,1,sousse
Q1530765,Q54875084,shared_parties,1,parti socialiste destourien
Q1530765,Q54875134,shared_parties,1,parti socialiste destourien
Q1530765,Q55196894,shared_parties,1,parti socialiste destourien
Q1530765,Q55392091,shared_parties,1,parti socialiste destourien
Q1530765,Q55392098,shared_parties,1,parti socialiste destourien
Q1530765,Q57699,shared_birth_governorate,1,sousse
Q1530765,Q586623,shared_education,1,college sadiki
Q1530765,Q60573416,shared_parties,1,parti socialiste destourien
Q1530765,Q60573536,shared_parties,1,parti socialiste destourien
Q1530765,Q60576591,shared_birth_governorate,1,sousse
Q1530765,Q643348,shared_education,1,college sadiki
Q1530765,Q653162,shared_parties,1,parti socialiste destourien
Q1530765,Q800238,shared_education,1,college sadiki
Q1530765,Q800238,shared_parties,1,parti socialiste destourien
Q1530765,Q88467296,shared_birth_governorate,1,sousse
Q15829893,Q16269532,shared_education,2,universite de californie du sud|جامعه جنوب كاليفورنيا
Q15829893,Q2929698,shared_birth_governorate,1,sidi bouzid
Q15829893,Q29580351,shared_birth_governorate,1,sidi bouzid
Q15829893,Q55392087,shared_birth_governorate,1,sidi bouzid
Q16027763,Q16267906,shared_birth_governorate,1,monastir
Q16027763,Q16269694,shared_birth_governorate,1,monastir
Q16027763,Q1642894,shared_birth_governorate,1,monastir
Q16027763,Q16679067,shared_birth_governorate,1,monastir
Q16027763,Q19060293,shared_birth_governorate,1,monastir
Q16027763,Q19956225,shared_birth_governorate,1,monastir
Q16027763,Q19956346,shared_birth_governorate,1,monastir
Q16027763,Q20412385,shared_birth_governorate,1,monastir
Q16027763,Q22211169,shared_birth_governorate,1,monastir
Q16027763,Q26834002,shared_birth_governorate,1,monastir
Q16027763,Q282026,shared_birth_governorate,1,monastir
Q16027763,Q2821012,shared_birth_governorate,1,monastir
Q16027763,Q2821055,shared_birth_governorate,1,monastir
Q16027763,Q2827512,shared_birth_governorate,1,monastir
Q16027763,Q2912277,shared_birth_governorate,1,monastir
Q16027763,Q2929705,shared_birth_governorate,1,monastir
Q16027763,Q2947600,shared_birth_governorate,1,monastir
Q16027763,Q29580479,shared_birth_governorate,1,monastir
Q16027763,Q308017,shared_birth_governorate,1,monastir
Q16027763,Q3125835,shared_birth_governorate,1,monastir
Q16027763,Q3141381,shared_birth_governorate,1,monastir
Q16027763,Q3144591,shared_birth_governorate,1,monastir
Q16027763,Q3286574,shared_birth_governorate,1,monastir
Q16027763,Q3318702,shared_birth_governorate,1,monastir
Q16027763,Q3318797,shared_birth_governorate,1,monastir
Q16027763,Q3320650,shared_birth_governorate,1,monastir
Q16027763,Q3328959,shared_birth_governorate,1,monastir
Q16027763,Q3331032,shared_birth_governorate,1,monastir
Q16027763,Q3347261,shared_birth_governorate,1,monastir
Q16027763,Q3431735,shared_birth_governorate,1,monastir
Q16027763,Q3516539,shared_birth_governorate,1,monastir
Q16027763,Q377921,shared_birth_governorate,1,monastir
Q16027763,Q48757077,shared_birth_governorate,1,monastir
Q16027763,Q643348,shared_birth_governorate,1,monastir
Q16027763,Q98828346,shared_birth_governorate,1,monastir
Q16027804,Q1890995,shared_parties,1,ettakatol
Q16027804,Q19060320,shared_birth_governorate,1,jendouba
Q16027804,Q20391000,shared_birth_governorate,1,jendouba
Q16027804,Q20643083,shared_birth_governorate,1,jendouba
Q16027804,Q2821259,shared_parties,1,ettakatol
Q16027804,Q3051875,shared_parties,1,ettakatol
Q16027804,Q3160876,shared_birth_governorate,1,jendouba
Q16027804,Q3196042,shared_parties,1,ettakatol
Q16027804,Q3257623,shared_parties,1,ettakatol
Q16027804,Q3333020,shared_parties,1,ettakatol
Q16027804,Q3470003,shared_parties,1,ettakatol
Q16027804,Q88485687,shared_birth_governorate,1,jendouba
Q16027809,Q19543880,shared_birth_governorate,1,gabes
Q16027809,Q19629356,shared_birth_governorate,1,gabes
Q16027809,Q26710667,shared_birth_governorate,1,gabes
Q16027809,Q2972023,shared_birth_governorate,1,gabes
Q16027809,Q3160736,shared_birth_governorate,1,gabes
Q16027809,Q3216753,shared_birth_governorate,1,gabes
Q16027809,Q3318356,shared_birth_governorate,1,gabes
Q16027809,Q3320655,shared_birth_governorate,1,gabes
Q16027809,Q3358533,shared_birth_governorate,1,gabes
Q16027809,Q3417420,shared_birth_governorate,1,gabes
Q16027809,Q3431745,shared_birth_governorate,1,gabes
Q16027809,Q54875069,shared_birth_governorate,1,gabes
Q16027809,Q92199953,shared_birth_governorate,1,gabes
Q16117997,Q16127215,shared_parties,1,parti socialiste destourien
Q16117997,Q16262803,shared_parties,1,parti socialiste destourien
Q16117997,Q1642894,shared_parties,1,parti socialiste destourien
Q16117997,Q16666837,shared_parties,1,parti socialiste destourien
Q16117997,Q17425841,shared_parties,1,parti socialiste destourien
Q16117997,Q18610883,shared_parties,1,parti socialiste destourien
Q16117997,Q20047058,shared_parties,1,parti socialiste destourien
Q16117997,Q204487,shared_parties,1,parti socialiste destourien
Q16117997,Q22928978,shared_parties,1,parti socialiste destourien
Q16117997,Q282026,shared_parties,1,parti socialiste destourien
Q16117997,Q2820925,shared_parties,1,parti socialiste destourien
Q16117997,Q2820931,shared_parties,1,parti socialiste destourien
Q16117997,Q2820994,shared_parties,1,parti socialiste destourien
Q16117997,Q2821055,shared_parties,1,parti socialiste destourien
Q16117997,Q2827624,shared_parties,1,parti socialiste destourien
Q16117997,Q29440996,shared_parties,1,parti socialiste destourien
Q16117997,Q3067195,shared_parties,1,parti socialiste destourien
Q16117997,Q308017,shared_parties,1,parti socialiste destourien
Q16117997,Q3128235,shared_parties,1,parti socialiste destourien
Q16117997,Q3286574,shared_parties,1,parti socialiste destourien
Q16117997,Q3318530,shared_parties,1,parti socialiste destourien
Q16117997,Q3318622,shared_parties,1,parti socialiste destourien
Q16117997,Q3320538,shared_parties,1,parti socialiste destourien
Q16117997,Q3320650,shared_parties,1,parti socialiste destourien
Q16117997,Q3328946,shared_parties,1,parti socialiste destourien
Q16117997,Q3331012,shared_parties,1,parti socialiste destourien
Q16117997,Q3331032,shared_parties,1,parti socialiste destourien
Q16117997,Q3344886,shared_parties,1,parti socialiste destourien
Q16117997,Q3357601,shared_parties,1,parti socialiste destourien
Q16117997,Q3461176,shared_parties,1,parti socialiste destourien
Q16117997,Q377921,shared_parties,1,parti socialiste destourien
Q16117997,Q3951110,shared_parties,1,parti socialiste destourien
Q16117997,Q50285534,shared_parties,1,parti socialiste destourien
Q16117997,Q54875068,shared_parties,1,parti socialiste destourien
Q16117997,Q54875069,shared_parties,1,parti socialiste destourien
Q16117997,Q54875074,shared_parties,1,parti socialiste destourien
Q16117997,Q54875084,shared_parties,1,parti socialiste destourien
Q16117997,Q54875134,shared_parties,1,parti socialiste destourien
Q16117997,Q55196894,shared_parties,1,parti socialiste destourien
Q16117997,Q55392091,shared_parties,1,parti socialiste destourien
Q16117997,Q55392098,shared_parties,1,parti socialiste destourien
Q16117997,Q60573416,shared_parties,1,parti socialiste destourien
Q16117997,Q60573536,shared_parties,1,parti socialiste destourien
Q16117997,Q653162,shared_parties,1,parti socialiste destourien
Q16117997,Q800238,shared_parties,1,parti socialiste destourien
Q16120212,Q22344522,shared_education,1,faculte de medecine de tunis
Q16120212,Q2821154,shared_education,1,faculte de medecine de tunis
Q16120212,Q28653580,shared_education,1,faculte de medecine de tunis
Q16120212,Q2912277,shared_education,1,faculte de medecine de tunis
Q16120212,Q29577522,shared_education,1,faculte de medecine de tunis
Q16120212,Q3470003,shared_education,1,faculte de medecine de tunis
Q16120212,Q3486677,shared_education,1,mediterranean school of business
Q16120212,Q86329266,shared_education,1,faculte de medecine de tunis
Q16123702,Q16268984,shared_birth_governorate,1,gafsa
Q16123702,Q21091553,shared_birth_governorate,1,gafsa
Q16123702,Q30104283,shared_birth_governorate,1,gafsa
Q16123702,Q3125307,shared_birth_governorate,1,gafsa
Q16123702,Q3125336,shared_birth_governorate,1,gafsa
Q16123702,Q3220051,shared_birth_governorate,1,gafsa
Q16123702,Q3220052,shared_birth_governorate,1,gafsa
Q16123702,Q3431740,shared_birth_governorate,1,gafsa
Q16123702,Q3470845,shared_birth_governorate,1,gafsa
Q16123702,Q3951110,shared_birth_governorate,1,gafsa
Q16123702,Q51460814,shared_birth_governorate,1,gafsa
Q16127215,Q16262803,shared_parties,1,parti socialiste destourien
Q16127215,Q16267511,shared_parties,1,التجمع الدستوري الديمقراطي
Q16127215,Q16325226,shared_parties,1,التجمع الدستوري الديمقراطي
Q16127215,Q1642894,shared_parties,1,parti socialiste destourien
Q16127215,Q16666837,shared_parties,2,parti socialiste destourien|التجمع الدستوري الديمقراطي
Q16127215,Q17425841,shared_parties,2,parti socialiste destourien|التجمع الدستوري الديمقراطي
Q16127215,Q18610883,shared_parties,1,parti socialiste destourien
Q16127215,Q19060286,shared_parties,1,التجمع الدستوري الديمقراطي
Q16127215,Q19060293,shared_parties,1,التجمع الدستوري الديمقراطي
Q16127215,Q19060320,shared_parties,1,التجمع الدستوري الديمقراطي
Q16127215,Q19060337,shared_parties,1,التجمع الدستوري الديمقراطي
Q16127215,Q19060346,shared_parties,1,التجمع الدستوري الديمقراطي
Q16127215,Q19629356,shared_parties,1,التجمع الدستوري الديمقراطي
Q16127215,Q19956346,shared_parties,1,التجمع الدستوري الديمقراطي
Q16127215,Q20047058,shared_parties,1,parti socialiste destourien
Q16127215,Q204487,shared_parties,2,parti socialiste destourien|التجمع الدستوري الديمقراطي
Q16127215,Q2268624,shared_parties,1,التجمع الدستوري الديمقراطي
Q16127215,Q22928978,shared_parties,1,parti socialiste destourien
Q16127215,Q24690603,shared_parties,1,التجمع الدستوري الديمقراطي
Q16127215,Q282026,shared_parties,1,parti socialiste destourien
Q16127215,Q2820925,shared_parties,1,parti socialiste destourien
Q16127215,Q2820931,shared_parties,1,parti socialiste destourien
Q16127215,Q2820994,shared_parties,1,parti socialiste destourien
Q16127215,Q2821055,shared_parties,1,parti socialiste destourien
Q16127215,Q2827624,shared_parties,1,parti socialiste destourien
Q16127215,Q2827664,shared_parties,1,التجمع الدستوري الديمقراطي
Q16127215,Q2836180,shared_parties,1,التجمع الدستوري الديمقراطي
Q16127215,Q2912277,shared_parties,1,التجمع الدستوري الديمقراطي
Q16127215,Q2929705,shared_parties,1,التجمع الدستوري الديمقراطي
Q16127215,Q29440996,shared_parties,1,parti socialiste destourien
Q16127215,Q29816892,shared_parties,1,التجمع الدستوري الديمقراطي
Q16127215,Q3012366,shared_parties,1,التجمع الدستوري الديمقراطي
Q16127215,Q3067195,shared_parties,1,parti socialiste destourien
Q16127215,Q30728289,shared_parties,1,التجمع الدستوري الديمقراطي
Q16127215,Q30728498,shared_parties,1,التجمع الدستوري الديمقراطي
Q16127215,Q308017,shared_parties,1,parti socialiste destourien
Q16127215,Q3128235,shared_parties,1,parti socialiste destourien
Q16127215,Q313539,shared_parties,1,التجمع الدستوري الديمقراطي
Q16127215,Q3192376,shared_parties,1,التجمع الدستوري الديمقراطي
Q16127215,Q3220051,shared_education,2,universite de damas|جامعه دمشق
Q16127215,Q3286574,shared_parties,1,parti socialiste destourien
Q16127215,Q3318509,shared_parties,1,التجمع الدستوري الديمقراطي
Q16127215,Q3318530,shared_parties,1,parti socialiste destourien
Q16127215,Q3318622,shared_parties,2,parti socialiste destourien|التجمع الدستوري الديمقراطي
Q16127215,Q3320454,shared_parties,1,التجمع الدستوري الديمقراطي
Q16127215,Q3320538,shared_parties,1,parti socialiste destourien
Q16127215,Q3320544,shared_parties,1,التجمع الدستوري الديمقراطي
Q16127215,Q3320650,shared_parties,1,parti socialiste destourien
Q16127215,Q3328946,shared_parties,1,parti socialiste destourien
Q16127215,Q3331012,shared_parties,1,parti socialiste destourien
Q16127215,Q3331032,shared_parties,1,parti socialiste destourien
Q16127215,Q3334855,shared_parties,1,التجمع الدستوري الديمقراطي
Q16127215,Q3344886,shared_parties,1,parti socialiste destourien
Q16127215,Q3347261,shared_parties,1,التجمع الدستوري الديمقراطي
Q16127215,Q3357601,shared_parties,1,parti socialiste destourien
Q16127215,Q3417300,shared_parties,1,التجمع الدستوري الديمقراطي
Q16127215,Q3417419,shared_parties,1,التجمع الدستوري الديمقراطي
Q16127215,Q3431743,shared_parties,1,التجمع الدستوري الديمقراطي
Q16127215,Q3461164,shared_parties,1,التجمع الدستوري الديمقراطي
Q16127215,Q3461169,shared_parties,1,التجمع الدستوري الديمقراطي
Q16127215,Q3461176,shared_parties,1,parti socialiste destourien
Q16127215,Q3486513,shared_parties,1,التجمع الدستوري الديمقراطي
Q16127215,Q3515404,shared_parties,1,التجمع الدستوري الديمقراطي
Q16127215,Q377921,shared_parties,1,parti socialiste destourien
Q16127215,Q38213221,shared_parties,1,التجمع الدستوري الديمقراطي
Q16127215,Q3951110,shared_parties,1,parti socialiste destourien
Q16127215,Q431515,shared_parties,1,التجمع الدستوري الديمقراطي
Q16127215,Q48757077,shared_education,1,universite d'aix-marseille
Q16127215,Q50285534,shared_parties,2,parti socialiste destourien|التجمع الدستوري الديمقراطي
Q16127215,Q54875068,shared_parties,2,parti socialiste destourien|التجمع الدستوري الديمقراطي
Q16127215,Q54875069,shared_parties,2,parti socialiste destourien|التجمع الدستوري الديمقراطي
Q16127215,Q54875074,shared_parties,1,parti socialiste destourien
Q16127215,Q54875084,shared_parties,1,parti socialiste destourien
Q16127215,Q54875086,shared_parties,1,التجمع الدستوري الديمقراطي
Q16127215,Q54875087,shared_parties,1,التجمع الدستوري الديمقراطي
Q16127215,Q54875092,shared_parties,1,التجمع الدستوري الديمقراطي
Q16127215,Q54875133,shared_parties,1,التجمع الدستوري الديمقراطي
Q16127215,Q54875134,shared_parties,1,parti socialiste destourien
Q16127215,Q55196894,shared_parties,1,parti socialiste destourien
Q16127215,Q55391329,shared_parties,1,التجمع الدستوري الديمقراطي
Q16127215,Q55392087,shared_parties,1,التجمع الدستوري الديمقراطي
Q16127215,Q55392091,shared_parties,1,parti socialiste destourien
Q16127215,Q55392098,shared_parties,1,parti socialiste destourien
Q16127215,Q55392103,shared_parties,1,التجمع الدستوري الديمقراطي
Q16127215,Q60573369,shared_parties,1,التجمع الدستوري الديمقراطي
Q16127215,Q60573379,shared_parties,1,التجمع الدستوري الديمقراطي
Q16127215,Q60573416,shared_parties,1,parti socialiste destourien
Q16127215,Q60573426,shared_parties,1,التجمع الدستوري الديمقراطي
Q16127215,Q60573536,shared_parties,2,parti socialiste destourien|التجمع الدستوري الديمقراطي
Q16127215,Q653162,shared_parties,2,parti socialiste destourien|التجمع الدستوري الديمقراطي
Q16127215,Q800238,shared_parties,1,parti socialiste destourien
Q16127215,Q97961043,shared_parties,1,التجمع الدستوري الديمقراطي
Q16167736,Q16269532,shared_birth_governorate,1,nabeul
Q16167736,Q16664915,shared_birth_governorate,1,nabeul
Q16167736,Q19955807,shared_birth_governorate,1,nabeul
Q16167736,Q21996842,shared_birth_governorate,1,nabeul
Q16167736,Q22344522,shared_birth_governorate,1,nabeul
Q16167736,Q27666209,shared_birth_governorate,1,nabeul
Q16167736,Q2821146,shared_birth_governorate,1,nabeul
Q16167736,Q28654181,shared_birth_governorate,1,nabeul
Q16167736,Q29440996,shared_birth_governorate,1,nabeul
Q16167736,Q3012366,shared_birth_governorate,1,nabeul
Q16167736,Q30729046,shared_birth_governorate,1,nabeul
Q16167736,Q3079840,shared_birth_governorate,1,nabeul
Q16167736,Q3217980,shared_birth_governorate,1,nabeul
Q16167736,Q3318311,shared_birth_governorate,1,nabeul
Q16167736,Q3318375,shared_birth_governorate,1,nabeul
Q16167736,Q3318731,shared_birth_governorate,1,nabeul
Q16167736,Q3318774,shared_birth_governorate,1,nabeul
Q16167736,Q3318800,shared_birth_governorate,1,nabeul
Q16167736,Q3320424,shared_birth_governorate,1,nabeul
Q16167736,Q3320644,shared_birth_governorate,1,nabeul
Q16167736,Q496165,shared_birth_governorate,1,nabeul
Q16167736,Q54875074,shared_birth_governorate,1,nabeul
Q16167736,Q65130650,shared_birth_governorate,1,nabeul
Q16167736,Q92332624,shared_birth_governorate,1,nabeul
Q16178347,Q16180211,shared_birth_governorate,1,kairouan
Q16178347,Q16180628,shared_birth_governorate,1,kairouan
Q16178347,Q16588807,shared_birth_governorate,1,kairouan
Q16178347,Q20991574,shared_birth_governorate,1,kairouan
Q16178347,Q2388455,shared_birth_governorate,1,kairouan
Q16178347,Q27756741,shared_birth_governorate,1,kairouan
Q16178347,Q2827482,shared_birth_governorate,1,kairouan
Q16178347,Q2929686,shared_birth_governorate,1,kairouan
Q16178347,Q29577458,shared_birth_governorate,1,kairouan
Q16178347,Q3196140,shared_birth_governorate,1,kairouan
Q16178347,Q3318545,shared_birth_governorate,1,kairouan
Q16178347,Q3328946,shared_birth_governorate,1,kairouan
Q16178347,Q3334747,shared_birth_governorate,1,kairouan
Q16178347,Q3357601,shared_birth_governorate,1,kairouan
Q16178347,Q3486507,shared_birth_governorate,1,kairouan
Q16178347,Q3486513,shared_birth_governorate,1,kairouan
Q16180211,Q16180628,shared_birth_governorate,1,kairouan
Q16180211,Q16588807,shared_birth_governorate,1,kairouan
Q16180211,Q20991574,shared_birth_governorate,1,kairouan
Q16180211,Q2388455,shared_birth_governorate,1,kairouan
Q16180211,Q27756741,shared_birth_governorate,1,kairouan
Q16180211,Q2827482,shared_birth_governorate,1,kairouan
Q16180211,Q2929686,shared_birth_governorate,1,kairouan
Q16180211,Q29577458,shared_birth_governorate,1,kairouan
Q16180211,Q3196140,shared_birth_governorate,1,kairouan
Q16180211,Q3318545,shared_birth_governorate,1,kairouan
Q16180211,Q3328946,shared_birth_governorate,1,kairouan
Q16180211,Q3334747,shared_birth_governorate,1,kairouan
Q16180211,Q3357601,shared_birth_governorate,1,kairouan
Q16180211,Q3486507,shared_birth_governorate,1,kairouan
Q16180211,Q3486513,shared_birth_governorate,1,kairouan
Q16180628,Q16588807,shared_birth_governorate,1,kairouan
Q16180628,Q20991574,shared_birth_governorate,1,kairouan
Q16180628,Q2388455,shared_birth_governorate,1,kairouan
Q16180628,Q27756741,shared_birth_governorate,1,kairouan
Q16180628,Q2827482,shared_birth_governorate,1,kairouan
Q16180628,Q2929686,shared_birth_governorate,1,kairouan
Q16180628,Q29577458,shared_birth_governorate,1,kairouan
Q16180628,Q3196140,shared_birth_governorate,1,kairouan
Q16180628,Q3318545,shared_birth_governorate,1,kairouan
Q16180628,Q3328946,shared_birth_governorate,1,kairouan
Q16180628,Q3334747,shared_birth_governorate,1,kairouan
Q16180628,Q3357601,shared_birth_governorate,1,kairouan
Q16180628,Q3486507,shared_birth_governorate,1,kairouan
Q16180628,Q3486513,shared_birth_governorate,1,kairouan
Q16222569,Q16263000,shared_education,1,college sadiki
Q16222569,Q16325262,shared_education,1,college sadiki
Q16222569,Q1890995,shared_education,1,college sadiki
Q16222569,Q19060319,shared_education,1,college sadiki
Q16222569,Q1951854,shared_education,1,college sadiki
Q16222569,Q20643083,shared_education,1,college sadiki
Q16222569,Q2268624,shared_education,1,college sadiki
Q16222569,Q2374730,shared_education,1,college sadiki
Q16222569,Q27179077,shared_education,1,college sadiki
Q16222569,Q282026,shared_education,1,college sadiki
Q16222569,Q2821259,shared_education,1,college sadiki
Q16222569,Q2821273,shared_education,1,college sadiki
Q16222569,Q2827512,shared_education,1,college sadiki
Q16222569,Q2836334,shared_education,1,college sadiki
Q16222569,Q2875153,shared_education,1,college sadiki
Q16222569,Q2961945,shared_education,1,college sadiki
Q16222569,Q3067195,shared_education,1,college sadiki
Q16222569,Q313539,shared_education,1,college sadiki
Q16222569,Q3144594,shared_education,1,college sadiki
Q16222569,Q3196139,shared_education,1,college sadiki
Q16222569,Q3216753,shared_education,1,college sadiki
Q16222569,Q3320544,shared_education,1,college sadiki
Q16222569,Q3320644,shared_education,1,college sadiki
Q16222569,Q3320650,shared_education,1,college sadiki
Q16222569,Q3328933,shared_education,1,college sadiki
Q16222569,Q3328946,shared_education,1,college sadiki
Q16222569,Q3344886,shared_education,1,college sadiki
Q16222569,Q3461164,shared_education,1,college sadiki
Q16222569,Q3470003,shared_education,1,college sadiki
Q16222569,Q3516540,shared_education,1,college sadiki
Q16222569,Q3516543,shared_education,1,college sadiki
Q16222569,Q377921,shared_education,1,college sadiki
Q16222569,Q48757077,shared_education,1,college sadiki
Q16222569,Q495681,shared_education,1,college sadiki
Q16222569,Q496165,shared_education,1,college sadiki
Q16222569,Q507856,shared_education,1,college sadiki
Q16222569,Q586623,shared_education,1,college sadiki
Q16222569,Q643348,shared_education,1,college sadiki
Q16222569,Q800238,shared_education,1,college sadiki
Q16262803,Q16262805,shared_birth_governorate,1,le kef
Q16262803,Q1642894,shared_parties,1,parti socialiste destourien
Q16262803,Q16666837,shared_parties,1,parti socialiste destourien
Q16262803,Q17425841,shared_parties,1,parti socialiste destourien
Q16262803,Q18610883,shared_parties,1,parti socialiste destourien
Q16262803,Q19956120,shared_birth_governorate,1,le kef
Q16262803,Q20047058,shared_parties,1,parti socialiste destourien
Q16262803,Q204487,shared_parties,1,parti socialiste destourien
Q16262803,Q22928978,shared_parties,1,parti socialiste destourien
Q16262803,Q27179077,shared_birth_governorate,1,le kef
Q16262803,Q282026,shared_parties,1,parti socialiste destourien
Q16262803,Q2820925,shared_parties,1,parti socialiste destourien
Q16262803,Q2820931,shared_parties,1,parti socialiste destourien
Q16262803,Q2820994,shared_parties,1,parti socialiste destourien
Q16262803,Q2821055,shared_parties,1,parti socialiste destourien
Q16262803,Q2821154,shared_birth_governorate,1,le kef
Q16262803,Q2821241,shared_birth_governorate,1,le kef
Q16262803,Q2827624,shared_parties,1,parti socialiste destourien
Q16262803,Q29440996,shared_parties,1,parti socialiste destourien
Q16262803,Q3067195,shared_parties,1,parti socialiste destourien
Q16262803,Q308017,shared_parties,1,parti socialiste destourien
Q16262803,Q3128235,shared_parties,1,parti socialiste destourien
Q16262803,Q3286574,shared_parties,1,parti socialiste destourien
Q16262803,Q3318530,shared_parties,1,parti socialiste destourien
Q16262803,Q3318622,shared_parties,1,parti socialiste destourien
Q16262803,Q3320538,shared_parties,1,parti socialiste destourien
Q16262803,Q3320650,shared_parties,1,parti socialiste destourien
Q16262803,Q3328946,shared_parties,1,parti socialiste destourien
Q16262803,Q3331012,shared_parties,1,parti socialiste destourien
Q16262803,Q3331032,shared_parties,1,parti socialiste destourien
Q16262803,Q3344886,shared_parties,1,parti socialiste destourien
Q16262803,Q3357601,shared_parties,1,parti socialiste destourien
Q16262803,Q3461176,shared_parties,1,parti socialiste destourien
Q16262803,Q377921,shared_parties,1,parti socialiste destourien
Q16262803,Q3951110,shared_parties,1,parti socialiste destourien
Q16262803,Q50285534,shared_parties,1,parti socialiste destourien
Q16262803,Q54875068,shared_parties,1,parti socialiste destourien
Q16262803,Q54875069,shared_parties,1,parti socialiste destourien
Q16262803,Q54875074,shared_parties,1,parti socialiste destourien
Q16262803,Q54875084,shared_parties,1,parti socialiste destourien
Q16262803,Q54875134,shared_parties,1,parti socialiste destourien
Q16262803,Q55196894,shared_parties,1,parti socialiste destourien
Q16262803,Q55392091,shared_parties,1,parti socialiste destourien
Q16262803,Q55392098,shared_parties,1,parti socialiste destourien
Q16262803,Q60573416,shared_parties,1,parti socialiste destourien
Q16262803,Q60573536,shared_parties,1,parti socialiste destourien
Q16262803,Q653162,shared_parties,1,parti socialiste destourien
Q16262803,Q800238,shared_parties,1,parti socialiste destourien
Q16262803,Q980071,shared_birth_governorate,1,le kef
Q16262805,Q19956120,shared_birth_governorate,1,le kef
Q16262805,Q27179077,shared_birth_governorate,1,le kef
Q16262805,Q2821154,shared_birth_governorate,1,le kef
Q16262805,Q2821241,shared_birth_governorate,1,le kef
Q16262805,Q980071,shared_birth_governorate,1,le kef
Q16263000,Q16325262,shared_education,2,college sadiki|المدرسه الصادقيه
Q16263000,Q16325262,shared_parties,1,neo-destour
Q16263000,Q17154190,shared_birth_governorate,1,mahdia
Q16263000,Q1890995,shared_education,1,college sadiki
Q16263000,Q19060319,shared_education,2,college sadiki|المدرسه الصادقيه
Q16263000,Q1951854,shared_birth_governorate,1,mahdia
Q16263000,Q1951854,shared_education,2,college sadiki|المدرسه الصادقيه
Q16263000,Q1951854,shared_parties,1,neo-destour
Q16263000,Q19848008,shared_birth_governorate,1,mahdia
Q16263000,Q20643083,shared_education,1,college sadiki
Q16263000,Q2268624,shared_education,2,college sadiki|المدرسه الصادقيه
Q16263000,Q2374730,shared_birth_governorate,1,mahdia
Q16263000,Q2374730,shared_education,2,college sadiki|المدرسه الصادقيه
Q16263000,Q26505513,shared_birth_governorate,1,mahdia
Q16263000,Q2655671,shared_parties,1,neo-destour
Q16263000,Q27179077,shared_education,1,college sadiki
Q16263000,Q282026,shared_education,1,college sadiki
Q16263000,Q2820925,shared_parties,1,neo-destour
Q16263000,Q2821127,shared_birth_governorate,1,mahdia
Q16263000,Q2821259,shared_education,2,college sadiki|المدرسه الصادقيه
Q16263000,Q2821273,shared_education,1,college sadiki
Q16263000,Q2827512,shared_education,1,college sadiki
Q16263000,Q2827512,shared_parties,1,neo-destour
Q16263000,Q2827624,shared_parties,1,neo-destour
Q16263000,Q2827627,shared_parties,1,neo-destour
Q16263000,Q2836334,shared_education,1,college sadiki
Q16263000,Q2855981,shared_parties,1,neo-destour
Q16263000,Q2875109,shared_education,1,المدرسه الصادقيه
Q16263000,Q2875153,shared_education,2,college sadiki|المدرسه الصادقيه
Q16263000,Q2929686,shared_parties,1,neo-destour
Q16263000,Q2961945,shared_education,2,college sadiki|المدرسه الصادقيه
Q16263000,Q3012366,shared_parties,1,neo-destour
Q16263000,Q3039490,shared_education,1,المدرسه الصادقيه
Q16263000,Q3039490,shared_parties,1,neo-destour
Q16263000,Q3067195,shared_education,2,college sadiki|المدرسه الصادقيه
Q16263000,Q3067195,shared_parties,1,neo-destour
Q16263000,Q3128202,shared_parties,1,neo-destour
Q16263000,Q3128235,shared_parties,1,neo-destour
Q16263000,Q313539,shared_education,2,college sadiki|المدرسه الصادقيه
Q16263000,Q3144591,shared_parties,1,neo-destour
Q16263000,Q3144594,shared_education,1,college sadiki
Q16263000,Q3160736,shared_parties,1,neo-destour
Q16263000,Q3196139,shared_education,1,college sadiki
Q16263000,Q3216753,shared_education,2,college sadiki|المدرسه الصادقيه
Q16263000,Q3216753,shared_parties,1,neo-destour
Q16263000,Q3277799,shared_education,1,المدرسه الصادقيه
Q16263000,Q3277799,shared_parties,1,neo-destour
Q16263000,Q3277819,shared_parties,1,neo-destour
Q16263000,Q3304500,shared_education,1,telecom paris
Q16263000,Q3304511,shared_birth_governorate,1,mahdia
Q16263000,Q3318530,shared_birth_governorate,1,mahdia
Q16263000,Q3320424,shared_parties,1,neo-destour
Q16263000,Q3320544,shared_education,2,college sadiki|المدرسه الصادقيه
Q16263000,Q3320644,shared_education,1,college sadiki
Q16263000,Q3320650,shared_education,2,college sadiki|المدرسه الصادقيه
Q16263000,Q3328933,shared_education,1,college sadiki
Q16263000,Q3328946,shared_education,2,college sadiki|المدرسه الصادقيه
Q16263000,Q3328946,shared_parties,1,neo-destour
Q16263000,Q3331012,shared_parties,1,neo-destour
Q16263000,Q3344886,shared_education,1,college sadiki
Q16263000,Q3357601,shared_parties,1,neo-destour
Q16263000,Q3461164,shared_education,2,college sadiki|المدرسه الصادقيه
Q16263000,Q3461164,shared_parties,1,neo-destour
Q16263000,Q3470003,shared_education,1,college sadiki
Q16263000,Q3516540,shared_education,1,college sadiki
Q16263000,Q3516543,shared_education,1,college sadiki
Q16263000,Q3516543,shared_parties,1,neo-destour
Q16263000,Q3571955,shared_birth_governorate,1,mahdia
Q16263000,Q377921,shared_education,2,college sadiki|المدرسه الصادقيه
Q16263000,Q48757077,shared_education,1,college sadiki
Q16263000,Q495681,shared_education,2,college sadiki|المدرسه الصادقيه
Q16263000,Q496042,shared_parties,1,neo-destour
Q16263000,Q496165,shared_education,2,college sadiki|المدرسه الصادقيه
Q16263000,Q507856,shared_education,2,college sadiki|المدرسه الصادقيه
Q16263000,Q54875085,shared_parties,1,neo-destour
Q16263000,Q55167831,shared_parties,1,neo-destour
Q16263000,Q563204,shared_parties,1,neo-destour
Q16263000,Q586623,shared_education,1,college sadiki
Q16263000,Q60572709,shared_birth_governorate,1,mahdia
Q16263000,Q643348,shared_education,2,college sadiki|المدرسه الصادقيه
Q16263000,Q643348,shared_parties,1,neo-destour
Q16263000,Q653162,shared_birth_governorate,1,mahdia
Q16263000,Q800238,shared_education,1,college sadiki
Q16263000,Q91669922,shared_education,1,telecom paris
Q16267511,Q16267906,shared_education,1,جامعه تونس
Q16267511,Q16325226,shared_parties,1,التجمع الدستوري الديمقراطي
Q16267511,Q16642407,shared_education,1,جامعه تونس
Q16267511,Q16666837,shared_parties,1,التجمع الدستوري الديمقراطي
Q16267511,Q16889653,shared_education,1,جامعه تونس
Q16267511,Q17425841,shared_parties,1,التجمع الدستوري الديمقراطي
Q16267511,Q18384881,shared_education,1,جامعه تونس
Q16267511,Q18610841,shared_education,1,جامعه تونس
Q16267511,Q19060286,shared_parties,1,التجمع الدستوري الديمقراطي
Q16267511,Q19060293,shared_parties,1,التجمع الدستوري الديمقراطي
Q16267511,Q19060320,shared_parties,1,التجمع الدستوري الديمقراطي
Q16267511,Q19060337,shared_parties,1,التجمع الدستوري الديمقراطي
Q16267511,Q19060346,shared_parties,1,التجمع الدستوري الديمقراطي
Q16267511,Q19248970,shared_education,1,جامعه تونس
Q16267511,Q19345818,shared_parties,1,nidaa tounes
Q16267511,Q19629356,shared_parties,1,التجمع الدستوري الديمقراطي
Q16267511,Q19631455,shared_parties,1,nidaa tounes
Q16267511,Q19956225,shared_parties,1,nidaa tounes
Q16267511,Q19956346,shared_parties,1,التجمع الدستوري الديمقراطي
Q16267511,Q20423358,shared_education,1,جامعه تونس
Q16267511,Q20423358,shared_parties,1,nidaa tounes
Q16267511,Q204487,shared_parties,1,التجمع الدستوري الديمقراطي
Q16267511,Q22211169,shared_parties,1,nidaa tounes
Q16267511,Q2268624,shared_parties,1,التجمع الدستوري الديمقراطي
Q16267511,Q2388455,shared_parties,1,nidaa tounes
Q16267511,Q24690603,shared_parties,1,التجمع الدستوري الديمقراطي
Q16267511,Q24752632,shared_education,1,جامعه تونس
Q16267511,Q25391268,shared_parties,1,nidaa tounes
Q16267511,Q26505513,shared_parties,1,nidaa tounes
Q16267511,Q27756741,shared_education,1,جامعه تونس
Q16267511,Q27758476,shared_parties,1,nidaa tounes
Q16267511,Q28105062,shared_education,1,جامعه تونس
Q16267511,Q2820999,shared_parties,1,nidaa tounes
Q16267511,Q2826117,shared_parties,1,nidaa tounes
Q16267511,Q2827664,shared_parties,1,التجمع الدستوري الديمقراطي
Q16267511,Q2836180,shared_education,1,جامعه تونس
Q16267511,Q2836180,shared_parties,1,التجمع الدستوري الديمقراطي
Q16267511,Q28465669,shared_parties,1,nidaa tounes
Q16267511,Q28869633,shared_education,1,جامعه تونس
Q16267511,Q2912277,shared_parties,1,التجمع الدستوري الديمقراطي
Q16267511,Q2929705,shared_parties,1,التجمع الدستوري الديمقراطي
Q16267511,Q29577458,shared_parties,1,nidaa tounes
Q16267511,Q29577522,shared_parties,1,nidaa tounes
Q16267511,Q29580435,shared_parties,1,nidaa tounes
Q16267511,Q29580475,shared_parties,1,nidaa tounes
Q16267511,Q29580479,shared_parties,1,nidaa tounes
Q16267511,Q29816892,shared_parties,1,التجمع الدستوري الديمقراطي
Q16267511,Q30118294,shared_parties,1,nidaa tounes
Q16267511,Q3012366,shared_parties,1,التجمع الدستوري الديمقراطي
Q16267511,Q30728289,shared_parties,1,التجمع الدستوري الديمقراطي
Q16267511,Q30728498,shared_parties,2,nidaa tounes|التجمع الدستوري الديمقراطي
Q16267511,Q30729169,shared_parties,1,nidaa tounes
Q16267511,Q3125299,shared_education,1,جامعه تونس
Q16267511,Q3125311,shared_parties,1,nidaa tounes
Q16267511,Q3125336,shared_education,1,جامعه تونس
Q16267511,Q3128291,shared_education,1,جامعه تونس
Q16267511,Q313539,shared_parties,2,nidaa tounes|التجمع الدستوري الديمقراطي
Q16267511,Q3141381,shared_parties,1,nidaa tounes
Q16267511,Q3192376,shared_parties,1,التجمع الدستوري الديمقراطي
Q16267511,Q3196140,shared_parties,1,nidaa tounes
Q16267511,Q3220051,shared_parties,1,nidaa tounes
Q16267511,Q3318356,shared_parties,1,nidaa tounes
Q16267511,Q3318509,shared_parties,1,التجمع الدستوري الديمقراطي
Q16267511,Q3318530,shared_education,1,جامعه تونس
Q16267511,Q3318530,shared_parties,1,nidaa tounes
Q16267511,Q3318622,shared_parties,1,التجمع الدستوري الديمقراطي
Q16267511,Q3320454,shared_parties,1,التجمع الدستوري الديمقراطي
Q16267511,Q3320544,shared_parties,1,التجمع الدستوري الديمقراطي
Q16267511,Q3328959,shared_education,1,جامعه تونس
Q16267511,Q3331012,shared_parties,1,nidaa tounes
Q16267511,Q3334855,shared_parties,1,التجمع الدستوري الديمقراطي
Q16267511,Q3347261,shared_parties,1,التجمع الدستوري الديمقراطي
Q16267511,Q3358533,shared_education,1,جامعه تونس
Q16267511,Q3417300,shared_parties,1,التجمع الدستوري الديمقراطي
Q16267511,Q3417419,shared_education,1,جامعه تونس
Q16267511,Q3417419,shared_parties,1,التجمع الدستوري الديمقراطي
Q16267511,Q3417449,shared_parties,1,nidaa tounes
Q16267511,Q3431734,shared_parties,1,nidaa tounes
Q16267511,Q3431743,shared_parties,1,التجمع الدستوري الديمقراطي
Q16267511,Q3461164,shared_parties,1,التجمع الدستوري الديمقراطي
Q16267511,Q3461169,shared_education,1,جامعه تونس
Q16267511,Q3461169,shared_parties,1,التجمع الدستوري الديمقراطي
Q16267511,Q3474776,shared_parties,1,nidaa tounes
Q16267511,Q3486507,shared_education,1,جامعه تونس
Q16267511,Q3486513,shared_parties,1,التجمع الدستوري الديمقراطي
Q16267511,Q3486677,shared_parties,1,nidaa tounes
Q16267511,Q3486689,shared_education,1,جامعه تونس
Q16267511,Q3515404,shared_parties,1,التجمع الدستوري الديمقراطي
Q16267511,Q38213221,shared_parties,1,التجمع الدستوري الديمقراطي
Q16267511,Q431515,shared_parties,1,التجمع الدستوري الديمقراطي
Q16267511,Q43304124,shared_parties,1,nidaa tounes
Q16267511,Q50285534,shared_parties,1,التجمع الدستوري الديمقراطي
Q16267511,Q517946,shared_parties,1,nidaa tounes
Q16267511,Q54875068,shared_parties,1,التجمع الدستوري الديمقراطي
Q16267511,Q54875069,shared_parties,1,التجمع الدستوري الديمقراطي
Q16267511,Q54875086,shared_parties,1,التجمع الدستوري الديمقراطي
Q16267511,Q54875087,shared_parties,1,التجمع الدستوري الديمقراطي
Q16267511,Q54875092,shared_parties,1,التجمع الدستوري الديمقراطي
Q16267511,Q54875133,shared_parties,1,التجمع الدستوري الديمقراطي
Q16267511,Q55381738,shared_parties,1,nidaa tounes
Q16267511,Q55391329,shared_parties,1,التجمع الدستوري الديمقراطي
Q16267511,Q55392087,shared_parties,1,التجمع الدستوري الديمقراطي
Q16267511,Q55392103,shared_parties,1,التجمع الدستوري الديمقراطي
Q16267511,Q57699,shared_education,1,جامعه تونس
Q16267511,Q60428357,shared_parties,1,nidaa tounes
Q16267511,Q60573369,shared_parties,1,التجمع الدستوري الديمقراطي
Q16267511,Q60573379,shared_parties,1,التجمع الدستوري الديمقراطي
Q16267511,Q60573426,shared_parties,1,التجمع الدستوري الديمقراطي
Q16267511,Q60573536,shared_parties,1,التجمع الدستوري الديمقراطي
Q16267511,Q653162,shared_parties,1,التجمع الدستوري الديمقراطي
Q16267511,Q668526,shared_education,1,جامعه تونس
Q16267511,Q97961043,shared_parties,1,التجمع الدستوري الديمقراطي
Q16267906,Q16269532,shared_education,1,universite de tunis
Q16267906,Q16269694,shared_birth_governorate,1,monastir
Q16267906,Q1642894,shared_birth_governorate,1,monastir
Q16267906,Q16642407,shared_education,2,universite de tunis|جامعه تونس
Q16267906,Q16666126,shared_education,1,universite de tunis
Q16267906,Q16679067,shared_birth_governorate,1,monastir
Q16267906,Q16802173,shared_education,1,universite de tunis
Q16267906,Q16889653,shared_education,2,universite de tunis|جامعه تونس
Q16267906,Q18384881,shared_education,2,universite de tunis|جامعه تونس
Q16267906,Q18610841,shared_education,2,universite de tunis|جامعه تونس
Q16267906,Q19060293,shared_birth_governorate,1,monastir
Q16267906,Q19060319,shared_education,1,universite de tunis
Q16267906,Q19248970,shared_education,2,universite de tunis|جامعه تونس
Q16267906,Q19345818,shared_education,1,universite de tunis
Q16267906,Q19956225,shared_birth_governorate,1,monastir
Q16267906,Q19956346,shared_birth_governorate,1,monastir
Q16267906,Q20412385,shared_birth_governorate,1,monastir
Q16267906,Q20423358,shared_education,2,universite de tunis|جامعه تونس
Q16267906,Q22211169,shared_birth_governorate,1,monastir
Q16267906,Q24752632,shared_education,2,universite de tunis|جامعه تونس
Q16267906,Q26834002,shared_birth_governorate,1,monastir
Q16267906,Q27756741,shared_education,2,universite de tunis|جامعه تونس
Q16267906,Q28105062,shared_education,2,universite de tunis|جامعه تونس
Q16267906,Q282026,shared_birth_governorate,1,monastir
Q16267906,Q2820931,shared_education,1,universite de tunis
Q16267906,Q2821012,shared_birth_governorate,1,monastir
Q16267906,Q2821037,shared_education,1,universite de tunis
Q16267906,Q2821055,shared_birth_governorate,1,monastir
Q16267906,Q2821057,shared_education,1,universite de tunis
Q16267906,Q2821146,shared_education,1,universite de tunis
Q16267906,Q2821212,shared_education,1,universite de tunis
Q16267906,Q2821273,shared_education,1,universite de tunis
Q16267906,Q2821297,shared_education,1,universite de tunis
Q16267906,Q2827512,shared_birth_governorate,1,monastir
Q16267906,Q2827529,shared_education,1,universite de tunis
Q16267906,Q2827554,shared_education,1,universite de tunis
Q16267906,Q2836180,shared_education,2,universite de tunis|جامعه تونس
Q16267906,Q28869633,shared_education,2,universite de tunis|جامعه تونس
Q16267906,Q2912277,shared_birth_governorate,1,monastir
Q16267906,Q2929705,shared_birth_governorate,1,monastir
Q16267906,Q2929705,shared_education,1,universite de tunis
Q16267906,Q2947600,shared_birth_governorate,1,monastir
Q16267906,Q29580479,shared_birth_governorate,1,monastir
Q16267906,Q3066858,shared_education,1,universite de tunis
Q16267906,Q308017,shared_birth_governorate,1,monastir
Q16267906,Q3125299,shared_education,2,universite de tunis|جامعه تونس
Q16267906,Q3125311,shared_education,1,universite de tunis
Q16267906,Q3125336,shared_education,2,universite de tunis|جامعه تونس
Q16267906,Q3125835,shared_birth_governorate,1,monastir
Q16267906,Q3128291,shared_education,2,universite de tunis|جامعه تونس
Q16267906,Q3141381,shared_birth_governorate,1,monastir
Q16267906,Q3141381,shared_education,1,universite de tunis
Q16267906,Q3144591,shared_birth_governorate,1,monastir
Q16267906,Q3286574,shared_birth_governorate,1,monastir
Q16267906,Q3304511,shared_education,1,universite de tunis
Q16267906,Q3318311,shared_education,1,universite de tunis
Q16267906,Q3318509,shared_education,1,universite de tunis
Q16267906,Q3318530,shared_education,2,universite de tunis|جامعه تونس
Q16267906,Q3318702,shared_birth_governorate,1,monastir
Q16267906,Q3318757,shared_education,1,universite de tunis
Q16267906,Q3318781,shared_education,1,universite de tunis
Q16267906,Q3318797,shared_birth_governorate,1,monastir
Q16267906,Q3319366,shared_education,1,universite de tunis
Q16267906,Q3320650,shared_birth_governorate,1,monastir
Q16267906,Q3328959,shared_birth_governorate,1,monastir
Q16267906,Q3328959,shared_education,1,جامعه تونس
Q16267906,Q3331032,shared_birth_governorate,1,monastir
Q16267906,Q3347261,shared_birth_governorate,1,monastir
Q16267906,Q3358533,shared_education,2,universite de tunis|جامعه تونس
Q16267906,Q3417300,shared_education,1,universite de tunis
Q16267906,Q3417419,shared_education,2,universite de tunis|جامعه تونس
Q16267906,Q3423310,shared_education,1,universite de tunis
Q16267906,Q3431735,shared_birth_governorate,1,monastir
Q16267906,Q3461169,shared_education,2,universite de tunis|جامعه تونس
Q16267906,Q3469690,shared_education,1,universite de tunis
Q16267906,Q3486507,shared_education,2,universite de tunis|جامعه تونس
Q16267906,Q3486512,shared_education,1,universite de tunis
Q16267906,Q3486689,shared_education,2,universite de tunis|جامعه تونس
Q16267906,Q3515404,shared_education,1,universite de tunis
Q16267906,Q3516539,shared_birth_governorate,1,monastir
Q16267906,Q377921,shared_birth_governorate,1,monastir
Q16267906,Q431515,shared_education,1,universite de tunis
Q16267906,Q43654658,shared_education,1,universite de tunis
Q16267906,Q48757077,shared_birth_governorate,1,monastir
Q16267906,Q57699,shared_education,2,universite de tunis|جامعه تونس
Q16267906,Q643348,shared_birth_governorate,1,monastir
Q16267906,Q668526,shared_education,2,universite de tunis|جامعه تونس
Q16267906,Q85822499,shared_education,1,universite de tunis
Q16267906,Q98828346,shared_birth_governorate,1,monastir
Q16268984,Q16802173,shared_education,2,ecole nationale d'administration|institut international d'administration publique
Q16268984,Q17154190,shared_education,1,ecole nationale d'administration
Q16268984,Q19060319,shared_education,1,institut de defense nationale
Q16268984,Q19544690,shared_education,1,ecole nationale d'administration
Q16268984,Q21091553,shared_birth_governorate,1,gafsa
Q16268984,Q21996842,shared_education,1,ecole nationale d'administration
Q16268984,Q2820931,shared_education,1,ecole nationale d'administration
Q16268984,Q2821210,shared_education,1,ecole nationale d'administration
Q16268984,Q28869633,shared_education,1,ecole nationale d'administration
Q16268984,Q30104283,shared_birth_governorate,1,gafsa
Q16268984,Q3079840,shared_education,1,ecole nationale d'administration
Q16268984,Q3125307,shared_birth_governorate,1,gafsa
Q16268984,Q3125336,shared_birth_governorate,1,gafsa
Q16268984,Q3220051,shared_birth_governorate,1,gafsa
Q16268984,Q3220052,shared_birth_governorate,1,gafsa
Q16268984,Q3431740,shared_birth_governorate,1,gafsa
Q16268984,Q3431743,shared_education,1,ecole nationale d'administration
Q16268984,Q3470845,shared_birth_governorate,1,gafsa
Q16268984,Q3951110,shared_birth_governorate,1,gafsa
Q16268984,Q51460814,shared_birth_governorate,1,gafsa
Q16268984,Q60573413,shared_education,1,ecole nationale d'administration
Q16268984,Q61598250,shared_education,2,ecole nationale d'administration|institut de defense nationale
Q16268984,Q65130650,shared_education,1,ecole nationale d'administration
Q16268984,Q744499,shared_education,1,ecole nationale d'administration
Q16268984,Q88485687,shared_education,1,ecole nationale d'administration
Q16268984,Q89996191,shared_education,1,ecole nationale d'administration
Q16268984,Q91626084,shared_education,1,ecole nationale d'administration
Q16269532,Q16642407,shared_education,1,universite de tunis
Q16269532,Q16664915,shared_birth_governorate,1,nabeul
Q16269532,Q16666126,shared_education,1,universite de tunis
Q16269532,Q16802173,shared_education,1,universite de tunis
Q16269532,Q16889653,shared_education,1,universite de tunis
Q16269532,Q18384881,shared_education,1,universite de tunis
Q16269532,Q18610841,shared_education,1,universite de tunis
Q16269532,Q19060319,shared_education,1,universite de tunis
Q16269532,Q19248970,shared_education,1,universite de tunis
Q16269532,Q19345818,shared_education,1,universite de tunis
Q16269532,Q19955807,shared_birth_governorate,1,nabeul
Q16269532,Q20423358,shared_education,1,universite de tunis
Q16269532,Q21996842,shared_birth_governorate,1,nabeul
Q16269532,Q22344522,shared_birth_governorate,1,nabeul
Q16269532,Q24752632,shared_education,1,universite de tunis
Q16269532,Q27666209,shared_birth_governorate,1,nabeul
Q16269532,Q27756741,shared_education,1,universite de tunis
Q16269532,Q28105062,shared_education,1,universite de tunis
Q16269532,Q2820931,shared_education,1,universite de tunis
Q16269532,Q2821037,shared_education,1,universite de tunis
Q16269532,Q2821057,shared_education,1,universite de tunis
Q16269532,Q2821146,shared_birth_governorate,1,nabeul
Q16269532,Q2821146,shared_education,1,universite de tunis
Q16269532,Q2821212,shared_education,1,universite de tunis
Q16269532,Q2821273,shared_education,1,universite de tunis
Q16269532,Q2821297,shared_education,1,universite de tunis
Q16269532,Q2827529,shared_education,1,universite de tunis
Q16269532,Q2827554,shared_education,1,universite de tunis
Q16269532,Q2836180,shared_education,1,universite de tunis
Q16269532,Q28654181,shared_birth_governorate,1,nabeul
Q16269532,Q28869633,shared_education,1,universite de tunis
Q16269532,Q2929705,shared_education,1,universite de tunis
Q16269532,Q29440996,shared_birth_governorate,1,nabeul
Q16269532,Q3012366,shared_birth_governorate,1,nabeul
Q16269532,Q3066858,shared_education,1,universite de tunis
Q16269532,Q30729046,shared_birth_governorate,1,nabeul
Q16269532,Q3079840,shared_birth_governorate,1,nabeul
Q16269532,Q3125299,shared_education,1,universite de tunis
Q16269532,Q3125311,shared_education,1,universite de tunis
Q16269532,Q3125336,shared_education,1,universite de tunis
Q16269532,Q3128291,shared_education,1,universite de tunis
Q16269532,Q3141381,shared_education,1,universite de tunis
Q16269532,Q3217980,shared_birth_governorate,1,nabeul
Q16269532,Q3304511,shared_education,1,universite de tunis
Q16269532,Q3318311,shared_birth_governorate,1,nabeul
Q16269532,Q3318311,shared_education,1,universite de tunis
Q16269532,Q3318375,shared_birth_governorate,1,nabeul
Q16269532,Q3318509,shared_education,1,universite de tunis
Q16269532,Q3318530,shared_education,1,universite de tunis
Q16269532,Q3318731,shared_birth_governorate,1,nabeul
Q16269532,Q3318757,shared_education,1,universite de tunis
Q16269532,Q3318774,shared_birth_governorate,1,nabeul
Q16269532,Q3318781,shared_education,1,universite de tunis
Q16269532,Q3318800,shared_birth_governorate,1,nabeul
Q16269532,Q3319366,shared_education,1,universite de tunis
Q16269532,Q3320424,shared_birth_governorate,1,nabeul
Q16269532,Q3320644,shared_birth_governorate,1,nabeul
Q16269532,Q3358533,shared_education,1,universite de tunis
Q16269532,Q3417300,shared_education,1,universite de tunis
Q16269532,Q3417419,shared_education,1,universite de tunis
Q16269532,Q3423310,shared_education,1,universite de tunis
Q16269532,Q3461169,shared_education,1,universite de tunis
Q16269532,Q3469690,shared_education,1,universite de tunis
Q16269532,Q3486507,shared_education,1,universite de tunis
Q16269532,Q3486512,shared_education,1,universite de tunis
Q16269532,Q3486689,shared_education,1,universite de tunis
Q16269532,Q3515404,shared_education,1,universite de tunis
Q16269532,Q431515,shared_education,1,universite de tunis
Q16269532,Q43654658,shared_education,1,universite de tunis
Q16269532,Q496165,shared_birth_governorate,1,nabeul
Q16269532,Q54875074,shared_birth_governorate,1,nabeul
Q16269532,Q57699,shared_education,1,universite de tunis
Q16269532,Q65130650,shared_birth_governorate,1,nabeul
Q16269532,Q668526,shared_education,1,universite de tunis
Q16269532,Q85822499,shared_education,1,universite de tunis
Q16269532,Q92332624,shared_birth_governorate,1,nabeul
Q16269694,Q1642894,shared_birth_governorate,1,monastir
Q16269694,Q16679067,shared_birth_governorate,1,monastir
Q16269694,Q19060293,shared_birth_governorate,1,monastir
Q16269694,Q19956225,shared_birth_governorate,1,monastir
Q16269694,Q19956346,shared_birth_governorate,1,monastir
Q16269694,Q20412385,shared_birth_governorate,1,monastir
Q16269694,Q22211169,shared_birth_governorate,1,monastir
Q16269694,Q26834002,shared_birth_governorate,1,monastir
Q16269694,Q282026,shared_birth_governorate,1,monastir
Q16269694,Q2821012,shared_birth_governorate,1,monastir
Q16269694,Q2821055,shared_birth_governorate,1,monastir
Q16269694,Q2827512,shared_birth_governorate,1,monastir
Q16269694,Q2912277,shared_birth_governorate,1,monastir
Q16269694,Q2929705,shared_birth_governorate,1,monastir
Q16269694,Q2947600,shared_birth_governorate,1,monastir
Q16269694,Q29580479,shared_birth_governorate,1,monastir
Q16269694,Q308017,shared_birth_governorate,1,monastir
Q16269694,Q3125835,shared_birth_governorate,1,monastir
Q16269694,Q3141381,shared_birth_governorate,1,monastir
Q16269694,Q3144591,shared_birth_governorate,1,monastir
Q16269694,Q3286574,shared_birth_governorate,1,monastir
Q16269694,Q3318702,shared_birth_governorate,1,monastir
Q16269694,Q3318797,shared_birth_governorate,1,monastir
Q16269694,Q3320650,shared_birth_governorate,1,monastir
Q16269694,Q3328959,shared_birth_governorate,1,monastir
Q16269694,Q3331032,shared_birth_governorate,1,monastir
Q16269694,Q3347261,shared_birth_governorate,1,monastir
Q16269694,Q3431735,shared_birth_governorate,1,monastir
Q16269694,Q3516539,shared_birth_governorate,1,monastir
Q16269694,Q377921,shared_birth_governorate,1,monastir
Q16269694,Q48757077,shared_birth_governorate,1,monastir
Q16269694,Q643348,shared_birth_governorate,1,monastir
Q16269694,Q98828346,shared_birth_governorate,1,monastir
Q16321385,Q16666837,shared_birth_governorate,1,sousse
Q16321385,Q19544932,shared_birth_governorate,1,sousse
Q16321385,Q204487,shared_birth_governorate,1,sousse
Q16321385,Q2655671,shared_birth_governorate,1,sousse
Q16321385,Q2820997,shared_birth_governorate,1,sousse
Q16321385,Q2821037,shared_birth_governorate,1,sousse
Q16321385,Q2821297,shared_birth_governorate,1,sousse
Q16321385,Q2821308,shared_birth_governorate,1,sousse
Q16321385,Q2827627,shared_birth_governorate,1,sousse
Q16321385,Q28465669,shared_birth_governorate,1,sousse
Q16321385,Q28502176,shared_birth_governorate,1,sousse
Q16321385,Q30118294,shared_birth_governorate,1,sousse
Q16321385,Q3125288,shared_birth_governorate,1,sousse
Q16321385,Q3125311,shared_birth_governorate,1,sousse
Q16321385,Q3318622,shared_birth_governorate,1,sousse
Q16321385,Q3431743,shared_birth_governorate,1,sousse
Q16321385,Q431515,shared_birth_governorate,1,sousse
Q16321385,Q50099224,shared_birth_governorate,1,sousse
Q16321385,Q50285534,shared_birth_governorate,1,sousse
Q16321385,Q54875084,shared_birth_governorate,1,sousse
Q16321385,Q57699,shared_birth_governorate,1,sousse
Q16321385,Q60576591,shared_birth_governorate,1,sousse
Q16321385,Q88467296,shared_birth_governorate,1,sousse
Q16325226,Q16642407,shared_birth_governorate,1,medenine
Q16325226,Q16664925,shared_birth_governorate,1,medenine
Q16325226,Q16665400,shared_birth_governorate,1,medenine
Q16325226,Q16666837,shared_parties,1,التجمع الدستوري الديمقراطي
Q16325226,Q16855223,shared_birth_governorate,1,medenine
Q16325226,Q17425841,shared_parties,1,التجمع الدستوري الديمقراطي
Q16325226,Q19060286,shared_parties,1,التجمع الدستوري الديمقراطي
Q16325226,Q19060293,shared_parties,1,التجمع الدستوري الديمقراطي
Q16325226,Q19060320,shared_parties,1,التجمع الدستوري الديمقراطي
Q16325226,Q19060337,shared_parties,1,التجمع الدستوري الديمقراطي
Q16325226,Q19060346,shared_birth_governorate,1,medenine
Q16325226,Q19060346,shared_parties,1,التجمع الدستوري الديمقراطي
Q16325226,Q19629356,shared_parties,1,التجمع الدستوري الديمقراطي
Q16325226,Q19956346,shared_parties,1,التجمع الدستوري الديمقراطي
Q16325226,Q19956395,shared_birth_governorate,1,medenine
Q16325226,Q20417790,shared_birth_governorate,1,medenine
Q16325226,Q204487,shared_parties,1,التجمع الدستوري الديمقراطي
Q16325226,Q2268624,shared_parties,1,التجمع الدستوري الديمقراطي
Q16325226,Q24690603,shared_parties,1,التجمع الدستوري الديمقراطي
Q16325226,Q27756642,shared_birth_governorate,1,medenine
Q16325226,Q281184,shared_birth_governorate,1,medenine
Q16325226,Q2824176,shared_birth_governorate,1,medenine
Q16325226,Q2827529,shared_birth_governorate,1,medenine
Q16325226,Q2827554,shared_birth_governorate,1,medenine
Q16325226,Q2827587,shared_birth_governorate,1,medenine
Q16325226,Q2827664,shared_parties,1,التجمع الدستوري الديمقراطي
Q16325226,Q2836180,shared_parties,1,التجمع الدستوري الديمقراطي
Q16325226,Q2912277,shared_parties,1,التجمع الدستوري الديمقراطي
Q16325226,Q2929679,shared_birth_governorate,1,medenine
Q16325226,Q2929705,shared_parties,1,التجمع الدستوري الديمقراطي
Q16325226,Q29577510,shared_birth_governorate,1,medenine
Q16325226,Q29816892,shared_parties,1,التجمع الدستوري الديمقراطي
Q16325226,Q3012366,shared_parties,1,التجمع الدستوري الديمقراطي
Q16325226,Q30217461,shared_birth_governorate,1,medenine
Q16325226,Q30728289,shared_parties,1,التجمع الدستوري الديمقراطي
Q16325226,Q30728498,shared_parties,1,التجمع الدستوري الديمقراطي
Q16325226,Q30729047,shared_birth_governorate,1,medenine
Q16325226,Q313539,shared_parties,1,التجمع الدستوري الديمقراطي
Q16325226,Q3192376,shared_parties,1,التجمع الدستوري الديمقراطي
Q16325226,Q3318509,shared_parties,1,التجمع الدستوري الديمقراطي
Q16325226,Q3318622,shared_parties,1,التجمع الدستوري الديمقراطي
Q16325226,Q3320454,shared_parties,1,التجمع الدستوري الديمقراطي
Q16325226,Q3320544,shared_parties,1,التجمع الدستوري الديمقراطي
Q16325226,Q3334855,shared_parties,1,التجمع الدستوري الديمقراطي
Q16325226,Q3347261,shared_parties,1,التجمع الدستوري الديمقراطي
Q16325226,Q3417300,shared_parties,1,التجمع الدستوري الديمقراطي
Q16325226,Q3417419,shared_parties,1,التجمع الدستوري الديمقراطي
Q16325226,Q3430010,shared_birth_governorate,1,medenine
Q16325226,Q3431743,shared_parties,1,التجمع الدستوري الديمقراطي
Q16325226,Q3461164,shared_birth_governorate,1,medenine
Q16325226,Q3461164,shared_parties,1,التجمع الدستوري الديمقراطي
Q16325226,Q3461169,shared_parties,1,التجمع الدستوري الديمقراطي
Q16325226,Q3469772,shared_birth_governorate,1,medenine
Q16325226,Q3470859,shared_birth_governorate,1,medenine
Q16325226,Q3486513,shared_parties,1,التجمع الدستوري الديمقراطي
Q16325226,Q3515404,shared_parties,1,التجمع الدستوري الديمقراطي
Q16325226,Q38213221,shared_parties,1,التجمع الدستوري الديمقراطي
Q16325226,Q431515,shared_parties,1,التجمع الدستوري الديمقراطي
Q16325226,Q496042,shared_birth_governorate,1,medenine
Q16325226,Q50285534,shared_parties,1,التجمع الدستوري الديمقراطي
Q16325226,Q54875067,shared_birth_governorate,1,medenine
Q16325226,Q54875068,shared_parties,1,التجمع الدستوري الديمقراطي
Q16325226,Q54875069,shared_parties,1,التجمع الدستوري الديمقراطي
Q16325226,Q54875086,shared_parties,1,التجمع الدستوري الديمقراطي
Q16325226,Q54875087,shared_parties,1,التجمع الدستوري الديمقراطي
Q16325226,Q54875092,shared_parties,1,التجمع الدستوري الديمقراطي
Q16325226,Q54875133,shared_parties,1,التجمع الدستوري الديمقراطي
Q16325226,Q55391329,shared_parties,1,التجمع الدستوري الديمقراطي
Q16325226,Q55392087,shared_parties,1,التجمع الدستوري الديمقراطي
Q16325226,Q55392103,shared_parties,1,التجمع الدستوري الديمقراطي
Q16325226,Q60573369,shared_parties,1,التجمع الدستوري الديمقراطي
Q16325226,Q60573379,shared_parties,1,التجمع الدستوري الديمقراطي
Q16325226,Q60573426,shared_parties,1,التجمع الدستوري الديمقراطي
Q16325226,Q60573536,shared_parties,1,التجمع الدستوري الديمقراطي
Q16325226,Q61598250,shared_birth_governorate,1,medenine
Q16325226,Q653162,shared_parties,1,التجمع الدستوري الديمقراطي
Q16325226,Q97961043,shared_parties,1,التجمع الدستوري الديمقراطي
Q16325262,Q1890995,shared_education,1,college sadiki
Q16325262,Q19060319,shared_education,2,college sadiki|المدرسه الصادقيه
Q16325262,Q1951854,shared_education,2,college sadiki|المدرسه الصادقيه
Q16325262,Q1951854,shared_parties,1,neo-destour
Q16325262,Q20643083,shared_education,1,college sadiki
Q16325262,Q2268624,shared_education,2,college sadiki|المدرسه الصادقيه
Q16325262,Q2374730,shared_education,2,college sadiki|المدرسه الصادقيه
Q16325262,Q2655671,shared_parties,1,neo-destour
Q16325262,Q27179077,shared_education,1,college sadiki
Q16325262,Q282026,shared_education,1,college sadiki
Q16325262,Q2820925,shared_parties,1,neo-destour
Q16325262,Q2821259,shared_education,2,college sadiki|المدرسه الصادقيه
Q16325262,Q2821273,shared_education,1,college sadiki
Q16325262,Q2827512,shared_education,1,college sadiki
Q16325262,Q2827512,shared_parties,1,neo-destour
Q16325262,Q2827624,shared_parties,1,neo-destour
Q16325262,Q2827627,shared_parties,1,neo-destour
Q16325262,Q2836334,shared_education,1,college sadiki
Q16325262,Q2855981,shared_parties,1,neo-destour
Q16325262,Q2875109,shared_education,1,المدرسه الصادقيه
Q16325262,Q2875153,shared_education,2,college sadiki|المدرسه الصادقيه
Q16325262,Q2929686,shared_parties,1,neo-destour
Q16325262,Q2961945,shared_education,2,college sadiki|المدرسه الصادقيه
Q16325262,Q3012366,shared_parties,1,neo-destour
Q16325262,Q3039490,shared_education,1,المدرسه الصادقيه
Q16325262,Q3039490,shared_parties,1,neo-destour
Q16325262,Q3067195,shared_education,2,college sadiki|المدرسه الصادقيه
Q16325262,Q3067195,shared_parties,1,neo-destour
Q16325262,Q3128202,shared_parties,1,neo-destour
Q16325262,Q3128235,shared_parties,1,neo-destour
Q16325262,Q313539,shared_education,2,college sadiki|المدرسه الصادقيه
Q16325262,Q3144591,shared_parties,1,neo-destour
Q16325262,Q3144594,shared_education,1,college sadiki
Q16325262,Q3160736,shared_parties,1,neo-destour
Q16325262,Q3196139,shared_education,1,college sadiki
Q16325262,Q3216753,shared_education,2,college sadiki|المدرسه الصادقيه
Q16325262,Q3216753,shared_parties,1,neo-destour
Q16325262,Q3277799,shared_education,1,المدرسه الصادقيه
Q16325262,Q3277799,shared_parties,1,neo-destour
Q16325262,Q3277819,shared_parties,1,neo-destour
Q16325262,Q3320424,shared_parties,1,neo-destour
Q16325262,Q3320544,shared_education,2,college sadiki|المدرسه الصادقيه
Q16325262,Q3320644,shared_education,1,college sadiki
Q16325262,Q3320650,shared_education,2,college sadiki|المدرسه الصادقيه
Q16325262,Q3328933,shared_education,1,college sadiki
Q16325262,Q3328946,shared_education,2,college sadiki|المدرسه الصادقيه
Q16325262,Q3328946,shared_parties,1,neo-destour
Q16325262,Q3331012,shared_parties,1,neo-destour
Q16325262,Q3344886,shared_education,1,college sadiki
Q16325262,Q3357601,shared_parties,1,neo-destour
Q16325262,Q3461164,shared_education,2,college sadiki|المدرسه الصادقيه
Q16325262,Q3461164,shared_parties,1,neo-destour
Q16325262,Q3470003,shared_education,1,college sadiki
Q16325262,Q3516540,shared_education,1,college sadiki
Q16325262,Q3516543,shared_education,1,college sadiki
Q16325262,Q3516543,shared_parties,1,neo-destour
Q16325262,Q377921,shared_education,2,college sadiki|المدرسه الصادقيه
Q16325262,Q48757077,shared_education,1,college sadiki
Q16325262,Q495681,shared_education,2,college sadiki|المدرسه الصادقيه
Q16325262,Q496042,shared_parties,1,neo-destour
Q16325262,Q496165,shared_education,2,college sadiki|المدرسه الصادقيه
Q16325262,Q507856,shared_education,2,college sadiki|المدرسه الصادقيه
Q16325262,Q54875085,shared_parties,1,neo-destour
Q16325262,Q55167831,shared_parties,1,neo-destour
Q16325262,Q563204,shared_parties,1,neo-destour
Q16325262,Q586623,shared_education,1,college sadiki
Q16325262,Q643348,shared_education,2,college sadiki|المدرسه الصادقيه
Q16325262,Q643348,shared_parties,1,neo-destour
Q16325262,Q800238,shared_education,1,college sadiki
Q1642894,Q16666837,shared_parties,1,parti socialiste destourien
Q1642894,Q16679067,shared_birth_governorate,1,monastir
Q1642894,Q17425841,shared_parties,1,parti socialiste destourien
Q1642894,Q18610883,shared_parties,1,parti socialiste destourien
Q1642894,Q19060293,shared_birth_governorate,1,monastir
Q1642894,Q19956225,shared_birth_governorate,1,monastir
Q1642894,Q19956346,shared_birth_governorate,1,monastir
Q1642894,Q20047058,shared_parties,1,parti socialiste destourien
Q1642894,Q20412385,shared_birth_governorate,1,monastir
Q1642894,Q204487,shared_parties,1,parti socialiste destourien
Q1642894,Q22211169,shared_birth_governorate,1,monastir
Q1642894,Q22928978,shared_parties,1,parti socialiste destourien
Q1642894,Q26834002,shared_birth_governorate,1,monastir
Q1642894,Q282026,shared_birth_governorate,1,monastir
Q1642894,Q282026,shared_parties,1,parti socialiste destourien
Q1642894,Q2820925,shared_parties,1,parti socialiste destourien
Q1642894,Q2820931,shared_parties,1,parti socialiste destourien
Q1642894,Q2820994,shared_parties,1,parti socialiste destourien
Q1642894,Q2821012,shared_birth_governorate,1,monastir
Q1642894,Q2821055,shared_birth_governorate,1,monastir
Q1642894,Q2821055,shared_parties,1,parti socialiste destourien
Q1642894,Q2827512,shared_birth_governorate,1,monastir
Q1642894,Q2827624,shared_parties,1,parti socialiste destourien
Q1642894,Q2912277,shared_birth_governorate,1,monastir
Q1642894,Q2929705,shared_birth_governorate,1,monastir
Q1642894,Q29440996,shared_parties,1,parti socialiste destourien
Q1642894,Q2947600,shared_birth_governorate,1,monastir
Q1642894,Q29580479,shared_birth_governorate,1,monastir
Q1642894,Q3067195,shared_parties,1,parti socialiste destourien
Q1642894,Q308017,shared_birth_governorate,1,monastir
Q1642894,Q308017,shared_parties,1,parti socialiste destourien
Q1642894,Q3125835,shared_birth_governorate,1,monastir
Q1642894,Q3128235,shared_parties,1,parti socialiste destourien
Q1642894,Q3141381,shared_birth_governorate,1,monastir
Q1642894,Q3144591,shared_birth_governorate,1,monastir
Q1642894,Q3286574,shared_birth_governorate,1,monastir
Q1642894,Q3286574,shared_parties,1,parti socialiste destourien
Q1642894,Q3318530,shared_parties,1,parti socialiste destourien
Q1642894,Q3318622,shared_parties,1,parti socialiste destourien
Q1642894,Q3318702,shared_birth_governorate,1,monastir
Q1642894,Q3318797,shared_birth_governorate,1,monastir
Q1642894,Q3320538,shared_parties,1,parti socialiste destourien
Q1642894,Q3320650,shared_birth_governorate,1,monastir
Q1642894,Q3320650,shared_parties,1,parti socialiste destourien
Q1642894,Q3328946,shared_parties,1,parti socialiste destourien
Q1642894,Q3328959,shared_birth_governorate,1,monastir
Q1642894,Q3331012,shared_parties,1,parti socialiste destourien
Q1642894,Q3331032,shared_birth_governorate,1,monastir
Q1642894,Q3331032,shared_parties,1,parti socialiste destourien
Q1642894,Q3344886,shared_parties,1,parti socialiste destourien
Q1642894,Q3347261,shared_birth_governorate,1,monastir
Q1642894,Q3357601,shared_parties,1,parti socialiste destourien
Q1642894,Q3431735,shared_birth_governorate,1,monastir
Q1642894,Q3461176,shared_parties,1,parti socialiste destourien
Q1642894,Q3516539,shared_birth_governorate,1,monastir
Q1642894,Q377921,shared_birth_governorate,1,monastir
Q1642894,Q377921,shared_parties,1,parti socialiste destourien
Q1642894,Q3951110,shared_parties,1,parti socialiste destourien
Q1642894,Q48757077,shared_birth_governorate,1,monastir
Q1642894,Q50285534,shared_parties,1,parti socialiste destourien
Q1642894,Q54875068,shared_parties,1,parti socialiste destourien
Q1642894,Q54875069,shared_parties,1,parti socialiste destourien
Q1642894,Q54875074,shared_parties,1,parti socialiste destourien
Q1642894,Q54875084,shared_parties,1,parti socialiste destourien
Q1642894,Q54875134,shared_parties,1,parti socialiste destourien
Q1642894,Q55196894,shared_parties,1,parti socialiste destourien
Q1642894,Q55392091,shared_parties,1,parti socialiste destourien
Q1642894,Q55392098,shared_parties,1,parti socialiste destourien
Q1642894,Q60573416,shared_parties,1,parti socialiste destourien
Q1642894,Q60573536,shared_parties,1,parti socialiste destourien
Q1642894,Q643348,shared_birth_governorate,1,monastir
Q1642894,Q653162,shared_parties,1,parti socialiste destourien
Q1642894,Q800238,shared_parties,1,parti socialiste destourien
Q1642894,Q98828346,shared_birth_governorate,1,monastir
Q16588807,Q20991574,shared_birth_governorate,1,kairouan
Q16588807,Q2388455,shared_birth_governorate,1,kairouan
Q16588807,Q27756741,shared_birth_governorate,1,kairouan
Q16588807,Q2827482,shared_birth_governorate,1,kairouan
Q16588807,Q2929686,shared_birth_governorate,1,kairouan
Q16588807,Q29577458,shared_birth_governorate,1,kairouan
Q16588807,Q3196140,shared_birth_governorate,1,kairouan
Q16588807,Q3318545,shared_birth_governorate,1,kairouan
Q16588807,Q3328946,shared_birth_governorate,1,kairouan
Q16588807,Q3334747,shared_birth_governorate,1,kairouan
Q16588807,Q3357601,shared_birth_governorate,1,kairouan
Q16588807,Q3486507,shared_birth_governorate,1,kairouan
Q16588807,Q3486513,shared_birth_governorate,1,kairouan
Q16639035,Q2268624,shared_education,1,universite paris-i-pantheon-sorbonne
Q16639035,Q25453450,shared_education,1,universite paris-i-pantheon-sorbonne
Q16639035,Q26505513,shared_education,1,universite paris-i-pantheon-sorbonne
Q16639035,Q26905827,shared_education,1,universite paris-i-pantheon-sorbonne
Q16639035,Q27665914,shared_education,1,universite paris-i-pantheon-sorbonne
Q16639035,Q28502176,shared_education,1,universite paris-i-pantheon-sorbonne
Q16639035,Q3318530,shared_education,1,universite paris-i-pantheon-sorbonne
Q16639035,Q3320454,shared_education,1,universite paris-i-pantheon-sorbonne
Q16639035,Q3320646,shared_education,1,universite paris-i-pantheon-sorbonne
Q16639035,Q53015850,shared_education,1,universite paris-i-pantheon-sorbonne
Q16639035,Q60573536,shared_education,1,universite paris-i-pantheon-sorbonne
Q16639035,Q89844681,shared_education,1,universite paris-i-pantheon-sorbonne
Q16639035,Q98828599,shared_education,1,universite paris-i-pantheon-sorbonne
Q16642407,Q16664925,shared_birth_governorate,1,medenine
Q16642407,Q16665400,shared_birth_governorate,1,medenine
Q16642407,Q16666126,shared_education,1,universite de tunis
Q16642407,Q16666126,shared_parties,1,ennahdha
Q16642407,Q16802173,shared_education,1,universite de tunis
Q16642407,Q16855223,shared_birth_governorate,1,medenine
Q16642407,Q16889653,shared_education,2,universite de tunis|جامعه تونس
Q16642407,Q18384881,shared_education,2,universite de tunis|جامعه تونس
Q16642407,Q18610841,shared_education,2,universite de tunis|جامعه تونس
Q16642407,Q19060319,shared_education,1,universite de tunis
Q16642407,Q19060346,shared_birth_governorate,1,medenine
Q16642407,Q19248970,shared_education,2,universite de tunis|جامعه تونس
Q16642407,Q19345818,shared_education,1,universite de tunis
Q16642407,Q19543880,shared_parties,2,ennahdha|حركه النهضه التونسيه
Q16642407,Q19544932,shared_parties,2,ennahdha|حركه النهضه التونسيه
Q16642407,Q19956395,shared_birth_governorate,1,medenine
Q16642407,Q20417790,shared_birth_governorate,1,medenine
Q16642407,Q20423358,shared_education,2,universite de tunis|جامعه تونس
Q16642407,Q21084499,shared_parties,1,حركه النهضه التونسيه
Q16642407,Q24752632,shared_education,2,universite de tunis|جامعه تونس
Q16642407,Q25453450,shared_parties,2,ennahdha|حركه النهضه التونسيه
Q16642407,Q26831315,shared_parties,1,حركه النهضه التونسيه
Q16642407,Q26834002,shared_parties,2,ennahdha|حركه النهضه التونسيه
Q16642407,Q27666209,shared_parties,2,ennahdha|حركه النهضه التونسيه
Q16642407,Q27756642,shared_birth_governorate,1,medenine
Q16642407,Q27756741,shared_education,2,universite de tunis|جامعه تونس
Q16642407,Q28105062,shared_education,2,universite de tunis|جامعه تونس
Q16642407,Q281184,shared_birth_governorate,1,medenine
Q16642407,Q281184,shared_parties,2,ennahdha|حركه النهضه التونسيه
Q16642407,Q2820931,shared_education,1,universite de tunis
Q16642407,Q2821037,shared_education,1,universite de tunis
Q16642407,Q2821057,shared_education,1,universite de tunis
Q16642407,Q2821119,shared_parties,1,ennahdha
Q16642407,Q2821146,shared_education,1,universite de tunis
Q16642407,Q2821154,shared_parties,1,ennahdha
Q16642407,Q2821212,shared_education,1,universite de tunis
Q16642407,Q2821273,shared_education,1,universite de tunis
Q16642407,Q2821297,shared_education,1,universite de tunis
Q16642407,Q2824176,shared_birth_governorate,1,medenine
Q16642407,Q2827529,shared_birth_governorate,1,medenine
Q16642407,Q2827529,shared_education,1,universite de tunis
Q16642407,Q2827554,shared_birth_governorate,1,medenine
Q16642407,Q2827554,shared_education,1,universite de tunis
Q16642407,Q2827587,shared_birth_governorate,1,medenine
Q16642407,Q2836180,shared_education,2,universite de tunis|جامعه تونس
Q16642407,Q28714939,shared_parties,2,ennahdha|حركه النهضه التونسيه
Q16642407,Q28869633,shared_education,2,universite de tunis|جامعه تونس
Q16642407,Q2929679,shared_birth_governorate,1,medenine
Q16642407,Q2929705,shared_education,1,universite de tunis
Q16642407,Q2947600,shared_parties,1,ennahdha
Q16642407,Q29577510,shared_birth_governorate,1,medenine
Q16642407,Q29577510,shared_parties,2,ennahdha|حركه النهضه التونسيه
Q16642407,Q30217461,shared_birth_governorate,1,medenine
Q16642407,Q30217461,shared_parties,2,ennahdha|حركه النهضه التونسيه
Q16642407,Q3066858,shared_education,1,universite de tunis
Q16642407,Q30729047,shared_birth_governorate,1,medenine
Q16642407,Q3125299,shared_education,2,universite de tunis|جامعه تونس
Q16642407,Q3125311,shared_education,1,universite de tunis
Q16642407,Q3125336,shared_education,2,universite de tunis|جامعه تونس
Q16642407,Q3128291,shared_education,2,universite de tunis|جامعه تونس
Q16642407,Q3141381,shared_education,1,universite de tunis
Q16642407,Q3160876,shared_parties,2,ennahdha|حركه النهضه التونسيه
Q16642407,Q3304511,shared_education,1,universite de tunis
Q16642407,Q3318311,shared_education,1,universite de tunis
Q16642407,Q3318419,shared_parties,2,ennahdha|حركه النهضه التونسيه
Q16642407,Q3318509,shared_education,1,universite de tunis
Q16642407,Q3318530,shared_education,2,universite de tunis|جامعه تونس
Q16642407,Q3318652,shared_parties,2,ennahdha|حركه النهضه التونسيه
Q16642407,Q3318757,shared_education,1,universite de tunis
Q16642407,Q3318781,shared_education,1,universite de tunis
Q16642407,Q3318800,shared_parties,2,ennahdha|حركه النهضه التونسيه
Q16642407,Q3319366,shared_education,1,universite de tunis
Q16642407,Q3320435,shared_parties,2,ennahdha|حركه النهضه التونسيه
Q16642407,Q3328959,shared_education,1,جامعه تونس
Q16642407,Q3358533,shared_education,2,universite de tunis|جامعه تونس
Q16642407,Q3417300,shared_education,1,universite de tunis
Q16642407,Q3417419,shared_education,2,universite de tunis|جامعه تونس
Q16642407,Q3417420,shared_parties,2,ennahdha|حركه النهضه التونسيه
Q16642407,Q3423310,shared_education,1,universite de tunis
Q16642407,Q3430010,shared_birth_governorate,1,medenine
Q16642407,Q3430010,shared_parties,2,ennahdha|حركه النهضه التونسيه
Q16642407,Q3431747,shared_parties,2,ennahdha|حركه النهضه التونسيه
Q16642407,Q3461164,shared_birth_governorate,1,medenine
Q16642407,Q3461169,shared_education,2,universite de tunis|جامعه تونس
Q16642407,Q3469690,shared_education,1,universite de tunis
Q16642407,Q3469772,shared_birth_governorate,1,medenine
Q16642407,Q3470837,shared_parties,2,ennahdha|حركه النهضه التونسيه
Q16642407,Q3470859,shared_birth_governorate,1,medenine
Q16642407,Q3486507,shared_education,2,universite de tunis|جامعه تونس
Q16642407,Q3486512,shared_education,1,universite de tunis
Q16642407,Q3486675,shared_parties,2,ennahdha|حركه النهضه التونسيه
Q16642407,Q3486689,shared_education,2,universite de tunis|جامعه تونس
Q16642407,Q3515404,shared_education,1,universite de tunis
Q16642407,Q431515,shared_education,1,universite de tunis
Q16642407,Q43654658,shared_education,1,universite de tunis
Q16642407,Q496042,shared_birth_governorate,1,medenine
Q16642407,Q54875067,shared_birth_governorate,1,medenine
Q16642407,Q55999324,shared_parties,2,ennahdha|حركه النهضه التونسيه
Q16642407,Q57699,shared_education,2,universite de tunis|جامعه تونس
Q16642407,Q57699,shared_parties,2,ennahdha|حركه النهضه التونسيه
Q16642407,Q61598250,shared_birth_governorate,1,medenine
Q16642407,Q668526,shared_education,2,universite de tunis|جامعه تونس
Q16642407,Q668526,shared_parties,2,ennahdha|حركه النهضه التونسيه
Q16642407,Q85822499,shared_education,1,universite de tunis
Q16642407,Q86734094,shared_parties,2,ennahdha|حركه النهضه التونسيه
Q16642407,Q92316785,shared_parties,1,حركه النهضه التونسيه
Q16642407,Q92332624,shared_parties,1,ennahdha
Q16664915,Q19955807,shared_birth_governorate,1,nabeul
Q16664915,Q21996842,shared_birth_governorate,1,nabeul
Q16664915,Q22344522,shared_birth_governorate,1,nabeul
Q16664915,Q27666209,shared_birth_governorate,1,nabeul
Q16664915,Q2821146,shared_birth_governorate,1,nabeul
Q16664915,Q28654181,shared_birth_governorate,1,nabeul
Q16664915,Q29440996,shared_birth_governorate,1,nabeul
Q16664915,Q3012366,shared_birth_governorate,1,nabeul
Q16664915,Q30729046,shared_birth_governorate,1,nabeul
Q16664915,Q3079840,shared_birth_governorate,1,nabeul
Q16664915,Q3217980,shared_birth_governorate,1,nabeul
Q16664915,Q3318311,shared_birth_governorate,1,nabeul
Q16664915,Q3318375,shared_birth_governorate,1,nabeul
Q16664915,Q3318731,shared_birth_governorate,1,nabeul
Q16664915,Q3318774,shared_birth_governorate,1,nabeul
Q16664915,Q3318800,shared_birth_governorate,1,nabeul
Q16664915,Q3320424,shared_birth_governorate,1,nabeul
Q16664915,Q3320644,shared_birth_governorate,1,nabeul
Q16664915,Q496165,shared_birth_governorate,1,nabeul
Q16664915,Q54875074,shared_birth_governorate,1,nabeul
Q16664915,Q65130650,shared_birth_governorate,1,nabeul
Q16664915,Q92332624,shared_birth_governorate,1,nabeul
Q16664925,Q16665400,shared_birth_governorate,1,medenine
Q16664925,Q16855223,shared_birth_governorate,1,medenine
Q16664925,Q19060346,shared_birth_governorate,1,medenine
Q16664925,Q19956395,shared_birth_governorate,1,medenine
Q16664925,Q20417790,shared_birth_governorate,1,medenine
Q16664925,Q27756642,shared_birth_governorate,1,medenine
Q16664925,Q281184,shared_birth_governorate,1,medenine
Q16664925,Q2824176,shared_birth_governorate,1,medenine
Q16664925,Q2827529,shared_birth_governorate,1,medenine
Q16664925,Q2827554,shared_birth_governorate,1,medenine
Q16664925,Q2827587,shared_birth_governorate,1,medenine
Q16664925,Q2929679,shared_birth_governorate,1,medenine
Q16664925,Q29577510,shared_birth_governorate,1,medenine
Q16664925,Q30217461,shared_birth_governorate,1,medenine
Q16664925,Q30729047,shared_birth_governorate,1,medenine
Q16664925,Q3430010,shared_birth_governorate,1,medenine
Q16664925,Q3461164,shared_birth_governorate,1,medenine
Q16664925,Q3469772,shared_birth_governorate,1,medenine
Q16664925,Q3470859,shared_birth_governorate,1,medenine
Q16664925,Q496042,shared_birth_governorate,1,medenine
Q16664925,Q54875067,shared_birth_governorate,1,medenine
Q16664925,Q61598250,shared_birth_governorate,1,medenine
Q16665400,Q16855223,shared_birth_governorate,1,medenine
Q16665400,Q19060346,shared_birth_governorate,1,medenine
Q16665400,Q19956395,shared_birth_governorate,1,medenine
Q16665400,Q20417790,shared_birth_governorate,1,medenine
Q16665400,Q27756642,shared_birth_governorate,1,medenine
Q16665400,Q281184,shared_birth_governorate,1,medenine
Q16665400,Q2824176,shared_birth_governorate,1,medenine
Q16665400,Q2827529,shared_birth_governorate,1,medenine
Q16665400,Q2827554,shared_birth_governorate,1,medenine
Q16665400,Q2827587,shared_birth_governorate,1,medenine
Q16665400,Q2929679,shared_birth_governorate,1,medenine
Q16665400,Q29577510,shared_birth_governorate,1,medenine
Q16665400,Q30217461,shared_birth_governorate,1,medenine
Q16665400,Q30729047,shared_birth_governorate,1,medenine
Q16665400,Q3430010,shared_birth_governorate,1,medenine
Q16665400,Q3461164,shared_birth_governorate,1,medenine
Q16665400,Q3469772,shared_birth_governorate,1,medenine
Q16665400,Q3470859,shared_birth_governorate,1,medenine
Q16665400,Q496042,shared_birth_governorate,1,medenine
Q16665400,Q54875067,shared_birth_governorate,1,medenine
Q16665400,Q61598250,shared_birth_governorate,1,medenine
Q16666126,Q16802173,shared_education,1,universite de tunis
Q16666126,Q16889653,shared_education,1,universite de tunis
Q16666126,Q18384881,shared_education,1,universite de tunis
Q16666126,Q18610841,shared_education,1,universite de tunis
Q16666126,Q19060319,shared_education,1,universite de tunis
Q16666126,Q19248970,shared_education,1,universite de tunis
Q16666126,Q19345818,shared_education,1,universite de tunis
Q16666126,Q19543880,shared_parties,1,ennahdha
Q16666126,Q19544932,shared_parties,1,ennahdha
Q16666126,Q20423358,shared_education,1,universite de tunis
Q16666126,Q24752632,shared_education,1,universite de tunis
Q16666126,Q25453450,shared_parties,1,ennahdha
Q16666126,Q26834002,shared_parties,1,ennahdha
Q16666126,Q27666209,shared_parties,1,ennahdha
Q16666126,Q27756741,shared_education,1,universite de tunis
Q16666126,Q28105062,shared_education,1,universite de tunis
Q16666126,Q281184,shared_parties,1,ennahdha
Q16666126,Q2820931,shared_education,1,universite de tunis
Q16666126,Q2821037,shared_education,1,universite de tunis
Q16666126,Q2821057,shared_education,1,universite de tunis
Q16666126,Q2821119,shared_parties,1,ennahdha
Q16666126,Q2821146,shared_education,1,universite de tunis
Q16666126,Q2821154,shared_parties,1,ennahdha
Q16666126,Q2821212,shared_education,1,universite de tunis
Q16666126,Q2821273,shared_education,1,universite de tunis
Q16666126,Q2821297,shared_education,1,universite de tunis
Q16666126,Q2827529,shared_education,1,universite de tunis
Q16666126,Q2827554,shared_education,1,universite de tunis
Q16666126,Q2836180,shared_education,1,universite de tunis
Q16666126,Q28714939,shared_parties,1,ennahdha
Q16666126,Q28869633,shared_education,1,universite de tunis
Q16666126,Q2929705,shared_education,1,universite de tunis
Q16666126,Q2947600,shared_parties,1,ennahdha
Q16666126,Q29577510,shared_parties,1,ennahdha
Q16666126,Q30217461,shared_parties,1,ennahdha
Q16666126,Q3066858,shared_education,1,universite de tunis
Q16666126,Q3125299,shared_education,1,universite de tunis
Q16666126,Q3125311,shared_education,1,universite de tunis
Q16666126,Q3125336,shared_education,1,universite de tunis
Q16666126,Q3128291,shared_education,1,universite de tunis
Q16666126,Q3141381,shared_education,1,universite de tunis
Q16666126,Q3160876,shared_parties,1,ennahdha
Q16666126,Q3304511,shared_education,1,universite de tunis
Q16666126,Q3318311,shared_education,1,universite de tunis
Q16666126,Q3318419,shared_parties,1,ennahdha
Q16666126,Q3318509,shared_education,1,universite de tunis
Q16666126,Q3318530,shared_education,1,universite de tunis
Q16666126,Q3318652,shared_parties,1,ennahdha
Q16666126,Q3318757,shared_education,1,universite de tunis
Q16666126,Q3318781,shared_education,1,universite de tunis
Q16666126,Q3318800,shared_parties,1,ennahdha
Q16666126,Q3319366,shared_education,1,universite de tunis
Q16666126,Q3320435,shared_parties,1,ennahdha
Q16666126,Q3358533,shared_education,1,universite de tunis
Q16666126,Q3417300,shared_education,1,universite de tunis
Q16666126,Q3417419,shared_education,1,universite de tunis
Q16666126,Q3417420,shared_parties,1,ennahdha
Q16666126,Q3423310,shared_education,1,universite de tunis
Q16666126,Q3430010,shared_parties,1,ennahdha
Q16666126,Q3431747,shared_parties,1,ennahdha
Q16666126,Q3461169,shared_education,1,universite de tunis
Q16666126,Q3469690,shared_education,1,universite de tunis
Q16666126,Q3470837,shared_parties,1,ennahdha
Q16666126,Q3486507,shared_education,1,universite de tunis
Q16666126,Q3486512,shared_education,1,universite de tunis
Q16666126,Q3486675,shared_parties,1,ennahdha
Q16666126,Q3486689,shared_education,1,universite de tunis
Q16666126,Q3515404,shared_education,1,universite de tunis
Q16666126,Q431515,shared_education,1,universite de tunis
Q16666126,Q43654658,shared_education,1,universite de tunis
Q16666126,Q55999324,shared_parties,1,ennahdha
Q16666126,Q57699,shared_education,1,universite de tunis
Q16666126,Q57699,shared_parties,1,ennahdha
Q16666126,Q668526,shared_education,1,universite de tunis
Q16666126,Q668526,shared_parties,1,ennahdha
Q16666126,Q85822499,shared_education,1,universite de tunis
Q16666126,Q86734094,shared_parties,1,ennahdha
Q16666126,Q92332624,shared_parties,1,ennahdha
Q16666273,Q3318731,shared_education,2,ecole nationale superieure des mines de paris|ecole polytechnique
Q16666273,Q3320655,shared_education,2,ecole polytechnique|المدرسه متعدده التقانات بفرنسا
Q16666273,Q3431735,shared_education,1,ecole nationale superieure des mines de paris
Q16666273,Q3474776,shared_education,2,ecole polytechnique|المدرسه متعدده التقانات بفرنسا
Q16666273,Q3516539,shared_education,2,ecole polytechnique|المدرسه متعدده التقانات بفرنسا
Q16666273,Q91669922,shared_education,2,ecole polytechnique|المدرسه متعدده التقانات بفرنسا
Q16666543,Q30217461,shared_education,1,universite de versailles-saint-quentin-en-yvelines
Q16666837,Q17425841,shared_parties,2,parti socialiste destourien|التجمع الدستوري الديمقراطي
Q16666837,Q18610883,shared_parties,1,parti socialiste destourien
Q16666837,Q19060286,shared_parties,1,التجمع الدستوري الديمقراطي
Q16666837,Q19060293,shared_parties,1,التجمع الدستوري الديمقراطي
Q16666837,Q19060320,shared_parties,1,التجمع الدستوري الديمقراطي
Q16666837,Q19060337,shared_parties,1,التجمع الدستوري الديمقراطي
Q16666837,Q19060346,shared_parties,1,التجمع الدستوري الديمقراطي
Q16666837,Q19544932,shared_birth_governorate,1,sousse
Q16666837,Q19629356,shared_parties,1,التجمع الدستوري الديمقراطي
Q16666837,Q19956346,shared_parties,1,التجمع الدستوري الديمقراطي
Q16666837,Q20047058,shared_parties,1,parti socialiste destourien
Q16666837,Q204487,shared_birth_governorate,1,sousse
Q16666837,Q204487,shared_parties,2,parti socialiste destourien|التجمع الدستوري الديمقراطي
Q16666837,Q2268624,shared_parties,1,التجمع الدستوري الديمقراطي
Q16666837,Q22928978,shared_parties,1,parti socialiste destourien
Q16666837,Q24690603,shared_parties,1,التجمع الدستوري الديمقراطي
Q16666837,Q2655671,shared_birth_governorate,1,sousse
Q16666837,Q282026,shared_parties,1,parti socialiste destourien
Q16666837,Q2820925,shared_parties,1,parti socialiste destourien
Q16666837,Q2820931,shared_parties,1,parti socialiste destourien
Q16666837,Q2820994,shared_parties,1,parti socialiste destourien
Q16666837,Q2820997,shared_birth_governorate,1,sousse
Q16666837,Q2821037,shared_birth_governorate,1,sousse
Q16666837,Q2821055,shared_parties,1,parti socialiste destourien
Q16666837,Q2821297,shared_birth_governorate,1,sousse
Q16666837,Q2821308,shared_birth_governorate,1,sousse
Q16666837,Q2827624,shared_parties,1,parti socialiste destourien
Q16666837,Q2827627,shared_birth_governorate,1,sousse
Q16666837,Q2827664,shared_parties,1,التجمع الدستوري الديمقراطي
Q16666837,Q2836180,shared_parties,1,التجمع الدستوري الديمقراطي
Q16666837,Q28465669,shared_birth_governorate,1,sousse
Q16666837,Q28502176,shared_birth_governorate,1,sousse
Q16666837,Q2912277,shared_parties,1,التجمع الدستوري الديمقراطي
Q16666837,Q2929705,shared_parties,1,التجمع الدستوري الديمقراطي
Q16666837,Q29440996,shared_parties,1,parti socialiste destourien
Q16666837,Q29816892,shared_parties,1,التجمع الدستوري الديمقراطي
Q16666837,Q30118294,shared_birth_governorate,1,sousse
Q16666837,Q3012366,shared_parties,1,التجمع الدستوري الديمقراطي
Q16666837,Q3067195,shared_parties,1,parti socialiste destourien
Q16666837,Q30728289,shared_parties,1,التجمع الدستوري الديمقراطي
Q16666837,Q30728498,shared_parties,1,التجمع الدستوري الديمقراطي
Q16666837,Q308017,shared_parties,1,parti socialiste destourien
Q16666837,Q3125288,shared_birth_governorate,1,sousse
Q16666837,Q3125311,shared_birth_governorate,1,sousse
Q16666837,Q3128235,shared_parties,1,parti socialiste destourien
Q16666837,Q313539,shared_parties,1,التجمع الدستوري الديمقراطي
Q16666837,Q3192376,shared_parties,1,التجمع الدستوري الديمقراطي
Q16666837,Q3286574,shared_parties,1,parti socialiste destourien
Q16666837,Q3318509,shared_parties,1,التجمع الدستوري الديمقراطي
Q16666837,Q3318530,shared_parties,1,parti socialiste destourien
Q16666837,Q3318622,shared_birth_governorate,1,sousse
Q16666837,Q3318622,shared_parties,2,parti socialiste destourien|التجمع الدستوري الديمقراطي
Q16666837,Q3320454,shared_parties,1,التجمع الدستوري الديمقراطي
Q16666837,Q3320538,shared_parties,1,parti socialiste destourien
Q16666837,Q3320544,shared_parties,1,التجمع الدستوري الديمقراطي
Q16666837,Q3320650,shared_parties,1,parti socialiste destourien
Q16666837,Q3328946,shared_parties,1,parti socialiste destourien
Q16666837,Q3331012,shared_parties,1,parti socialiste destourien
Q16666837,Q3331032,shared_parties,1,parti socialiste destourien
Q16666837,Q3334855,shared_parties,1,التجمع الدستوري الديمقراطي
Q16666837,Q3344886,shared_parties,1,parti socialiste destourien
Q16666837,Q3347261,shared_parties,1,التجمع الدستوري الديمقراطي
Q16666837,Q3357601,shared_parties,1,parti socialiste destourien
Q16666837,Q3417300,shared_parties,1,التجمع الدستوري الديمقراطي
Q16666837,Q3417419,shared_parties,1,التجمع الدستوري الديمقراطي
Q16666837,Q3431743,shared_birth_governorate,1,sousse
Q16666837,Q3431743,shared_parties,1,التجمع الدستوري الديمقراطي
Q16666837,Q3461164,shared_parties,1,التجمع الدستوري الديمقراطي
Q16666837,Q3461169,shared_parties,1,التجمع الدستوري الديمقراطي
Q16666837,Q3461176,shared_parties,1,parti socialiste destourien
Q16666837,Q3486513,shared_parties,1,التجمع الدستوري الديمقراطي
Q16666837,Q3515404,shared_parties,1,التجمع الدستوري الديمقراطي
Q16666837,Q377921,shared_parties,1,parti socialiste destourien
Q16666837,Q38213221,shared_parties,1,التجمع الدستوري الديمقراطي
Q16666837,Q3951110,shared_parties,1,parti socialiste destourien
Q16666837,Q431515,shared_birth_governorate,1,sousse
Q16666837,Q431515,shared_parties,1,التجمع الدستوري الديمقراطي
Q16666837,Q50099224,shared_birth_governorate,1,sousse
Q16666837,Q50285534,shared_birth_governorate,1,sousse
Q16666837,Q50285534,shared_parties,2,parti socialiste destourien|التجمع الدستوري الديمقراطي
Q16666837,Q54875068,shared_parties,2,parti socialiste destourien|التجمع الدستوري الديمقراطي
Q16666837,Q54875069,shared_parties,2,parti socialiste destourien|التجمع الدستوري الديمقراطي
Q16666837,Q54875074,shared_parties,1,parti socialiste destourien
Q16666837,Q54875084,shared_birth_governorate,1,sousse
Q16666837,Q54875084,shared_parties,1,parti socialiste destourien
Q16666837,Q54875086,shared_parties,1,التجمع الدستوري الديمقراطي
Q16666837,Q54875087,shared_parties,1,التجمع الدستوري الديمقراطي
Q16666837,Q54875092,shared_parties,1,التجمع الدستوري الديمقراطي
Q16666837,Q54875133,shared_parties,1,التجمع الدستوري الديمقراطي
Q16666837,Q54875134,shared_parties,1,parti socialiste destourien
Q16666837,Q55196894,shared_parties,1,parti socialiste destourien
Q16666837,Q55391329,shared_parties,1,التجمع الدستوري الديمقراطي
Q16666837,Q55392087,shared_parties,1,التجمع الدستوري الديمقراطي
Q16666837,Q55392091,shared_parties,1,parti socialiste destourien
Q16666837,Q55392098,shared_parties,1,parti socialiste destourien
Q16666837,Q55392103,shared_parties,1,التجمع الدستوري الديمقراطي
Q16666837,Q57699,shared_birth_governorate,1,sousse
Q16666837,Q60573369,shared_parties,1,التجمع الدستوري الديمقراطي
Q16666837,Q60573379,shared_parties,1,التجمع الدستوري الديمقراطي
Q16666837,Q60573416,shared_parties,1,parti socialiste destourien
Q16666837,Q60573426,shared_parties,1,التجمع الدستوري الديمقراطي
Q16666837,Q60573536,shared_parties,2,parti socialiste destourien|التجمع الدستوري الديمقراطي
Q16666837,Q60576591,shared_birth_governorate,1,sousse
Q16666837,Q653162,shared_parties,2,parti socialiste destourien|التجمع الدستوري الديمقراطي
Q16666837,Q800238,shared_parties,1,parti socialiste destourien
Q16666837,Q88467296,shared_birth_governorate,1,sousse
Q16666837,Q97961043,shared_parties,1,التجمع الدستوري الديمقراطي
Q16679067,Q19060293,shared_birth_governorate,1,monastir
Q16679067,Q19955807,shared_parties,1,afek tounes
Q16679067,Q19956225,shared_birth_governorate,1,monastir
Q16679067,Q19956346,shared_birth_governorate,1,monastir
Q16679067,Q20412385,shared_birth_governorate,1,monastir
Q16679067,Q20412385,shared_parties,1,afek tounes
Q16679067,Q22211169,shared_birth_governorate,1,monastir
Q16679067,Q25391268,shared_parties,1,al joumhouri
Q16679067,Q26834002,shared_birth_governorate,1,monastir
Q16679067,Q282026,shared_birth_governorate,1,monastir
Q16679067,Q2821012,shared_birth_governorate,1,monastir
Q16679067,Q2821055,shared_birth_governorate,1,monastir
Q16679067,Q2827512,shared_birth_governorate,1,monastir
Q16679067,Q2827633,shared_parties,1,al joumhouri
Q16679067,Q28653580,shared_parties,1,afek tounes
Q16679067,Q2912277,shared_birth_governorate,1,monastir
Q16679067,Q2929705,shared_birth_governorate,1,monastir
Q16679067,Q2947600,shared_birth_governorate,1,monastir
Q16679067,Q29580479,shared_birth_governorate,1,monastir
Q16679067,Q30729169,shared_parties,1,afek tounes
Q16679067,Q308017,shared_birth_governorate,1,monastir
Q16679067,Q3125835,shared_birth_governorate,1,monastir
Q16679067,Q3141381,shared_birth_governorate,1,monastir
Q16679067,Q3144591,shared_birth_governorate,1,monastir
Q16679067,Q3286574,shared_birth_governorate,1,monastir
Q16679067,Q3318702,shared_birth_governorate,1,monastir
Q16679067,Q3318797,shared_birth_governorate,1,monastir
Q16679067,Q3320650,shared_birth_governorate,1,monastir
Q16679067,Q3328959,shared_birth_governorate,1,monastir
Q16679067,Q3331032,shared_birth_governorate,1,monastir
Q16679067,Q3347261,shared_birth_governorate,1,monastir
Q16679067,Q3431735,shared_birth_governorate,1,monastir
Q16679067,Q3470859,shared_parties,1,afek tounes
Q16679067,Q3474776,shared_parties,1,al joumhouri
Q16679067,Q3516539,shared_birth_governorate,1,monastir
Q16679067,Q3571955,shared_parties,2,afek tounes|al joumhouri
Q16679067,Q377921,shared_birth_governorate,1,monastir
Q16679067,Q48757077,shared_birth_governorate,1,monastir
Q16679067,Q49691191,shared_parties,1,afek tounes
Q16679067,Q54875067,shared_parties,1,afek tounes
Q16679067,Q60428357,shared_parties,1,al joumhouri
Q16679067,Q643348,shared_birth_governorate,1,monastir
Q16679067,Q98828346,shared_birth_governorate,1,monastir
Q16679067,Q98828362,shared_parties,1,afek tounes
Q16802173,Q16889653,shared_education,1,universite de tunis
Q16802173,Q17154190,shared_education,1,ecole nationale d'administration
Q16802173,Q18384881,shared_education,1,universite de tunis
Q16802173,Q18610841,shared_education,1,universite de tunis
Q16802173,Q19060284,shared_birth_governorate,1,tozeur
Q16802173,Q19060319,shared_education,1,universite de tunis
Q16802173,Q19248970,shared_education,1,universite de tunis
Q16802173,Q19345818,shared_education,1,universite de tunis
Q16802173,Q19544690,shared_education,1,ecole nationale d'administration
Q16802173,Q20423358,shared_education,1,universite de tunis
Q16802173,Q21996842,shared_education,1,ecole nationale d'administration
Q16802173,Q24752632,shared_education,1,universite de tunis
Q16802173,Q27756741,shared_education,1,universite de tunis
Q16802173,Q28105062,shared_education,1,universite de tunis
Q16802173,Q2820931,shared_education,2,ecole nationale d'administration|universite de tunis
Q16802173,Q2821037,shared_education,1,universite de tunis
Q16802173,Q2821057,shared_education,1,universite de tunis
Q16802173,Q2821146,shared_education,1,universite de tunis
Q16802173,Q2821210,shared_education,1,ecole nationale d'administration
Q16802173,Q2821212,shared_education,1,universite de tunis
Q16802173,Q2821273,shared_education,1,universite de tunis
Q16802173,Q2821297,shared_education,1,universite de tunis
Q16802173,Q2827529,shared_education,1,universite de tunis
Q16802173,Q2827554,shared_education,1,universite de tunis
Q16802173,Q2836180,shared_education,1,universite de tunis
Q16802173,Q28869633,shared_education,2,ecole nationale d'administration|universite de tunis
Q16802173,Q2929705,shared_education,1,universite de tunis
Q16802173,Q29577522,shared_birth_governorate,1,tozeur
Q16802173,Q3066858,shared_education,1,universite de tunis
Q16802173,Q30728289,shared_birth_governorate,1,tozeur
Q16802173,Q3079840,shared_education,1,ecole nationale d'administration
Q16802173,Q3125299,shared_education,1,universite de tunis
Q16802173,Q3125311,shared_education,1,universite de tunis
Q16802173,Q3125336,shared_education,1,universite de tunis
Q16802173,Q3128291,shared_education,1,universite de tunis
Q16802173,Q3141381,shared_education,1,universite de tunis
Q16802173,Q3304511,shared_education,1,universite de tunis
Q16802173,Q3318311,shared_education,1,universite de tunis
Q16802173,Q3318509,shared_education,1,universite de tunis
Q16802173,Q3318530,shared_education,1,universite de tunis
Q16802173,Q3318757,shared_education,1,universite de tunis
Q16802173,Q3318781,shared_education,1,universite de tunis
Q16802173,Q3319366,shared_education,1,universite de tunis
Q16802173,Q3320454,shared_birth_governorate,1,tozeur
Q16802173,Q3358533,shared_education,1,universite de tunis
Q16802173,Q3417300,shared_education,1,universite de tunis
Q16802173,Q3417419,shared_education,1,universite de tunis
Q16802173,Q3423310,shared_education,1,universite de tunis
Q16802173,Q3431743,shared_education,1,ecole nationale d'administration
Q16802173,Q3461169,shared_education,1,universite de tunis
Q16802173,Q3469690,shared_education,1,universite de tunis
Q16802173,Q3483754,shared_birth_governorate,1,tozeur
Q16802173,Q3486507,shared_education,1,universite de tunis
Q16802173,Q3486512,shared_education,1,universite de tunis
Q16802173,Q3486689,shared_education,1,universite de tunis
Q16802173,Q3515404,shared_education,1,universite de tunis
Q16802173,Q431515,shared_education,1,universite de tunis
Q16802173,Q43654658,shared_education,1,universite de tunis
Q16802173,Q517946,shared_birth_governorate,1,tozeur
Q16802173,Q57699,shared_education,1,universite de tunis
Q16802173,Q60573413,shared_education,1,ecole nationale d'administration
Q16802173,Q61598250,shared_education,1,ecole nationale d'administration
Q16802173,Q65130650,shared_education,1,ecole nationale d'administration
Q16802173,Q668526,shared_education,1,universite de tunis
Q16802173,Q744499,shared_education,1,ecole nationale d'administration
Q16802173,Q85822499,shared_education,1,universite de tunis
Q16802173,Q88485687,shared_education,1,ecole nationale d'administration
Q16802173,Q89996191,shared_education,1,ecole nationale d'administration
Q16802173,Q91626084,shared_education,1,ecole nationale d'administration
Q16855080,Q16855250,shared_birth_governorate,1,sfax
Q16855080,Q18384881,shared_birth_governorate,1,sfax
Q16855080,Q18610883,shared_birth_governorate,1,sfax
Q16855080,Q19848008,shared_education,1,ecole nationale d'ingenieurs de tunis
Q16855080,Q19951841,shared_birth_governorate,1,sfax
Q16855080,Q20047058,shared_birth_governorate,1,sfax
Q16855080,Q20991574,shared_education,1,ecole nationale d'ingenieurs de tunis
Q16855080,Q24690603,shared_birth_governorate,1,sfax
Q16855080,Q27758476,shared_birth_governorate,1,sfax
Q16855080,Q2820931,shared_birth_governorate,1,sfax
Q16855080,Q2821057,shared_birth_governorate,1,sfax
Q16855080,Q2821119,shared_education,1,ecole nationale d'ingenieurs de tunis
Q16855080,Q2821210,shared_birth_governorate,1,sfax
Q16855080,Q2821212,shared_birth_governorate,1,sfax
Q16855080,Q2821280,shared_birth_governorate,1,sfax
Q16855080,Q28653580,shared_birth_governorate,1,sfax
Q16855080,Q3318475,shared_birth_governorate,1,sfax
Q16855080,Q3318774,shared_education,1,ecole nationale d'ingenieurs de tunis
Q16855080,Q3320435,shared_birth_governorate,1,sfax
Q16855080,Q3331012,shared_birth_governorate,1,sfax
Q16855080,Q3344886,shared_birth_governorate,1,sfax
Q16855080,Q3461169,shared_birth_governorate,1,sfax
Q16855080,Q3469690,shared_birth_governorate,1,sfax
Q16855080,Q3473691,shared_birth_governorate,1,sfax
Q16855080,Q3486512,shared_birth_governorate,1,sfax
Q16855080,Q3486513,shared_education,1,ecole nationale d'ingenieurs de tunis
Q16855080,Q3486677,shared_birth_governorate,1,sfax
Q16855080,Q3490439,shared_birth_governorate,1,sfax
Q16855080,Q42311056,shared_birth_governorate,1,sfax
Q16855080,Q43654658,shared_birth_governorate,1,sfax
Q16855080,Q51173119,shared_education,1,ecole nationale d'ingenieurs de tunis
Q16855080,Q55381738,shared_birth_governorate,1,sfax
Q16855080,Q668526,shared_birth_governorate,1,sfax
Q16855080,Q744499,shared_birth_governorate,1,sfax
Q16855080,Q92316785,shared_birth_governorate,1,sfax
Q16855080,Q92354033,shared_birth_governorate,1,sfax
Q16855080,Q99539200,shared_birth_governorate,1,sfax
Q16855223,Q19060346,shared_birth_governorate,1,medenine
Q16855223,Q19956395,shared_birth_governorate,1,medenine
Q16855223,Q20417790,shared_birth_governorate,1,medenine
Q16855223,Q27756642,shared_birth_governorate,1,medenine
Q16855223,Q281184,shared_birth_governorate,1,medenine
Q16855223,Q2824176,shared_birth_governorate,1,medenine
Q16855223,Q2827529,shared_birth_governorate,1,medenine
Q16855223,Q2827554,shared_birth_governorate,1,medenine
Q16855223,Q2827587,shared_birth_governorate,1,medenine
Q16855223,Q2929679,shared_birth_governorate,1,medenine
Q16855223,Q29577510,shared_birth_governorate,1,medenine
Q16855223,Q30217461,shared_birth_governorate,1,medenine
Q16855223,Q30729047,shared_birth_governorate,1,medenine
Q16855223,Q3430010,shared_birth_governorate,1,medenine
Q16855223,Q3461164,shared_birth_governorate,1,medenine
Q16855223,Q3469772,shared_birth_governorate,1,medenine
Q16855223,Q3470859,shared_birth_governorate,1,medenine
Q16855223,Q496042,shared_birth_governorate,1,medenine
Q16855223,Q54875067,shared_birth_governorate,1,medenine
Q16855223,Q61598250,shared_birth_governorate,1,medenine
Q16855250,Q18384881,shared_birth_governorate,1,sfax
Q16855250,Q18610883,shared_birth_governorate,1,sfax
Q16855250,Q19951841,shared_birth_governorate,1,sfax
Q16855250,Q20047058,shared_birth_governorate,1,sfax
Q16855250,Q24690603,shared_birth_governorate,1,sfax
Q16855250,Q27758476,shared_birth_governorate,1,sfax
Q16855250,Q2820931,shared_birth_governorate,1,sfax
Q16855250,Q2821057,shared_birth_governorate,1,sfax
Q16855250,Q2821210,shared_birth_governorate,1,sfax
Q16855250,Q2821212,shared_birth_governorate,1,sfax
Q16855250,Q2821280,shared_birth_governorate,1,sfax
Q16855250,Q28653580,shared_birth_governorate,1,sfax
Q16855250,Q3318475,shared_birth_governorate,1,sfax
Q16855250,Q3320435,shared_birth_governorate,1,sfax
Q16855250,Q3331012,shared_birth_governorate,1,sfax
Q16855250,Q3344886,shared_birth_governorate,1,sfax
Q16855250,Q3461169,shared_birth_governorate,1,sfax
Q16855250,Q3469690,shared_birth_governorate,1,sfax
Q16855250,Q3473691,shared_birth_governorate,1,sfax
Q16855250,Q3486512,shared_birth_governorate,1,sfax
Q16855250,Q3486677,shared_birth_governorate,1,sfax
Q16855250,Q3490439,shared_birth_governorate,1,sfax
Q16855250,Q42311056,shared_birth_governorate,1,sfax
Q16855250,Q43654658,shared_birth_governorate,1,sfax
Q16855250,Q55381738,shared_birth_governorate,1,sfax
Q16855250,Q668526,shared_birth_governorate,1,sfax
Q16855250,Q744499,shared_birth_governorate,1,sfax
Q16855250,Q92316785,shared_birth_governorate,1,sfax
Q16855250,Q92354033,shared_birth_governorate,1,sfax
Q16855250,Q99539200,shared_birth_governorate,1,sfax
Q16889653,Q18384881,shared_education,2,universite de tunis|جامعه تونس
Q16889653,Q18610841,shared_education,2,universite de tunis|جامعه تونس
Q16889653,Q19060319,shared_education,1,universite de tunis
Q16889653,Q19248970,shared_education,2,universite de tunis|جامعه تونس
Q16889653,Q19345818,shared_education,1,universite de tunis
Q16889653,Q20423358,shared_education,2,universite de tunis|جامعه تونس
Q16889653,Q24752632,shared_education,2,universite de tunis|جامعه تونس
Q16889653,Q27756741,shared_education,2,universite de tunis|جامعه تونس
Q16889653,Q28105062,shared_education,2,universite de tunis|جامعه تونس
Q16889653,Q2820931,shared_education,1,universite de tunis
Q16889653,Q2821037,shared_education,1,universite de tunis
Q16889653,Q2821057,shared_education,1,universite de tunis
Q16889653,Q2821146,shared_education,1,universite de tunis
Q16889653,Q2821212,shared_education,1,universite de tunis
Q16889653,Q2821273,shared_education,1,universite de tunis
Q16889653,Q2821297,shared_education,1,universite de tunis
Q16889653,Q2827529,shared_education,1,universite de tunis
Q16889653,Q2827554,shared_education,1,universite de tunis
Q16889653,Q2836180,shared_education,2,universite de tunis|جامعه تونس
Q16889653,Q28502176,shared_education,1,universite paris-sorbonne
Q16889653,Q28869633,shared_education,2,universite de tunis|جامعه تونس
Q16889653,Q2929705,shared_education,1,universite de tunis
Q16889653,Q2961945,shared_education,1,جامعه باريس السوربون
Q16889653,Q3066858,shared_education,1,universite de tunis
Q16889653,Q3125299,shared_education,2,universite de tunis|جامعه تونس
Q16889653,Q3125311,shared_education,1,universite de tunis
Q16889653,Q3125336,shared_education,2,universite de tunis|جامعه تونس
Q16889653,Q3128291,shared_education,2,universite de tunis|جامعه تونس
Q16889653,Q3141381,shared_education,1,universite de tunis
Q16889653,Q3304511,shared_education,1,universite de tunis
Q16889653,Q3318311,shared_education,1,universite de tunis
Q16889653,Q3318509,shared_education,1,universite de tunis
Q16889653,Q3318530,shared_education,3,universite de tunis|universite paris-sorbonne|جامعه تونس
Q16889653,Q3318757,shared_education,1,universite de tunis
Q16889653,Q3318781,shared_education,1,universite de tunis
Q16889653,Q3319366,shared_education,1,universite de tunis
Q16889653,Q3328959,shared_education,1,جامعه تونس
Q16889653,Q3358533,shared_education,2,universite de tunis|جامعه تونس
Q16889653,Q3417300,shared_education,1,universite de tunis
Q16889653,Q3417419,shared_education,2,universite de tunis|جامعه تونس
Q16889653,Q3423310,shared_education,1,universite de tunis
Q16889653,Q3461169,shared_education,2,universite de tunis|جامعه تونس
Q16889653,Q3469690,shared_education,1,universite de tunis
Q16889653,Q3486507,shared_education,3,universite de tunis|universite paris-sorbonne|جامعه تونس
Q16889653,Q3486512,shared_education,1,universite de tunis
Q16889653,Q3486689,shared_education,2,universite de tunis|جامعه تونس
Q16889653,Q3515404,shared_education,1,universite de tunis
Q16889653,Q431515,shared_education,1,universite de tunis
Q16889653,Q43654658,shared_education,1,universite de tunis
Q16889653,Q48757077,shared_education,1,universite paris-sorbonne
Q16889653,Q57699,shared_education,2,universite de tunis|جامعه تونس
Q16889653,Q668526,shared_education,2,universite de tunis|جامعه تونس
Q16889653,Q85822499,shared_education,1,universite de tunis
Q17154190,Q1951854,shared_birth_governorate,1,mahdia
Q17154190,Q19544690,shared_education,1,ecole nationale d'administration
Q17154190,Q19848008,shared_birth_governorate,1,mahdia
Q17154190,Q21996842,shared_education,1,ecole nationale d'administration
Q17154190,Q2374730,shared_birth_governorate,1,mahdia
Q17154190,Q26505513,shared_birth_governorate,1,mahdia
Q17154190,Q2820931,shared_education,1,ecole nationale d'administration
Q17154190,Q2821127,shared_birth_governorate,1,mahdia
Q17154190,Q2821210,shared_education,1,ecole nationale d'administration
Q17154190,Q28869633,shared_education,1,ecole nationale d'administration
Q17154190,Q3079840,shared_education,1,ecole nationale d'administration
Q17154190,Q3304511,shared_birth_governorate,1,mahdia
Q17154190,Q3318530,shared_birth_governorate,1,mahdia
Q17154190,Q3431743,shared_education,1,ecole nationale d'administration
Q17154190,Q3571955,shared_birth_governorate,1,mahdia
Q17154190,Q60572709,shared_birth_governorate,1,mahdia
Q17154190,Q60573413,shared_education,1,ecole nationale d'administration
Q17154190,Q61598250,shared_education,1,ecole nationale d'administration
Q17154190,Q65130650,shared_education,1,ecole nationale d'administration
Q17154190,Q653162,shared_birth_governorate,1,mahdia
Q17154190,Q744499,shared_education,1,ecole nationale d'administration
Q17154190,Q88485687,shared_education,1,ecole nationale d'administration
Q17154190,Q89996191,shared_education,1,ecole nationale d'administration
Q17154190,Q91626084,shared_education,1,ecole nationale d'administration
Q17425841,Q18610883,shared_parties,1,parti socialiste destourien
Q17425841,Q19060286,shared_parties,1,التجمع الدستوري الديمقراطي
Q17425841,Q19060293,shared_parties,1,التجمع الدستوري الديمقراطي
Q17425841,Q19060320,shared_parties,1,التجمع الدستوري الديمقراطي
Q17425841,Q19060337,shared_parties,1,التجمع الدستوري الديمقراطي
Q17425841,Q19060346,shared_parties,1,التجمع الدستوري الديمقراطي
Q17425841,Q19629356,shared_parties,1,التجمع الدستوري الديمقراطي
Q17425841,Q19956346,shared_parties,1,التجمع الدستوري الديمقراطي
Q17425841,Q20047058,shared_parties,1,parti socialiste destourien
Q17425841,Q204487,shared_parties,2,parti socialiste destourien|التجمع الدستوري الديمقراطي
Q17425841,Q2268624,shared_parties,1,التجمع الدستوري الديمقراطي
Q17425841,Q22928978,shared_parties,1,parti socialiste destourien
Q17425841,Q24690603,shared_parties,1,التجمع الدستوري الديمقراطي
Q17425841,Q282026,shared_parties,1,parti socialiste destourien
Q17425841,Q2820925,shared_parties,1,parti socialiste destourien
Q17425841,Q2820931,shared_parties,1,parti socialiste destourien
Q17425841,Q2820994,shared_parties,1,parti socialiste destourien
Q17425841,Q2821055,shared_parties,1,parti socialiste destourien
Q17425841,Q2827624,shared_parties,1,parti socialiste destourien
Q17425841,Q2827664,shared_parties,1,التجمع الدستوري الديمقراطي
Q17425841,Q2836180,shared_parties,1,التجمع الدستوري الديمقراطي
Q17425841,Q28869633,shared_birth_governorate,1,beja
Q17425841,Q2912277,shared_parties,1,التجمع الدستوري الديمقراطي
Q17425841,Q2929705,shared_parties,1,التجمع الدستوري الديمقراطي
Q17425841,Q29440996,shared_parties,1,parti socialiste destourien
Q17425841,Q29816892,shared_parties,1,التجمع الدستوري الديمقراطي
Q17425841,Q3012366,shared_parties,1,التجمع الدستوري الديمقراطي
Q17425841,Q3039490,shared_birth_governorate,1,beja
Q17425841,Q3067195,shared_parties,1,parti socialiste destourien
Q17425841,Q30728289,shared_parties,1,التجمع الدستوري الديمقراطي
Q17425841,Q30728498,shared_birth_governorate,1,beja
Q17425841,Q30728498,shared_parties,1,التجمع الدستوري الديمقراطي
Q17425841,Q308017,shared_parties,1,parti socialiste destourien
Q17425841,Q3128235,shared_parties,1,parti socialiste destourien
Q17425841,Q313539,shared_parties,1,التجمع الدستوري الديمقراطي
Q17425841,Q3144577,shared_birth_governorate,1,beja
Q17425841,Q3192376,shared_parties,1,التجمع الدستوري الديمقراطي
Q17425841,Q3286574,shared_parties,1,parti socialiste destourien
Q17425841,Q3318509,shared_parties,1,التجمع الدستوري الديمقراطي
Q17425841,Q3318530,shared_parties,1,parti socialiste destourien
Q17425841,Q3318622,shared_parties,2,parti socialiste destourien|التجمع الدستوري الديمقراطي
Q17425841,Q3320454,shared_parties,1,التجمع الدستوري الديمقراطي
Q17425841,Q3320538,shared_parties,1,parti socialiste destourien
Q17425841,Q3320544,shared_parties,1,التجمع الدستوري الديمقراطي
Q17425841,Q3320650,shared_parties,1,parti socialiste destourien
Q17425841,Q3328946,shared_parties,1,parti socialiste destourien
Q17425841,Q3331012,shared_parties,1,parti socialiste destourien
Q17425841,Q3331032,shared_parties,1,parti socialiste destourien
Q17425841,Q3334855,shared_parties,1,التجمع الدستوري الديمقراطي
Q17425841,Q3344886,shared_parties,1,parti socialiste destourien
Q17425841,Q3347261,shared_parties,1,التجمع الدستوري الديمقراطي
Q17425841,Q3357601,shared_parties,1,parti socialiste destourien
Q17425841,Q3417300,shared_parties,1,التجمع الدستوري الديمقراطي
Q17425841,Q3417419,shared_birth_governorate,1,beja
Q17425841,Q3417419,shared_parties,1,التجمع الدستوري الديمقراطي
Q17425841,Q3431743,shared_parties,1,التجمع الدستوري الديمقراطي
Q17425841,Q3461164,shared_parties,1,التجمع الدستوري الديمقراطي
Q17425841,Q3461169,shared_parties,1,التجمع الدستوري الديمقراطي
Q17425841,Q3461176,shared_parties,1,parti socialiste destourien
Q17425841,Q3486513,shared_parties,1,التجمع الدستوري الديمقراطي
Q17425841,Q3515404,shared_parties,1,التجمع الدستوري الديمقراطي
Q17425841,Q377921,shared_parties,1,parti socialiste destourien
Q17425841,Q38213221,shared_parties,1,التجمع الدستوري الديمقراطي
Q17425841,Q3951110,shared_parties,1,parti socialiste destourien
Q17425841,Q431515,shared_parties,1,التجمع الدستوري الديمقراطي
Q17425841,Q50285534,shared_parties,2,parti socialiste destourien|التجمع الدستوري الديمقراطي
Q17425841,Q54875068,shared_parties,2,parti socialiste destourien|التجمع الدستوري الديمقراطي
Q17425841,Q54875069,shared_parties,2,parti socialiste destourien|التجمع الدستوري الديمقراطي
Q17425841,Q54875074,shared_parties,1,parti socialiste destourien
Q17425841,Q54875084,shared_parties,1,parti socialiste destourien
Q17425841,Q54875086,shared_parties,1,التجمع الدستوري الديمقراطي
Q17425841,Q54875087,shared_parties,1,التجمع الدستوري الديمقراطي
Q17425841,Q54875092,shared_parties,1,التجمع الدستوري الديمقراطي
Q17425841,Q54875133,shared_parties,1,التجمع الدستوري الديمقراطي
Q17425841,Q54875134,shared_parties,1,parti socialiste destourien
Q17425841,Q55196894,shared_parties,1,parti socialiste destourien
Q17425841,Q55391329,shared_parties,1,التجمع الدستوري الديمقراطي
Q17425841,Q55392087,shared_parties,1,التجمع الدستوري الديمقراطي
Q17425841,Q55392091,shared_parties,1,parti socialiste destourien
Q17425841,Q55392098,shared_parties,1,parti socialiste destourien
Q17425841,Q55392103,shared_parties,1,التجمع الدستوري الديمقراطي
Q17425841,Q60573369,shared_parties,1,التجمع الدستوري الديمقراطي
Q17425841,Q60573379,shared_parties,1,التجمع الدستوري الديمقراطي
Q17425841,Q60573416,shared_parties,1,parti socialiste destourien
Q17425841,Q60573426,shared_parties,1,التجمع الدستوري الديمقراطي
Q17425841,Q60573536,shared_parties,2,parti socialiste destourien|التجمع الدستوري الديمقراطي
Q17425841,Q62601798,shared_birth_governorate,1,beja
Q17425841,Q653162,shared_parties,2,parti socialiste destourien|التجمع الدستوري الديمقراطي
Q17425841,Q800238,shared_parties,1,parti socialiste destourien
Q17425841,Q97961043,shared_parties,1,التجمع الدستوري الديمقراطي
Q18384881,Q18610841,shared_education,2,universite de tunis|جامعه تونس
Q18384881,Q18610883,shared_birth_governorate,1,sfax
Q18384881,Q19060319,shared_education,1,universite de tunis
Q18384881,Q19248970,shared_education,2,universite de tunis|جامعه تونس
Q18384881,Q19345818,shared_education,1,universite de tunis
Q18384881,Q19951841,shared_birth_governorate,1,sfax
Q18384881,Q20047058,shared_birth_governorate,1,sfax
Q18384881,Q20423358,shared_education,2,universite de tunis|جامعه تونس
Q18384881,Q21511555,shared_parties,1,courant democrate
Q18384881,Q24690603,shared_birth_governorate,1,sfax
Q18384881,Q24752632,shared_education,2,universite de tunis|جامعه تونس
Q18384881,Q27756741,shared_education,2,universite de tunis|جامعه تونس
Q18384881,Q27758476,shared_birth_governorate,1,sfax
Q18384881,Q28105062,shared_education,2,universite de tunis|جامعه تونس
Q18384881,Q2820931,shared_birth_governorate,1,sfax
Q18384881,Q2820931,shared_education,1,universite de tunis
Q18384881,Q2821037,shared_education,1,universite de tunis
Q18384881,Q2821057,shared_birth_governorate,1,sfax
Q18384881,Q2821057,shared_education,1,universite de tunis
Q18384881,Q2821146,shared_education,1,universite de tunis
Q18384881,Q2821210,shared_birth_governorate,1,sfax
Q18384881,Q2821212,shared_birth_governorate,1,sfax
Q18384881,Q2821212,shared_education,1,universite de tunis
Q18384881,Q2821273,shared_education,1,universite de tunis
Q18384881,Q2821280,shared_birth_governorate,1,sfax
Q18384881,Q2821297,shared_education,1,universite de tunis
Q18384881,Q2827529,shared_education,1,universite de tunis
Q18384881,Q2827554,shared_education,1,universite de tunis
Q18384881,Q2836180,shared_education,2,universite de tunis|جامعه تونس
Q18384881,Q28653580,shared_birth_governorate,1,sfax
Q18384881,Q28869633,shared_education,2,universite de tunis|جامعه تونس
Q18384881,Q2929705,shared_education,1,universite de tunis
Q18384881,Q3066858,shared_education,1,universite de tunis
Q18384881,Q3125299,shared_education,2,universite de tunis|جامعه تونس
Q18384881,Q3125311,shared_education,1,universite de tunis
Q18384881,Q3125336,shared_education,2,universite de tunis|جامعه تونس
Q18384881,Q3128291,shared_education,2,universite de tunis|جامعه تونس
Q18384881,Q3141381,shared_education,1,universite de tunis
Q18384881,Q3304511,shared_education,1,universite de tunis
Q18384881,Q3318311,shared_education,1,universite de tunis
Q18384881,Q3318475,shared_birth_governorate,1,sfax
Q18384881,Q3318509,shared_education,1,universite de tunis
Q18384881,Q3318530,shared_education,2,universite de tunis|جامعه تونس
Q18384881,Q3318757,shared_education,1,universite de tunis
Q18384881,Q3318781,shared_education,1,universite de tunis
Q18384881,Q3319366,shared_education,1,universite de tunis
Q18384881,Q3320435,shared_birth_governorate,1,sfax
Q18384881,Q3328959,shared_education,1,جامعه تونس
Q18384881,Q3331012,shared_birth_governorate,1,sfax
Q18384881,Q3344886,shared_birth_governorate,1,sfax
Q18384881,Q3358533,shared_education,2,universite de tunis|جامعه تونس
Q18384881,Q3417300,shared_education,1,universite de tunis
Q18384881,Q3417419,shared_education,2,universite de tunis|جامعه تونس
Q18384881,Q3423310,shared_education,1,universite de tunis
Q18384881,Q3461169,shared_birth_governorate,1,sfax
Q18384881,Q3461169,shared_education,2,universite de tunis|جامعه تونس
Q18384881,Q3469690,shared_birth_governorate,1,sfax
Q18384881,Q3469690,shared_education,1,universite de tunis
Q18384881,Q3473691,shared_birth_governorate,1,sfax
Q18384881,Q3486507,shared_education,2,universite de tunis|جامعه تونس
Q18384881,Q3486512,shared_birth_governorate,1,sfax
Q18384881,Q3486512,shared_education,1,universite de tunis
Q18384881,Q3486677,shared_birth_governorate,1,sfax
Q18384881,Q3486689,shared_education,2,universite de tunis|جامعه تونس
Q18384881,Q3490439,shared_birth_governorate,1,sfax
Q18384881,Q3515404,shared_education,1,universite de tunis
Q18384881,Q42311056,shared_birth_governorate,1,sfax
Q18384881,Q431515,shared_education,1,universite de tunis
Q18384881,Q43654658,shared_birth_governorate,1,sfax
Q18384881,Q43654658,shared_education,1,universite de tunis
Q18384881,Q55381738,shared_birth_governorate,1,sfax
Q18384881,Q57699,shared_education,2,universite de tunis|جامعه تونس
Q18384881,Q668526,shared_birth_governorate,1,sfax
Q18384881,Q668526,shared_education,2,universite de tunis|جامعه تونس
Q18384881,Q744499,shared_birth_governorate,1,sfax
Q18384881,Q85822499,shared_education,1,universite de tunis
Q18384881,Q92316785,shared_birth_governorate,1,sfax
Q18384881,Q92354033,shared_birth_governorate,1,sfax
Q18384881,Q99539200,shared_birth_governorate,1,sfax
Q18398343,Q19544932,shared_education,1,universite de tunis - el manar
Q18398343,Q19848008,shared_education,1,universite de tunis - el manar
Q18398343,Q21511555,shared_education,1,universite de tunis - el manar
Q18398343,Q28465669,shared_education,1,universite de tunis - el manar
Q18398343,Q3318297,shared_education,1,universite de tunis - el manar
Q18398343,Q3318336,shared_education,1,universite de tunis - el manar
Q18398343,Q3333020,shared_education,1,universite de tunis - el manar
Q18398343,Q3490439,shared_education,1,universite de tunis - el manar
Q18398343,Q56309568,shared_education,1,universite de tunis - el manar
Q18399544,Q1890995,shared_parties,1,mouvement des democrates socialistes
Q18399544,Q2821146,shared_parties,1,mouvement des democrates socialistes
Q18399544,Q2827624,shared_parties,1,mouvement des democrates socialistes
Q18399544,Q4845531,shared_parties,1,mouvement des democrates socialistes
Q18610841,Q19060319,shared_education,1,universite de tunis
Q18610841,Q19248970,shared_education,2,universite de tunis|جامعه تونس
Q18610841,Q19345818,shared_education,1,universite de tunis
Q18610841,Q20423358,shared_education,2,universite de tunis|جامعه تونس
Q18610841,Q24752632,shared_education,2,universite de tunis|جامعه تونس
Q18610841,Q27756741,shared_education,2,universite de tunis|جامعه تونس
Q18610841,Q28105062,shared_education,2,universite de tunis|جامعه تونس
Q18610841,Q2820931,shared_education,1,universite de tunis
Q18610841,Q2821037,shared_education,1,universite de tunis
Q18610841,Q2821057,shared_education,1,universite de tunis
Q18610841,Q2821146,shared_education,1,universite de tunis
Q18610841,Q2821212,shared_education,1,universite de tunis
Q18610841,Q2821273,shared_education,1,universite de tunis
Q18610841,Q2821297,shared_education,2,universite de tunis|universite du minnesota
Q18610841,Q2827529,shared_education,1,universite de tunis
Q18610841,Q2827554,shared_education,1,universite de tunis
Q18610841,Q2836180,shared_education,2,universite de tunis|جامعه تونس
Q18610841,Q28869633,shared_education,2,universite de tunis|جامعه تونس
Q18610841,Q2929705,shared_education,1,universite de tunis
Q18610841,Q29580435,shared_birth_governorate,1,ben arous
Q18610841,Q3066858,shared_education,1,universite de tunis
Q18610841,Q3125299,shared_education,2,universite de tunis|جامعه تونس
Q18610841,Q3125311,shared_education,2,universite de tunis|universite du minnesota
Q18610841,Q3125336,shared_education,2,universite de tunis|جامعه تونس
Q18610841,Q3128291,shared_education,2,universite de tunis|جامعه تونس
Q18610841,Q3141381,shared_education,1,universite de tunis
Q18610841,Q3240795,shared_birth_governorate,1,ben arous
Q18610841,Q3304511,shared_education,1,universite de tunis
Q18610841,Q3318311,shared_education,1,universite de tunis
Q18610841,Q3318509,shared_education,1,universite de tunis
Q18610841,Q3318530,shared_education,2,universite de tunis|جامعه تونس
Q18610841,Q3318757,shared_education,1,universite de tunis
Q18610841,Q3318781,shared_education,1,universite de tunis
Q18610841,Q3319366,shared_education,1,universite de tunis
Q18610841,Q3328959,shared_education,1,جامعه تونس
Q18610841,Q3358533,shared_education,2,universite de tunis|جامعه تونس
Q18610841,Q3417300,shared_education,1,universite de tunis
Q18610841,Q3417419,shared_education,2,universite de tunis|جامعه تونس
Q18610841,Q3423310,shared_birth_governorate,1,ben arous
Q18610841,Q3423310,shared_education,1,universite de tunis
Q18610841,Q3461169,shared_education,2,universite de tunis|جامعه تونس
Q18610841,Q3469690,shared_education,1,universite de tunis
Q18610841,Q3486507,shared_education,2,universite de tunis|جامعه تونس
Q18610841,Q3486512,shared_education,1,universite de tunis
Q18610841,Q3486689,shared_education,2,universite de tunis|جامعه تونس
Q18610841,Q3515404,shared_education,1,universite de tunis
Q18610841,Q431515,shared_education,1,universite de tunis
Q18610841,Q43654658,shared_education,1,universite de tunis
Q18610841,Q57699,shared_education,2,universite de tunis|جامعه تونس
Q18610841,Q668526,shared_education,2,universite de tunis|جامعه تونس
Q18610841,Q85822499,shared_education,1,universite de tunis
Q18610841,Q98828570,shared_birth_governorate,1,ben arous
Q18610841,Q98828591,shared_birth_governorate,1,ben arous
Q18610841,Q99542892,shared_birth_governorate,1,ben arous
Q18610883,Q19951841,shared_birth_governorate,1,sfax
Q18610883,Q20047058,shared_birth_governorate,1,sfax
Q18610883,Q20047058,shared_parties,1,parti socialiste destourien
Q18610883,Q204487,shared_parties,1,parti socialiste destourien
Q18610883,Q22928978,shared_parties,1,parti socialiste destourien
Q18610883,Q24690603,shared_birth_governorate,1,sfax
Q18610883,Q27758476,shared_birth_governorate,1,sfax
Q18610883,Q282026,shared_parties,1,parti socialiste destourien
Q18610883,Q2820925,shared_parties,1,parti socialiste destourien
Q18610883,Q2820931,shared_birth_governorate,1,sfax
Q18610883,Q2820931,shared_parties,1,parti socialiste destourien
Q18610883,Q2820994,shared_parties,1,parti socialiste destourien
Q18610883,Q2821055,shared_parties,1,parti socialiste destourien
Q18610883,Q2821057,shared_birth_governorate,1,sfax
Q18610883,Q2821210,shared_birth_governorate,1,sfax
Q18610883,Q2821212,shared_birth_governorate,1,sfax
Q18610883,Q2821280,shared_birth_governorate,1,sfax
Q18610883,Q2827624,shared_parties,1,parti socialiste destourien
Q18610883,Q28653580,shared_birth_governorate,1,sfax
Q18610883,Q29440996,shared_parties,1,parti socialiste destourien
Q18610883,Q3067195,shared_parties,1,parti socialiste destourien
Q18610883,Q308017,shared_parties,1,parti socialiste destourien
Q18610883,Q3128235,shared_parties,1,parti socialiste destourien
Q18610883,Q3286574,shared_parties,1,parti socialiste destourien
Q18610883,Q3318475,shared_birth_governorate,1,sfax
Q18610883,Q3318530,shared_parties,1,parti socialiste destourien
Q18610883,Q3318622,shared_parties,1,parti socialiste destourien
Q18610883,Q3320435,shared_birth_governorate,1,sfax
Q18610883,Q3320538,shared_parties,1,parti socialiste destourien
Q18610883,Q3320650,shared_parties,1,parti socialiste destourien
Q18610883,Q3328946,shared_parties,1,parti socialiste destourien
Q18610883,Q3331012,shared_birth_governorate,1,sfax
Q18610883,Q3331012,shared_parties,1,parti socialiste destourien
Q18610883,Q3331032,shared_parties,1,parti socialiste destourien
Q18610883,Q3344886,shared_birth_governorate,1,sfax
Q18610883,Q3344886,shared_parties,1,parti socialiste destourien
Q18610883,Q3357601,shared_parties,1,parti socialiste destourien
Q18610883,Q3461169,shared_birth_governorate,1,sfax
Q18610883,Q3461176,shared_parties,1,parti socialiste destourien
Q18610883,Q3469690,shared_birth_governorate,1,sfax
Q18610883,Q3473691,shared_birth_governorate,1,sfax
Q18610883,Q3486512,shared_birth_governorate,1,sfax
Q18610883,Q3486677,shared_birth_governorate,1,sfax
Q18610883,Q3490439,shared_birth_governorate,1,sfax
Q18610883,Q377921,shared_parties,1,parti socialiste destourien
Q18610883,Q3951110,shared_parties,1,parti socialiste destourien
Q18610883,Q42311056,shared_birth_governorate,1,sfax
Q18610883,Q43654658,shared_birth_governorate,1,sfax
Q18610883,Q50285534,shared_parties,1,parti socialiste destourien
Q18610883,Q54875068,shared_parties,1,parti socialiste destourien
Q18610883,Q54875069,shared_parties,1,parti socialiste destourien
Q18610883,Q54875074,shared_parties,1,parti socialiste destourien
Q18610883,Q54875084,shared_parties,1,parti socialiste destourien
Q18610883,Q54875134,shared_parties,1,parti socialiste destourien
Q18610883,Q55196894,shared_parties,1,parti socialiste destourien
Q18610883,Q55381738,shared_birth_governorate,1,sfax
Q18610883,Q55392091,shared_parties,1,parti socialiste destourien
Q18610883,Q55392098,shared_parties,1,parti socialiste destourien
Q18610883,Q60573416,shared_parties,1,parti socialiste destourien
Q18610883,Q60573536,shared_parties,1,parti socialiste destourien
Q18610883,Q653162,shared_parties,1,parti socialiste destourien
Q18610883,Q668526,shared_birth_governorate,1,sfax
Q18610883,Q744499,shared_birth_governorate,1,sfax
Q18610883,Q800238,shared_parties,1,parti socialiste destourien
Q18610883,Q92316785,shared_birth_governorate,1,sfax
Q18610883,Q92354033,shared_birth_governorate,1,sfax
Q18610883,Q99539200,shared_birth_governorate,1,sfax
Q18880483,Q2821010,shared_birth_governorate,1,kasserine
Q18880483,Q3216760,shared_birth_governorate,1,kasserine
Q18880483,Q3318336,shared_birth_governorate,1,kasserine
Q18880483,Q3318652,shared_birth_governorate,1,kasserine
Q18880483,Q3344889,shared_birth_governorate,1,kasserine
Q18880483,Q49691191,shared_birth_governorate,1,kasserine
Q18880483,Q7480522,shared_birth_governorate,1,kasserine
Q1890995,Q19060319,shared_education,1,college sadiki
Q1890995,Q1951854,shared_education,1,college sadiki
Q1890995,Q20643083,shared_education,1,college sadiki
Q1890995,Q2268624,shared_education,1,college sadiki
Q1890995,Q2374730,shared_education,1,college sadiki
Q1890995,Q27179077,shared_education,1,college sadiki
Q1890995,Q282026,shared_education,1,college sadiki
Q1890995,Q2821146,shared_parties,1,mouvement des democrates socialistes
Q1890995,Q2821259,shared_education,1,college sadiki
Q1890995,Q2821259,shared_parties,1,ettakatol
Q1890995,Q2821273,shared_education,1,college sadiki
Q1890995,Q2827512,shared_education,1,college sadiki
Q1890995,Q2827624,shared_parties,1,mouvement des democrates socialistes
Q1890995,Q2836334,shared_education,1,college sadiki
Q1890995,Q2875153,shared_education,1,college sadiki
Q1890995,Q2961945,shared_education,1,college sadiki
Q1890995,Q3051875,shared_parties,1,ettakatol
Q1890995,Q3067195,shared_education,1,college sadiki
Q1890995,Q313539,shared_education,1,college sadiki
Q1890995,Q3144594,shared_education,1,college sadiki
Q1890995,Q3196042,shared_parties,1,ettakatol
Q1890995,Q3196139,shared_education,1,college sadiki
Q1890995,Q3216753,shared_education,1,college sadiki
Q1890995,Q3257623,shared_parties,1,ettakatol
Q1890995,Q3320544,shared_education,1,college sadiki
Q1890995,Q3320644,shared_education,1,college sadiki
Q1890995,Q3320650,shared_education,1,college sadiki
Q1890995,Q3328933,shared_education,1,college sadiki
Q1890995,Q3328946,shared_education,1,college sadiki
Q1890995,Q3333020,shared_parties,1,ettakatol
Q1890995,Q3344886,shared_education,1,college sadiki
Q1890995,Q3461164,shared_education,1,college sadiki
Q1890995,Q3470003,shared_education,1,college sadiki
Q1890995,Q3470003,shared_parties,1,ettakatol
Q1890995,Q3516540,shared_education,1,college sadiki
Q1890995,Q3516543,shared_education,1,college sadiki
Q1890995,Q377921,shared_education,1,college sadiki
Q1890995,Q4845531,shared_parties,1,mouvement des democrates socialistes
Q1890995,Q48757077,shared_education,1,college sadiki
Q1890995,Q495681,shared_education,1,college sadiki
Q1890995,Q496165,shared_education,1,college sadiki
Q1890995,Q507856,shared_education,1,college sadiki
Q1890995,Q586623,shared_education,1,college sadiki
Q1890995,Q643348,shared_education,1,college sadiki
Q1890995,Q800238,shared_education,1,college sadiki
Q19060284,Q29577522,shared_birth_governorate,1,tozeur
Q19060284,Q30728289,shared_birth_governorate,1,tozeur
Q19060284,Q3320454,shared_birth_governorate,1,tozeur
Q19060284,Q3483754,shared_birth_governorate,1,tozeur
Q19060284,Q517946,shared_birth_governorate,1,tozeur
Q19060286,Q19060293,shared_parties,1,التجمع الدستوري الديمقراطي
Q19060286,Q19060320,shared_parties,1,التجمع الدستوري الديمقراطي
Q19060286,Q19060337,shared_parties,1,التجمع الدستوري الديمقراطي
Q19060286,Q19060346,shared_parties,1,التجمع الدستوري الديمقراطي
Q19060286,Q19629356,shared_parties,1,التجمع الدستوري الديمقراطي
Q19060286,Q19956346,shared_parties,1,التجمع الدستوري الديمقراطي
Q19060286,Q204487,shared_parties,1,التجمع الدستوري الديمقراطي
Q19060286,Q2268624,shared_parties,1,التجمع الدستوري الديمقراطي
Q19060286,Q24690603,shared_parties,1,التجمع الدستوري الديمقراطي
Q19060286,Q2827664,shared_parties,1,التجمع الدستوري الديمقراطي
Q19060286,Q2836180,shared_parties,1,التجمع الدستوري الديمقراطي
Q19060286,Q2912277,shared_parties,1,التجمع الدستوري الديمقراطي
Q19060286,Q2929705,shared_parties,1,التجمع الدستوري الديمقراطي
Q19060286,Q29816892,shared_parties,1,التجمع الدستوري الديمقراطي
Q19060286,Q3012366,shared_parties,1,التجمع الدستوري الديمقراطي
Q19060286,Q30728289,shared_parties,1,التجمع الدستوري الديمقراطي
Q19060286,Q30728498,shared_parties,1,التجمع الدستوري الديمقراطي
Q19060286,Q313539,shared_parties,1,التجمع الدستوري الديمقراطي
Q19060286,Q3192376,shared_parties,1,التجمع الدستوري الديمقراطي
Q19060286,Q3318509,shared_parties,1,التجمع الدستوري الديمقراطي
Q19060286,Q3318622,shared_parties,1,التجمع الدستوري الديمقراطي
Q19060286,Q3320454,shared_parties,1,التجمع الدستوري الديمقراطي
Q19060286,Q3320544,shared_parties,1,التجمع الدستوري الديمقراطي
Q19060286,Q3334855,shared_parties,1,التجمع الدستوري الديمقراطي
Q19060286,Q3347261,shared_parties,1,التجمع الدستوري الديمقراطي
Q19060286,Q3417300,shared_parties,1,التجمع الدستوري الديمقراطي
Q19060286,Q3417419,shared_parties,1,التجمع الدستوري الديمقراطي
Q19060286,Q3431743,shared_parties,1,التجمع الدستوري الديمقراطي
Q19060286,Q3461164,shared_parties,1,التجمع الدستوري الديمقراطي
Q19060286,Q3461169,shared_parties,1,التجمع الدستوري الديمقراطي
Q19060286,Q3486513,shared_parties,1,التجمع الدستوري الديمقراطي
Q19060286,Q3515404,shared_parties,1,التجمع الدستوري الديمقراطي
Q19060286,Q38213221,shared_parties,1,التجمع الدستوري الديمقراطي
Q19060286,Q431515,shared_parties,1,التجمع الدستوري الديمقراطي
Q19060286,Q50285534,shared_parties,1,التجمع الدستوري الديمقراطي
Q19060286,Q54875068,shared_parties,1,التجمع الدستوري الديمقراطي
Q19060286,Q54875069,shared_parties,1,التجمع الدستوري الديمقراطي
Q19060286,Q54875086,shared_parties,1,التجمع الدستوري الديمقراطي
Q19060286,Q54875087,shared_parties,1,التجمع الدستوري الديمقراطي
Q19060286,Q54875092,shared_parties,1,التجمع الدستوري الديمقراطي
Q19060286,Q54875133,shared_parties,1,التجمع الدستوري الديمقراطي
Q19060286,Q55391329,shared_parties,1,التجمع الدستوري الديمقراطي
Q19060286,Q55392087,shared_parties,1,التجمع الدستوري الديمقراطي
Q19060286,Q55392103,shared_parties,1,التجمع الدستوري الديمقراطي
Q19060286,Q60573369,shared_parties,1,التجمع الدستوري الديمقراطي
Q19060286,Q60573379,shared_parties,1,التجمع الدستوري الديمقراطي
Q19060286,Q60573426,shared_parties,1,التجمع الدستوري الديمقراطي
Q19060286,Q60573536,shared_parties,1,التجمع الدستوري الديمقراطي
Q19060286,Q653162,shared_parties,1,التجمع الدستوري الديمقراطي
Q19060286,Q97961043,shared_parties,1,التجمع الدستوري الديمقراطي
Q19060293,Q19060320,shared_parties,1,التجمع الدستوري الديمقراطي
Q19060293,Q19060337,shared_parties,1,التجمع الدستوري الديمقراطي
Q19060293,Q19060346,shared_parties,1,التجمع الدستوري الديمقراطي
Q19060293,Q19629356,shared_parties,1,التجمع الدستوري الديمقراطي
Q19060293,Q19956225,shared_birth_governorate,1,monastir
Q19060293,Q19956346,shared_birth_governorate,1,monastir
Q19060293,Q19956346,shared_parties,1,التجمع الدستوري الديمقراطي
Q19060293,Q20412385,shared_birth_governorate,1,monastir
Q19060293,Q204487,shared_parties,1,التجمع الدستوري الديمقراطي
Q19060293,Q22211169,shared_birth_governorate,1,monastir
Q19060293,Q2268624,shared_parties,1,التجمع الدستوري الديمقراطي
Q19060293,Q24690603,shared_parties,1,التجمع الدستوري الديمقراطي
Q19060293,Q26834002,shared_birth_governorate,1,monastir
Q19060293,Q282026,shared_birth_governorate,1,monastir
Q19060293,Q2821012,shared_birth_governorate,1,monastir
Q19060293,Q2821055,shared_birth_governorate,1,monastir
Q19060293,Q2827512,shared_birth_governorate,1,monastir
Q19060293,Q2827664,shared_parties,1,التجمع الدستوري الديمقراطي
Q19060293,Q2836180,shared_parties,1,التجمع الدستوري الديمقراطي
Q19060293,Q2912277,shared_birth_governorate,1,monastir
Q19060293,Q2912277,shared_parties,1,التجمع الدستوري الديمقراطي
Q19060293,Q2929705,shared_birth_governorate,1,monastir
Q19060293,Q2929705,shared_parties,1,التجمع الدستوري الديمقراطي
Q19060293,Q2947600,shared_birth_governorate,1,monastir
Q19060293,Q29580479,shared_birth_governorate,1,monastir
Q19060293,Q29816892,shared_parties,1,التجمع الدستوري الديمقراطي
Q19060293,Q3012366,shared_parties,1,التجمع الدستوري الديمقراطي
Q19060293,Q30728289,shared_parties,1,التجمع الدستوري الديمقراطي
Q19060293,Q30728498,shared_parties,1,التجمع الدستوري الديمقراطي
Q19060293,Q308017,shared_birth_governorate,1,monastir
Q19060293,Q3125835,shared_birth_governorate,1,monastir
Q19060293,Q313539,shared_parties,1,التجمع الدستوري الديمقراطي
Q19060293,Q3141381,shared_birth_governorate,1,monastir
Q19060293,Q3144591,shared_birth_governorate,1,monastir
Q19060293,Q3192376,shared_parties,1,التجمع الدستوري الديمقراطي
Q19060293,Q3286574,shared_birth_governorate,1,monastir
Q19060293,Q3318509,shared_parties,1,التجمع الدستوري الديمقراطي
Q19060293,Q3318622,shared_parties,1,التجمع الدستوري الديمقراطي
Q19060293,Q3318702,shared_birth_governorate,1,monastir
Q19060293,Q3318797,shared_birth_governorate,1,monastir
Q19060293,Q3320454,shared_parties,1,التجمع الدستوري الديمقراطي
Q19060293,Q3320544,shared_parties,1,التجمع الدستوري الديمقراطي
Q19060293,Q3320650,shared_birth_governorate,1,monastir
Q19060293,Q3328959,shared_birth_governorate,1,monastir
Q19060293,Q3331032,shared_birth_governorate,1,monastir
Q19060293,Q3334855,shared_parties,1,التجمع الدستوري الديمقراطي
Q19060293,Q3347261,shared_birth_governorate,1,monastir
Q19060293,Q3347261,shared_parties,1,التجمع الدستوري الديمقراطي
Q19060293,Q3417300,shared_parties,1,التجمع الدستوري الديمقراطي
Q19060293,Q3417419,shared_parties,1,التجمع الدستوري الديمقراطي
Q19060293,Q3431735,shared_birth_governorate,1,monastir
Q19060293,Q3431743,shared_parties,1,التجمع الدستوري الديمقراطي
Q19060293,Q3461164,shared_parties,1,التجمع الدستوري الديمقراطي
Q19060293,Q3461169,shared_parties,1,التجمع الدستوري الديمقراطي
Q19060293,Q3486513,shared_parties,1,التجمع الدستوري الديمقراطي
Q19060293,Q3515404,shared_parties,1,التجمع الدستوري الديمقراطي
Q19060293,Q3516539,shared_birth_governorate,1,monastir
Q19060293,Q377921,shared_birth_governorate,1,monastir
Q19060293,Q38213221,shared_parties,1,التجمع الدستوري الديمقراطي
Q19060293,Q431515,shared_parties,1,التجمع الدستوري الديمقراطي
Q19060293,Q48757077,shared_birth_governorate,1,monastir
Q19060293,Q50285534,shared_parties,1,التجمع الدستوري الديمقراطي
Q19060293,Q54875068,shared_parties,1,التجمع الدستوري الديمقراطي
Q19060293,Q54875069,shared_parties,1,التجمع الدستوري الديمقراطي
Q19060293,Q54875086,shared_parties,1,التجمع الدستوري الديمقراطي
Q19060293,Q54875087,shared_parties,1,التجمع الدستوري الديمقراطي
Q19060293,Q54875092,shared_parties,1,التجمع الدستوري الديمقراطي
Q19060293,Q54875133,shared_parties,1,التجمع الدستوري الديمقراطي
Q19060293,Q55391329,shared_parties,1,التجمع الدستوري الديمقراطي
Q19060293,Q55392087,shared_parties,1,التجمع الدستوري الديمقراطي
Q19060293,Q55392103,shared_parties,1,التجمع الدستوري الديمقراطي
Q19060293,Q60573369,shared_parties,1,التجمع الدستوري الديمقراطي
Q19060293,Q60573379,shared_parties,1,التجمع الدستوري الديمقراطي
Q19060293,Q60573426,shared_parties,1,التجمع الدستوري الديمقراطي
Q19060293,Q60573536,shared_parties,1,التجمع الدستوري الديمقراطي
Q19060293,Q643348,shared_birth_governorate,1,monastir
Q19060293,Q653162,shared_parties,1,التجمع الدستوري الديمقراطي
Q19060293,Q97961043,shared_parties,1,التجمع الدستوري الديمقراطي
Q19060293,Q98828346,shared_birth_governorate,1,monastir
Q19060319,Q19248970,shared_education,1,universite de tunis
Q19060319,Q19345818,shared_education,1,universite de tunis
Q19060319,Q1951854,shared_education,2,college sadiki|المدرسه الصادقيه
Q19060319,Q19848008,shared_education,1,جامعه تونس المنار
Q19060319,Q20423358,shared_education,1,universite de tunis
Q19060319,Q20643083,shared_education,1,college sadiki
Q19060319,Q20991574,shared_education,1,جامعه تونس المنار
Q19060319,Q2268624,shared_education,2,college sadiki|المدرسه الصادقيه
Q19060319,Q2374730,shared_education,2,college sadiki|المدرسه الصادقيه
Q19060319,Q2388455,shared_education,1,جامعه السوربون
Q19060319,Q24752632,shared_education,1,universite de tunis
Q19060319,Q25453450,shared_education,1,جامعه السوربون
Q19060319,Q27179077,shared_education,1,college sadiki
Q19060319,Q27665914,shared_education,1,جامعه السوربون
Q19060319,Q27756741,shared_education,1,universite de tunis
Q19060319,Q28105062,shared_education,1,universite de tunis
Q19060319,Q282026,shared_education,1,college sadiki
Q19060319,Q2820931,shared_education,1,universite de tunis
Q19060319,Q2821037,shared_education,1,universite de tunis
Q19060319,Q2821057,shared_education,1,universite de tunis
Q19060319,Q2821146,shared_education,1,universite de tunis
Q19060319,Q2821212,shared_education,1,universite de tunis
Q19060319,Q2821259,shared_education,2,college sadiki|المدرسه الصادقيه
Q19060319,Q2821273,shared_education,2,college sadiki|universite de tunis
Q19060319,Q2821297,shared_education,1,universite de tunis
Q19060319,Q2827512,shared_education,1,college sadiki
Q19060319,Q2827529,shared_education,1,universite de tunis
Q19060319,Q2827554,shared_education,1,universite de tunis
Q19060319,Q2827624,shared_education,1,جامعه السوربون
Q19060319,Q2830956,shared_education,1,faculte de droit de paris
Q19060319,Q2836180,shared_education,1,universite de tunis
Q19060319,Q2836334,shared_education,1,college sadiki
Q19060319,Q2875109,shared_education,2,المدرسه الصادقيه|جامعه السوربون
Q19060319,Q2875153,shared_education,2,college sadiki|المدرسه الصادقيه
Q19060319,Q28869633,shared_education,1,universite de tunis
Q19060319,Q2929705,shared_education,1,universite de tunis
Q19060319,Q2961945,shared_education,2,college sadiki|المدرسه الصادقيه
Q19060319,Q3039490,shared_education,2,المدرسه الصادقيه|جامعه السوربون
Q19060319,Q3066858,shared_education,1,universite de tunis
Q19060319,Q3067195,shared_education,2,college sadiki|المدرسه الصادقيه
Q19060319,Q3125299,shared_education,1,universite de tunis
Q19060319,Q3125311,shared_education,1,universite de tunis
Q19060319,Q3125336,shared_education,1,universite de tunis
Q19060319,Q3128291,shared_education,2,universite de tunis|جامعه السوربون
Q19060319,Q313539,shared_education,2,college sadiki|المدرسه الصادقيه
Q19060319,Q3141381,shared_education,1,universite de tunis
Q19060319,Q3144594,shared_education,1,college sadiki
Q19060319,Q3196139,shared_education,1,college sadiki
Q19060319,Q3216753,shared_education,2,college sadiki|المدرسه الصادقيه
Q19060319,Q3277799,shared_education,1,المدرسه الصادقيه
Q19060319,Q3304511,shared_education,1,universite de tunis
Q19060319,Q3318311,shared_education,1,universite de tunis
Q19060319,Q3318509,shared_education,2,universite de tunis|جامعه السوربون
Q19060319,Q3318530,shared_education,1,universite de tunis
Q19060319,Q3318757,shared_education,1,universite de tunis
Q19060319,Q3318781,shared_education,1,universite de tunis
Q19060319,Q3319366,shared_education,1,universite de tunis
Q19060319,Q3320538,shared_education,1,جامعه السوربون
Q19060319,Q3320544,shared_education,2,college sadiki|المدرسه الصادقيه
Q19060319,Q3320644,shared_education,1,college sadiki
Q19060319,Q3320650,shared_education,2,college sadiki|المدرسه الصادقيه
Q19060319,Q3328933,shared_education,1,college sadiki
Q19060319,Q3328946,shared_education,3,college sadiki|المدرسه الصادقيه|جامعه السوربون
Q19060319,Q3344886,shared_education,1,college sadiki
Q19060319,Q3358533,shared_education,1,universite de tunis
Q19060319,Q3417300,shared_education,1,universite de tunis
Q19060319,Q3417419,shared_education,1,universite de tunis
Q19060319,Q3423310,shared_education,1,universite de tunis
Q19060319,Q3431743,shared_education,1,جامعه السوربون
Q19060319,Q3461164,shared_education,2,college sadiki|المدرسه الصادقيه
Q19060319,Q3461169,shared_education,1,universite de tunis
Q19060319,Q3469530,shared_education,1,جامعه السوربون
Q19060319,Q3469690,shared_education,1,universite de tunis
Q19060319,Q3470003,shared_education,1,college sadiki
Q19060319,Q3483754,shared_education,1,جامعه السوربون
Q19060319,Q3486507,shared_education,1,universite de tunis
Q19060319,Q3486512,shared_education,1,universite de tunis
Q19060319,Q3486689,shared_education,1,universite de tunis
Q19060319,Q3515404,shared_education,1,universite de tunis
Q19060319,Q3516540,shared_education,1,college sadiki
Q19060319,Q3516543,shared_education,1,college sadiki
Q19060319,Q377921,shared_education,2,college sadiki|المدرسه الصادقيه
Q19060319,Q431515,shared_education,1,universite de tunis
Q19060319,Q43654658,shared_education,1,universite de tunis
Q19060319,Q48757077,shared_education,1,college sadiki
Q19060319,Q495681,shared_education,2,college sadiki|المدرسه الصادقيه
Q19060319,Q496165,shared_education,3,college sadiki|المدرسه الصادقيه|جامعه السوربون
Q19060319,Q507856,shared_education,2,college sadiki|المدرسه الصادقيه
Q19060319,Q57699,shared_education,1,universite de tunis
Q19060319,Q586623,shared_education,1,college sadiki
Q19060319,Q61598250,shared_education,1,institut de defense nationale
Q19060319,Q643348,shared_education,3,college sadiki|المدرسه الصادقيه|جامعه السوربون
Q19060319,Q668526,shared_education,1,universite de tunis
Q19060319,Q744499,shared_education,1,جامعه السوربون
Q19060319,Q800238,shared_education,1,college sadiki
Q19060319,Q85822499,shared_education,1,universite de tunis
Q19060319,Q88485687,shared_education,1,جامعه تونس المنار
Q19060320,Q19060337,shared_parties,1,التجمع الدستوري الديمقراطي
Q19060320,Q19060346,shared_parties,1,التجمع الدستوري الديمقراطي
Q19060320,Q19629356,shared_parties,1,التجمع الدستوري الديمقراطي
Q19060320,Q19956346,shared_parties,1,التجمع الدستوري الديمقراطي
Q19060320,Q20391000,shared_birth_governorate,1,jendouba
Q19060320,Q204487,shared_parties,1,التجمع الدستوري الديمقراطي
Q19060320,Q20643083,shared_birth_governorate,1,jendouba
Q19060320,Q2268624,shared_parties,1,التجمع الدستوري الديمقراطي
Q19060320,Q24690603,shared_parties,1,التجمع الدستوري الديمقراطي
Q19060320,Q2827664,shared_parties,1,التجمع الدستوري الديمقراطي
Q19060320,Q2836180,shared_parties,1,التجمع الدستوري الديمقراطي
Q19060320,Q2912277,shared_parties,1,التجمع الدستوري الديمقراطي
Q19060320,Q2929705,shared_parties,1,التجمع الدستوري الديمقراطي
Q19060320,Q29816892,shared_parties,1,التجمع الدستوري الديمقراطي
Q19060320,Q3012366,shared_parties,1,التجمع الدستوري الديمقراطي
Q19060320,Q30728289,shared_parties,1,التجمع الدستوري الديمقراطي
Q19060320,Q30728498,shared_parties,1,التجمع الدستوري الديمقراطي
Q19060320,Q313539,shared_parties,1,التجمع الدستوري الديمقراطي
Q19060320,Q3160876,shared_birth_governorate,1,jendouba
Q19060320,Q3192376,shared_parties,1,التجمع الدستوري الديمقراطي
Q19060320,Q3318509,shared_parties,1,التجمع الدستوري الديمقراطي
Q19060320,Q3318622,shared_parties,1,التجمع الدستوري الديمقراطي
Q19060320,Q3320454,shared_parties,1,التجمع الدستوري الديمقراطي
Q19060320,Q3320544,shared_parties,1,التجمع الدستوري الديمقراطي
Q19060320,Q3334855,shared_parties,1,التجمع الدستوري الديمقراطي
Q19060320,Q3347261,shared_parties,1,التجمع الدستوري الديمقراطي
Q19060320,Q3417300,shared_parties,1,التجمع الدستوري الديمقراطي
Q19060320,Q3417419,shared_parties,1,التجمع الدستوري الديمقراطي
Q19060320,Q3431743,shared_parties,1,التجمع الدستوري الديمقراطي
Q19060320,Q3461164,shared_parties,1,التجمع الدستوري الديمقراطي
Q19060320,Q3461169,shared_parties,1,التجمع الدستوري الديمقراطي
Q19060320,Q3486513,shared_parties,1,التجمع الدستوري الديمقراطي
Q19060320,Q3515404,shared_parties,1,التجمع الدستوري الديمقراطي
Q19060320,Q38213221,shared_parties,1,التجمع الدستوري الديمقراطي
Q19060320,Q431515,shared_parties,1,التجمع الدستوري الديمقراطي
Q19060320,Q50285534,shared_parties,1,التجمع الدستوري الديمقراطي
Q19060320,Q54875068,shared_parties,1,التجمع الدستوري الديمقراطي
Q19060320,Q54875069,shared_parties,1,التجمع الدستوري الديمقراطي
Q19060320,Q54875086,shared_parties,1,التجمع الدستوري الديمقراطي
Q19060320,Q54875087,shared_parties,1,التجمع الدستوري الديمقراطي
Q19060320,Q54875092,shared_parties,1,التجمع الدستوري الديمقراطي
Q19060320,Q54875133,shared_parties,1,التجمع الدستوري الديمقراطي
Q19060320,Q55391329,shared_parties,1,التجمع الدستوري الديمقراطي
Q19060320,Q55392087,shared_parties,1,التجمع الدستوري الديمقراطي
Q19060320,Q55392103,shared_parties,1,التجمع الدستوري الديمقراطي
Q19060320,Q60573369,shared_parties,1,التجمع الدستوري الديمقراطي
Q19060320,Q60573379,shared_parties,1,التجمع الدستوري الديمقراطي
Q19060320,Q60573426,shared_parties,1,التجمع الدستوري الديمقراطي
Q19060320,Q60573536,shared_parties,1,التجمع الدستوري الديمقراطي
Q19060320,Q653162,shared_parties,1,التجمع الدستوري الديمقراطي
Q19060320,Q88485687,shared_birth_governorate,1,jendouba
Q19060320,Q97961043,shared_parties,1,التجمع الدستوري الديمقراطي
Q19060337,Q19060346,shared_parties,1,التجمع الدستوري الديمقراطي
Q19060337,Q19629356,shared_parties,1,التجمع الدستوري الديمقراطي
Q19060337,Q19956346,shared_parties,1,التجمع الدستوري الديمقراطي
Q19060337,Q204487,shared_parties,1,التجمع الدستوري الديمقراطي
Q19060337,Q2268624,shared_parties,1,التجمع الدستوري الديمقراطي
Q19060337,Q24690603,shared_parties,1,التجمع الدستوري الديمقراطي
Q19060337,Q2827664,shared_parties,1,التجمع الدستوري الديمقراطي
Q19060337,Q2836180,shared_parties,1,التجمع الدستوري الديمقراطي
Q19060337,Q2912277,shared_parties,1,التجمع الدستوري الديمقراطي
Q19060337,Q2929705,shared_parties,1,التجمع الدستوري الديمقراطي
Q19060337,Q29816892,shared_parties,1,التجمع الدستوري الديمقراطي
Q19060337,Q3012366,shared_parties,1,التجمع الدستوري الديمقراطي
Q19060337,Q30728289,shared_parties,1,التجمع الدستوري الديمقراطي
Q19060337,Q30728498,shared_parties,1,التجمع الدستوري الديمقراطي
Q19060337,Q313539,shared_parties,1,التجمع الدستوري الديمقراطي
Q19060337,Q3192376,shared_parties,1,التجمع الدستوري الديمقراطي
Q19060337,Q3318509,shared_parties,1,التجمع الدستوري الديمقراطي
Q19060337,Q3318622,shared_parties,1,التجمع الدستوري الديمقراطي
Q19060337,Q3320454,shared_parties,1,التجمع الدستوري الديمقراطي
Q19060337,Q3320544,shared_parties,1,التجمع الدستوري الديمقراطي
Q19060337,Q3334855,shared_parties,1,التجمع الدستوري الديمقراطي
Q19060337,Q3347261,shared_parties,1,التجمع الدستوري الديمقراطي
Q19060337,Q3417300,shared_parties,1,التجمع الدستوري الديمقراطي
Q19060337,Q3417419,shared_parties,1,التجمع الدستوري الديمقراطي
Q19060337,Q3431743,shared_parties,1,التجمع الدستوري الديمقراطي
Q19060337,Q3461164,shared_parties,1,التجمع الدستوري الديمقراطي
Q19060337,Q3461169,shared_parties,1,التجمع الدستوري الديمقراطي
Q19060337,Q3486513,shared_parties,1,التجمع الدستوري الديمقراطي
Q19060337,Q3515404,shared_parties,1,التجمع الدستوري الديمقراطي
Q19060337,Q38213221,shared_parties,1,التجمع الدستوري الديمقراطي
Q19060337,Q431515,shared_parties,1,التجمع الدستوري الديمقراطي
Q19060337,Q50285534,shared_parties,1,التجمع الدستوري الديمقراطي
Q19060337,Q54875068,shared_parties,1,التجمع الدستوري الديمقراطي
Q19060337,Q54875069,shared_parties,1,التجمع الدستوري الديمقراطي
Q19060337,Q54875086,shared_parties,1,التجمع الدستوري الديمقراطي
Q19060337,Q54875087,shared_parties,1,التجمع الدستوري الديمقراطي
Q19060337,Q54875092,shared_parties,1,التجمع الدستوري الديمقراطي
Q19060337,Q54875133,shared_parties,1,التجمع الدستوري الديمقراطي
Q19060337,Q55391329,shared_parties,1,التجمع الدستوري الديمقراطي
Q19060337,Q55392087,shared_parties,1,التجمع الدستوري الديمقراطي
Q19060337,Q55392103,shared_parties,1,التجمع الدستوري الديمقراطي
Q19060337,Q60573369,shared_parties,1,التجمع الدستوري الديمقراطي
Q19060337,Q60573379,shared_parties,1,التجمع الدستوري الديمقراطي
Q19060337,Q60573426,shared_parties,1,التجمع الدستوري الديمقراطي
Q19060337,Q60573536,shared_parties,1,التجمع الدستوري الديمقراطي
Q19060337,Q653162,shared_parties,1,التجمع الدستوري الديمقراطي
Q19060337,Q97961043,shared_parties,1,التجمع الدستوري الديمقراطي
Q19060346,Q19629356,shared_parties,1,التجمع الدستوري الديمقراطي
Q19060346,Q19956346,shared_parties,1,التجمع الدستوري الديمقراطي
Q19060346,Q19956395,shared_birth_governorate,1,medenine
Q19060346,Q20417790,shared_birth_governorate,1,medenine
Q19060346,Q204487,shared_parties,1,التجمع الدستوري الديمقراطي
Q19060346,Q2268624,shared_parties,1,التجمع الدستوري الديمقراطي
Q19060346,Q24690603,shared_parties,1,التجمع الدستوري الديمقراطي
Q19060346,Q27756642,shared_birth_governorate,1,medenine
Q19060346,Q281184,shared_birth_governorate,1,medenine
Q19060346,Q2824176,shared_birth_governorate,1,medenine
Q19060346,Q2827529,shared_birth_governorate,1,medenine
Q19060346,Q2827554,shared_birth_governorate,1,medenine
Q19060346,Q2827587,shared_birth_governorate,1,medenine
Q19060346,Q2827664,shared_parties,1,التجمع الدستوري الديمقراطي
Q19060346,Q2836180,shared_parties,1,التجمع الدستوري الديمقراطي
Q19060346,Q2912277,shared_parties,1,التجمع الدستوري الديمقراطي
Q19060346,Q2929679,shared_birth_governorate,1,medenine
Q19060346,Q2929705,shared_parties,1,التجمع الدستوري الديمقراطي
Q19060346,Q29577510,shared_birth_governorate,1,medenine
Q19060346,Q29816892,shared_parties,1,التجمع الدستوري الديمقراطي
Q19060346,Q3012366,shared_parties,1,التجمع الدستوري الديمقراطي
Q19060346,Q30217461,shared_birth_governorate,1,medenine
Q19060346,Q30728289,shared_parties,1,التجمع الدستوري الديمقراطي
Q19060346,Q30728498,shared_parties,1,التجمع الدستوري الديمقراطي
Q19060346,Q30729047,shared_birth_governorate,1,medenine
Q19060346,Q313539,shared_parties,1,التجمع الدستوري الديمقراطي
Q19060346,Q3192376,shared_parties,1,التجمع الدستوري الديمقراطي
Q19060346,Q3318509,shared_parties,1,التجمع الدستوري الديمقراطي
Q19060346,Q3318622,shared_parties,1,التجمع الدستوري الديمقراطي
Q19060346,Q3320454,shared_parties,1,التجمع الدستوري الديمقراطي
Q19060346,Q3320544,shared_parties,1,التجمع الدستوري الديمقراطي
Q19060346,Q3334855,shared_parties,1,التجمع الدستوري الديمقراطي
Q19060346,Q3347261,shared_parties,1,التجمع الدستوري الديمقراطي
Q19060346,Q3417300,shared_parties,1,التجمع الدستوري الديمقراطي
Q19060346,Q3417419,shared_parties,1,التجمع الدستوري الديمقراطي
Q19060346,Q3430010,shared_birth_governorate,1,medenine
Q19060346,Q3431743,shared_parties,1,التجمع الدستوري الديمقراطي
Q19060346,Q3461164,shared_birth_governorate,1,medenine
Q19060346,Q3461164,shared_parties,1,التجمع الدستوري الديمقراطي
Q19060346,Q3461169,shared_parties,1,التجمع الدستوري الديمقراطي
Q19060346,Q3469772,shared_birth_governorate,1,medenine
Q19060346,Q3470859,shared_birth_governorate,1,medenine
Q19060346,Q3486513,shared_parties,1,التجمع الدستوري الديمقراطي
Q19060346,Q3515404,shared_parties,1,التجمع الدستوري الديمقراطي
Q19060346,Q38213221,shared_parties,1,التجمع الدستوري الديمقراطي
Q19060346,Q431515,shared_parties,1,التجمع الدستوري الديمقراطي
Q19060346,Q496042,shared_birth_governorate,1,medenine
Q19060346,Q50285534,shared_parties,1,التجمع الدستوري الديمقراطي
Q19060346,Q54875067,shared_birth_governorate,1,medenine
Q19060346,Q54875068,shared_parties,1,التجمع الدستوري الديمقراطي
Q19060346,Q54875069,shared_parties,1,التجمع الدستوري الديمقراطي
Q19060346,Q54875086,shared_parties,1,التجمع الدستوري الديمقراطي
Q19060346,Q54875087,shared_parties,1,التجمع الدستوري الديمقراطي
Q19060346,Q54875092,shared_parties,1,التجمع الدستوري الديمقراطي
Q19060346,Q54875133,shared_parties,1,التجمع الدستوري الديمقراطي
Q19060346,Q55391329,shared_parties,1,التجمع الدستوري الديمقراطي
Q19060346,Q55392087,shared_parties,1,التجمع الدستوري الديمقراطي
Q19060346,Q55392103,shared_parties,1,التجمع الدستوري الديمقراطي
Q19060346,Q60573369,shared_parties,1,التجمع الدستوري الديمقراطي
Q19060346,Q60573379,shared_parties,1,التجمع الدستوري الديمقراطي
Q19060346,Q60573426,shared_parties,1,التجمع الدستوري الديمقراطي
Q19060346,Q60573536,shared_parties,1,التجمع الدستوري الديمقراطي
Q19060346,Q61598250,shared_birth_governorate,1,medenine
Q19060346,Q653162,shared_parties,1,التجمع الدستوري الديمقراطي
Q19060346,Q97961043,shared_parties,1,التجمع الدستوري الديمقراطي
Q19248970,Q19345818,shared_education,1,universite de tunis
Q19248970,Q20423358,shared_education,2,universite de tunis|جامعه تونس
Q19248970,Q24752632,shared_education,2,universite de tunis|جامعه تونس
Q19248970,Q27756741,shared_education,2,universite de tunis|جامعه تونس
Q19248970,Q28105062,shared_education,2,universite de tunis|جامعه تونس
Q19248970,Q2820931,shared_education,1,universite de tunis
Q19248970,Q2821037,shared_education,1,universite de tunis
Q19248970,Q2821057,shared_education,1,universite de tunis
Q19248970,Q2821146,shared_education,1,universite de tunis
Q19248970,Q2821212,shared_education,1,universite de tunis
Q19248970,Q2821273,shared_education,1,universite de tunis
Q19248970,Q2821297,shared_education,1,universite de tunis
Q19248970,Q2827529,shared_education,1,universite de tunis
Q19248970,Q2827554,shared_education,1,universite de tunis
Q19248970,Q2836180,shared_education,2,universite de tunis|جامعه تونس
Q19248970,Q28869633,shared_education,2,universite de tunis|جامعه تونس
Q19248970,Q2929705,shared_education,1,universite de tunis
Q19248970,Q3066858,shared_education,1,universite de tunis
Q19248970,Q3125299,shared_education,2,universite de tunis|جامعه تونس
Q19248970,Q3125311,shared_education,1,universite de tunis
Q19248970,Q3125336,shared_education,2,universite de tunis|جامعه تونس
Q19248970,Q3128291,shared_education,2,universite de tunis|جامعه تونس
Q19248970,Q3141381,shared_education,1,universite de tunis
Q19248970,Q3277799,shared_education,1,universite bourgogne-europe
Q19248970,Q3304511,shared_education,1,universite de tunis
Q19248970,Q3318311,shared_education,1,universite de tunis
Q19248970,Q3318509,shared_education,1,universite de tunis
Q19248970,Q3318530,shared_education,2,universite de tunis|جامعه تونس
Q19248970,Q3318757,shared_education,1,universite de tunis
Q19248970,Q3318781,shared_education,1,universite de tunis
Q19248970,Q3319366,shared_education,1,universite de tunis
Q19248970,Q3328959,shared_education,1,جامعه تونس
Q19248970,Q3358533,shared_education,2,universite de tunis|جامعه تونس
Q19248970,Q3417300,shared_education,1,universite de tunis
Q19248970,Q3417419,shared_education,2,universite de tunis|جامعه تونس
Q19248970,Q3423310,shared_education,1,universite de tunis
Q19248970,Q3461169,shared_education,2,universite de tunis|جامعه تونس
Q19248970,Q3469690,shared_education,1,universite de tunis
Q19248970,Q3486507,shared_education,2,universite de tunis|جامعه تونس
Q19248970,Q3486512,shared_education,1,universite de tunis
Q19248970,Q3486689,shared_education,2,universite de tunis|جامعه تونس
Q19248970,Q3515404,shared_education,1,universite de tunis
Q19248970,Q431515,shared_education,1,universite de tunis
Q19248970,Q43654658,shared_education,1,universite de tunis
Q19248970,Q57699,shared_education,2,universite de tunis|جامعه تونس
Q19248970,Q668526,shared_education,2,universite de tunis|جامعه تونس
Q19248970,Q85822499,shared_education,1,universite de tunis
Q19345818,Q19631455,shared_parties,1,nidaa tounes
Q19345818,Q19956225,shared_parties,1,nidaa tounes
Q19345818,Q20423358,shared_education,1,universite de tunis
Q19345818,Q20423358,shared_parties,1,nidaa tounes
Q19345818,Q22211169,shared_parties,1,nidaa tounes
Q19345818,Q2388455,shared_parties,1,nidaa tounes
Q19345818,Q24752632,shared_education,1,universite de tunis
Q19345818,Q25391268,shared_parties,1,nidaa tounes
Q19345818,Q26505513,shared_parties,1,nidaa tounes
Q19345818,Q27756741,shared_education,1,universite de tunis
Q19345818,Q27758476,shared_parties,1,nidaa tounes
Q19345818,Q28105062,shared_education,1,universite de tunis
Q19345818,Q2820931,shared_education,1,universite de tunis
Q19345818,Q2820999,shared_parties,1,nidaa tounes
Q19345818,Q2821037,shared_education,1,universite de tunis
Q19345818,Q2821057,shared_education,1,universite de tunis
Q19345818,Q2821146,shared_education,1,universite de tunis
Q19345818,Q2821212,shared_education,1,universite de tunis
Q19345818,Q2821273,shared_education,1,universite de tunis
Q19345818,Q2821297,shared_education,1,universite de tunis
Q19345818,Q2826117,shared_parties,1,nidaa tounes
Q19345818,Q2827529,shared_education,1,universite de tunis
Q19345818,Q2827554,shared_education,1,universite de tunis
Q19345818,Q2836180,shared_education,1,universite de tunis
Q19345818,Q28465669,shared_parties,1,nidaa tounes
Q19345818,Q28869633,shared_education,1,universite de tunis
Q19345818,Q2929705,shared_education,1,universite de tunis
Q19345818,Q29577458,shared_parties,1,nidaa tounes
Q19345818,Q29577522,shared_parties,1,nidaa tounes
Q19345818,Q29580435,shared_parties,1,nidaa tounes
Q19345818,Q29580475,shared_parties,1,nidaa tounes
Q19345818,Q29580479,shared_parties,1,nidaa tounes
Q19345818,Q30118294,shared_parties,1,nidaa tounes
Q19345818,Q3066858,shared_education,1,universite de tunis
Q19345818,Q30728498,shared_parties,1,nidaa tounes
Q19345818,Q30729169,shared_parties,1,nidaa tounes
Q19345818,Q3125299,shared_education,1,universite de tunis
Q19345818,Q3125311,shared_education,1,universite de tunis
Q19345818,Q3125311,shared_parties,1,nidaa tounes
Q19345818,Q3125336,shared_education,1,universite de tunis
Q19345818,Q3128291,shared_education,1,universite de tunis
Q19345818,Q313539,shared_parties,1,nidaa tounes
Q19345818,Q3141381,shared_education,1,universite de tunis
Q19345818,Q3141381,shared_parties,1,nidaa tounes
Q19345818,Q3196140,shared_parties,1,nidaa tounes
Q19345818,Q3220051,shared_parties,1,nidaa tounes
Q19345818,Q3304511,shared_education,1,universite de tunis
Q19345818,Q3318311,shared_education,1,universite de tunis
Q19345818,Q3318356,shared_parties,1,nidaa tounes
Q19345818,Q3318509,shared_education,1,universite de tunis
Q19345818,Q3318530,shared_education,1,universite de tunis
Q19345818,Q3318530,shared_parties,1,nidaa tounes
Q19345818,Q3318757,shared_education,1,universite de tunis
Q19345818,Q3318781,shared_education,1,universite de tunis
Q19345818,Q3319366,shared_education,1,universite de tunis
Q19345818,Q3331012,shared_parties,1,nidaa tounes
Q19345818,Q3358533,shared_education,1,universite de tunis
Q19345818,Q3417300,shared_education,1,universite de tunis
Q19345818,Q3417419,shared_education,1,universite de tunis
Q19345818,Q3417449,shared_parties,1,nidaa tounes
Q19345818,Q3423310,shared_education,1,universite de tunis
Q19345818,Q3431734,shared_parties,1,nidaa tounes
Q19345818,Q3461169,shared_education,1,universite de tunis
Q19345818,Q3469690,shared_education,1,universite de tunis
Q19345818,Q3474776,shared_parties,1,nidaa tounes
Q19345818,Q3486507,shared_education,1,universite de tunis
Q19345818,Q3486512,shared_education,1,universite de tunis
Q19345818,Q3486677,shared_parties,1,nidaa tounes
Q19345818,Q3486689,shared_education,1,universite de tunis
Q19345818,Q3515404,shared_education,1,universite de tunis
Q19345818,Q431515,shared_education,1,universite de tunis
Q19345818,Q43304124,shared_parties,1,nidaa tounes
Q19345818,Q43654658,shared_education,1,universite de tunis
Q19345818,Q517946,shared_parties,1,nidaa tounes
Q19345818,Q55381738,shared_parties,1,nidaa tounes
Q19345818,Q57699,shared_education,1,universite de tunis
Q19345818,Q60428357,shared_parties,1,nidaa tounes
Q19345818,Q668526,shared_education,1,universite de tunis
Q19345818,Q85822499,shared_education,1,universite de tunis
Q1951854,Q19848008,shared_birth_governorate,1,mahdia
Q1951854,Q20643083,shared_education,1,college sadiki
Q1951854,Q2268624,shared_education,2,college sadiki|المدرسه الصادقيه
Q1951854,Q2374730,shared_birth_governorate,1,mahdia
Q1951854,Q2374730,shared_education,2,college sadiki|المدرسه الصادقيه
Q1951854,Q26505513,shared_birth_governorate,1,mahdia
Q1951854,Q2655671,shared_parties,1,neo-destour
Q1951854,Q27179077,shared_education,1,college sadiki
Q1951854,Q282026,shared_education,1,college sadiki
Q1951854,Q2820925,shared_parties,1,neo-destour
Q1951854,Q2821127,shared_birth_governorate,1,mahdia
Q1951854,Q2821259,shared_education,2,college sadiki|المدرسه الصادقيه
Q1951854,Q2821273,shared_education,1,college sadiki
Q1951854,Q2827512,shared_education,1,college sadiki
Q1951854,Q2827512,shared_parties,1,neo-destour
Q1951854,Q2827624,shared_parties,1,neo-destour
Q1951854,Q2827627,shared_parties,1,neo-destour
Q1951854,Q2836334,shared_education,1,college sadiki
Q1951854,Q2855981,shared_parties,1,neo-destour
Q1951854,Q2875109,shared_education,1,المدرسه الصادقيه
Q1951854,Q2875153,shared_education,2,college sadiki|المدرسه الصادقيه
Q1951854,Q2929686,shared_parties,1,neo-destour
Q1951854,Q2961945,shared_education,2,college sadiki|المدرسه الصادقيه
Q1951854,Q3012366,shared_parties,1,neo-destour
Q1951854,Q3039490,shared_education,1,المدرسه الصادقيه
Q1951854,Q3039490,shared_parties,1,neo-destour
Q1951854,Q3067195,shared_education,2,college sadiki|المدرسه الصادقيه
Q1951854,Q3067195,shared_parties,1,neo-destour
Q1951854,Q3128202,shared_parties,1,neo-destour
Q1951854,Q3128235,shared_parties,1,neo-destour
Q1951854,Q313539,shared_education,2,college sadiki|المدرسه الصادقيه
Q1951854,Q3144591,shared_parties,1,neo-destour
Q1951854,Q3144594,shared_education,1,college sadiki
Q1951854,Q3160736,shared_parties,1,neo-destour
Q1951854,Q3196139,shared_education,1,college sadiki
Q1951854,Q3216753,shared_education,2,college sadiki|المدرسه الصادقيه
Q1951854,Q3216753,shared_parties,1,neo-destour
Q1951854,Q3277799,shared_education,1,المدرسه الصادقيه
Q1951854,Q3277799,shared_parties,1,neo-destour
Q1951854,Q3277819,shared_parties,1,neo-destour
Q1951854,Q3304511,shared_birth_governorate,1,mahdia
Q1951854,Q3318530,shared_birth_governorate,1,mahdia
Q1951854,Q3320424,shared_parties,1,neo-destour
Q1951854,Q3320544,shared_education,2,college sadiki|المدرسه الصادقيه
Q1951854,Q3320644,shared_education,1,college sadiki
Q1951854,Q3320650,shared_education,2,college sadiki|المدرسه الصادقيه
Q1951854,Q3328933,shared_education,1,college sadiki
Q1951854,Q3328946,shared_education,2,college sadiki|المدرسه الصادقيه
Q1951854,Q3328946,shared_parties,1,neo-destour
Q1951854,Q3331012,shared_parties,1,neo-destour
Q1951854,Q3344886,shared_education,1,college sadiki
Q1951854,Q3357601,shared_parties,1,neo-destour
Q1951854,Q3461164,shared_education,2,college sadiki|المدرسه الصادقيه
Q1951854,Q3461164,shared_parties,1,neo-destour
Q1951854,Q3470003,shared_education,1,college sadiki
Q1951854,Q3516540,shared_education,1,college sadiki
Q1951854,Q3516543,shared_education,1,college sadiki
Q1951854,Q3516543,shared_parties,1,neo-destour
Q1951854,Q3571955,shared_birth_governorate,1,mahdia
Q1951854,Q377921,shared_education,2,college sadiki|المدرسه الصادقيه
Q1951854,Q48757077,shared_education,1,college sadiki
Q1951854,Q495681,shared_education,2,college sadiki|المدرسه الصادقيه
Q1951854,Q496042,shared_parties,1,neo-destour
Q1951854,Q496165,shared_education,2,college sadiki|المدرسه الصادقيه
Q1951854,Q507856,shared_education,2,college sadiki|المدرسه الصادقيه
Q1951854,Q54875085,shared_parties,1,neo-destour
Q1951854,Q55167831,shared_parties,1,neo-destour
Q1951854,Q563204,shared_parties,1,neo-destour
Q1951854,Q586623,shared_education,1,college sadiki
Q1951854,Q60572709,shared_birth_governorate,1,mahdia
Q1951854,Q643348,shared_education,2,college sadiki|المدرسه الصادقيه
Q1951854,Q643348,shared_parties,1,neo-destour
Q1951854,Q653162,shared_birth_governorate,1,mahdia
Q1951854,Q800238,shared_education,1,college sadiki
Q19543880,Q19544932,shared_parties,2,ennahdha|حركه النهضه التونسيه
Q19543880,Q19629356,shared_birth_governorate,1,gabes
Q19543880,Q21084499,shared_parties,1,حركه النهضه التونسيه
Q19543880,Q25453450,shared_parties,2,ennahdha|حركه النهضه التونسيه
Q19543880,Q26710667,shared_birth_governorate,1,gabes
Q19543880,Q26831315,shared_parties,1,حركه النهضه التونسيه
Q19543880,Q26834002,shared_parties,2,ennahdha|حركه النهضه التونسيه
Q19543880,Q27666209,shared_parties,2,ennahdha|حركه النهضه التونسيه
Q19543880,Q281184,shared_parties,2,ennahdha|حركه النهضه التونسيه
Q19543880,Q2821119,shared_parties,1,ennahdha
Q19543880,Q2821154,shared_parties,1,ennahdha
Q19543880,Q28714939,shared_parties,2,ennahdha|حركه النهضه التونسيه
Q19543880,Q2947600,shared_parties,1,ennahdha
Q19543880,Q29577510,shared_parties,2,ennahdha|حركه النهضه التونسيه
Q19543880,Q2972023,shared_birth_governorate,1,gabes
Q19543880,Q30217461,shared_parties,2,ennahdha|حركه النهضه التونسيه
Q19543880,Q3160736,shared_birth_governorate,1,gabes
Q19543880,Q3160876,shared_parties,2,ennahdha|حركه النهضه التونسيه
Q19543880,Q3216753,shared_birth_governorate,1,gabes
Q19543880,Q3318356,shared_birth_governorate,1,gabes
Q19543880,Q3318419,shared_parties,2,ennahdha|حركه النهضه التونسيه
Q19543880,Q3318652,shared_parties,2,ennahdha|حركه النهضه التونسيه
Q19543880,Q3318800,shared_parties,2,ennahdha|حركه النهضه التونسيه
Q19543880,Q3320435,shared_parties,2,ennahdha|حركه النهضه التونسيه
Q19543880,Q3320655,shared_birth_governorate,1,gabes
Q19543880,Q3358533,shared_birth_governorate,1,gabes
Q19543880,Q3417420,shared_birth_governorate,1,gabes
Q19543880,Q3417420,shared_parties,2,ennahdha|حركه النهضه التونسيه
Q19543880,Q3430010,shared_parties,2,ennahdha|حركه النهضه التونسيه
Q19543880,Q3431745,shared_birth_governorate,1,gabes
Q19543880,Q3431747,shared_parties,2,ennahdha|حركه النهضه التونسيه
Q19543880,Q3470837,shared_parties,2,ennahdha|حركه النهضه التونسيه
Q19543880,Q3486675,shared_parties,2,ennahdha|حركه النهضه التونسيه
Q19543880,Q54875069,shared_birth_governorate,1,gabes
Q19543880,Q55999324,shared_parties,2,ennahdha|حركه النهضه التونسيه
Q19543880,Q57699,shared_parties,2,ennahdha|حركه النهضه التونسيه
Q19543880,Q668526,shared_parties,2,ennahdha|حركه النهضه التونسيه
Q19543880,Q86734094,shared_parties,2,ennahdha|حركه النهضه التونسيه
Q19543880,Q92199953,shared_birth_governorate,1,gabes
Q19543880,Q92316785,shared_parties,1,حركه النهضه التونسيه
Q19543880,Q92332624,shared_parties,1,ennahdha
Q19544121,Q19951841,shared_parties,1,union patriotique libre
Q19544121,Q22210502,shared_birth_governorate,1,bizerte
Q19544121,Q22210502,shared_parties,1,union patriotique libre
Q19544121,Q23017371,shared_birth_governorate,1,bizerte
Q19544121,Q24951001,shared_parties,1,union patriotique libre
Q19544121,Q30729169,shared_birth_governorate,1,bizerte
Q19544121,Q3128202,shared_birth_governorate,1,bizerte
Q19544121,Q3328917,shared_birth_governorate,1,bizerte
Q19544121,Q3417300,shared_birth_governorate,1,bizerte
Q19544121,Q3431747,shared_birth_governorate,1,bizerte
Q19544121,Q60573013,shared_birth_governorate,1,bizerte
Q19544690,Q21996842,shared_education,1,ecole nationale d'administration
Q19544690,Q2820931,shared_education,1,ecole nationale d'administration
Q19544690,Q2821210,shared_education,1,ecole nationale d'administration
Q19544690,Q28869633,shared_education,1,ecole nationale d'administration
Q19544690,Q3079840,shared_education,1,ecole nationale d'administration
Q19544690,Q3431743,shared_education,1,ecole nationale d'administration
Q19544690,Q60573413,shared_education,1,ecole nationale d'administration
Q19544690,Q61598250,shared_education,1,ecole nationale d'administration
Q19544690,Q65130650,shared_education,1,ecole nationale d'administration
Q19544690,Q744499,shared_education,1,ecole nationale d'administration
Q19544690,Q88485687,shared_education,1,ecole nationale d'administration
Q19544690,Q89996191,shared_education,1,ecole nationale d'administration
Q19544690,Q91626084,shared_education,1,ecole nationale d'administration
Q19544932,Q19848008,shared_education,1,universite de tunis - el manar
Q19544932,Q204487,shared_birth_governorate,1,sousse
Q19544932,Q21084499,shared_parties,1,حركه النهضه التونسيه
Q19544932,Q21511555,shared_education,1,universite de tunis - el manar
Q19544932,Q25453450,shared_parties,2,ennahdha|حركه النهضه التونسيه
Q19544932,Q2655671,shared_birth_governorate,1,sousse
Q19544932,Q26831315,shared_parties,1,حركه النهضه التونسيه
Q19544932,Q26834002,shared_parties,2,ennahdha|حركه النهضه التونسيه
Q19544932,Q27666209,shared_parties,2,ennahdha|حركه النهضه التونسيه
Q19544932,Q281184,shared_parties,2,ennahdha|حركه النهضه التونسيه
Q19544932,Q2820997,shared_birth_governorate,1,sousse
Q19544932,Q2821037,shared_birth_governorate,1,sousse
Q19544932,Q2821119,shared_parties,1,ennahdha
Q19544932,Q2821154,shared_parties,1,ennahdha
Q19544932,Q2821297,shared_birth_governorate,1,sousse
Q19544932,Q2821308,shared_birth_governorate,1,sousse
Q19544932,Q2827627,shared_birth_governorate,1,sousse
Q19544932,Q28465669,shared_birth_governorate,1,sousse
Q19544932,Q28465669,shared_education,1,universite de tunis - el manar
Q19544932,Q28502176,shared_birth_governorate,1,sousse
Q19544932,Q28714939,shared_parties,2,ennahdha|حركه النهضه التونسيه
Q19544932,Q2947600,shared_parties,1,ennahdha
Q19544932,Q29577510,shared_parties,2,ennahdha|حركه النهضه التونسيه
Q19544932,Q30118294,shared_birth_governorate,1,sousse
Q19544932,Q30217461,shared_parties,2,ennahdha|حركه النهضه التونسيه
Q19544932,Q3125288,shared_birth_governorate,1,sousse
Q19544932,Q3125311,shared_birth_governorate,1,sousse
Q19544932,Q3160876,shared_parties,2,ennahdha|حركه النهضه التونسيه
Q19544932,Q3318297,shared_education,1,universite de tunis - el manar
Q19544932,Q3318336,shared_education,1,universite de tunis - el manar
Q19544932,Q3318419,shared_parties,2,ennahdha|حركه النهضه التونسيه
Q19544932,Q3318622,shared_birth_governorate,1,sousse
Q19544932,Q3318652,shared_parties,2,ennahdha|حركه النهضه التونسيه
Q19544932,Q3318800,shared_parties,2,ennahdha|حركه النهضه التونسيه
Q19544932,Q3320435,shared_parties,2,ennahdha|حركه النهضه التونسيه
Q19544932,Q3333020,shared_education,1,universite de tunis - el manar
Q19544932,Q3417420,shared_parties,2,ennahdha|حركه النهضه التونسيه
Q19544932,Q3430010,shared_parties,2,ennahdha|حركه النهضه التونسيه
Q19544932,Q3431743,shared_birth_governorate,1,sousse
Q19544932,Q3431747,shared_parties,2,ennahdha|حركه النهضه التونسيه
Q19544932,Q3470837,shared_parties,2,ennahdha|حركه النهضه التونسيه
Q19544932,Q3486675,shared_parties,2,ennahdha|حركه النهضه التونسيه
Q19544932,Q3490439,shared_education,1,universite de tunis - el manar
Q19544932,Q431515,shared_birth_governorate,1,sousse
Q19544932,Q50099224,shared_birth_governorate,1,sousse
Q19544932,Q50285534,shared_birth_governorate,1,sousse
Q19544932,Q54875084,shared_birth_governorate,1,sousse
Q19544932,Q55999324,shared_parties,2,ennahdha|حركه النهضه التونسيه
Q19544932,Q56309568,shared_education,1,universite de tunis - el manar
Q19544932,Q57699,shared_birth_governorate,1,sousse
Q19544932,Q57699,shared_parties,2,ennahdha|حركه النهضه التونسيه
Q19544932,Q60576591,shared_birth_governorate,1,sousse
Q19544932,Q668526,shared_parties,2,ennahdha|حركه النهضه التونسيه
Q19544932,Q86734094,shared_parties,2,ennahdha|حركه النهضه التونسيه
Q19544932,Q88467296,shared_birth_governorate,1,sousse
Q19544932,Q92316785,shared_parties,1,حركه النهضه التونسيه
Q19544932,Q92332624,shared_parties,1,ennahdha
Q19629356,Q19956346,shared_parties,1,التجمع الدستوري الديمقراطي
Q19629356,Q204487,shared_parties,1,التجمع الدستوري الديمقراطي
Q19629356,Q2268624,shared_parties,1,التجمع الدستوري الديمقراطي
Q19629356,Q24690603,shared_parties,1,التجمع الدستوري الديمقراطي
Q19629356,Q26710667,shared_birth_governorate,1,gabes
Q19629356,Q2827664,shared_parties,1,التجمع الدستوري الديمقراطي
Q19629356,Q2836180,shared_parties,1,التجمع الدستوري الديمقراطي
Q19629356,Q2912277,shared_parties,1,التجمع الدستوري الديمقراطي
Q19629356,Q2929705,shared_parties,1,التجمع الدستوري الديمقراطي
Q19629356,Q2972023,shared_birth_governorate,1,gabes
Q19629356,Q29816892,shared_parties,1,التجمع الدستوري الديمقراطي
Q19629356,Q3012366,shared_parties,1,التجمع الدستوري الديمقراطي
Q19629356,Q30728289,shared_parties,1,التجمع الدستوري الديمقراطي
Q19629356,Q30728498,shared_parties,1,التجمع الدستوري الديمقراطي
Q19629356,Q313539,shared_parties,1,التجمع الدستوري الديمقراطي
Q19629356,Q3160736,shared_birth_governorate,1,gabes
Q19629356,Q3192376,shared_parties,1,التجمع الدستوري الديمقراطي
Q19629356,Q3216753,shared_birth_governorate,1,gabes
Q19629356,Q3318356,shared_birth_governorate,1,gabes
Q19629356,Q3318509,shared_parties,1,التجمع الدستوري الديمقراطي
Q19629356,Q3318622,shared_parties,1,التجمع الدستوري الديمقراطي
Q19629356,Q3320454,shared_parties,1,التجمع الدستوري الديمقراطي
Q19629356,Q3320544,shared_parties,1,التجمع الدستوري الديمقراطي
Q19629356,Q3320655,shared_birth_governorate,1,gabes
Q19629356,Q3334855,shared_parties,1,التجمع الدستوري الديمقراطي
Q19629356,Q3347261,shared_parties,1,التجمع الدستوري الديمقراطي
Q19629356,Q3358533,shared_birth_governorate,1,gabes
Q19629356,Q3417300,shared_parties,1,التجمع الدستوري الديمقراطي
Q19629356,Q3417419,shared_parties,1,التجمع الدستوري الديمقراطي
Q19629356,Q3417420,shared_birth_governorate,1,gabes
Q19629356,Q3431743,shared_parties,1,التجمع الدستوري الديمقراطي
Q19629356,Q3431745,shared_birth_governorate,1,gabes
Q19629356,Q3461164,shared_parties,1,التجمع الدستوري الديمقراطي
Q19629356,Q3461169,shared_parties,1,التجمع الدستوري الديمقراطي
Q19629356,Q3486513,shared_parties,1,التجمع الدستوري الديمقراطي
Q19629356,Q3515404,shared_parties,1,التجمع الدستوري الديمقراطي
Q19629356,Q38213221,shared_parties,1,التجمع الدستوري الديمقراطي
Q19629356,Q431515,shared_parties,1,التجمع الدستوري الديمقراطي
Q19629356,Q50285534,shared_parties,1,التجمع الدستوري الديمقراطي
Q19629356,Q54875068,shared_parties,1,التجمع الدستوري الديمقراطي
Q19629356,Q54875069,shared_birth_governorate,1,gabes
Q19629356,Q54875069,shared_parties,1,التجمع الدستوري الديمقراطي
Q19629356,Q54875086,shared_parties,1,التجمع الدستوري الديمقراطي
Q19629356,Q54875087,shared_parties,1,التجمع الدستوري الديمقراطي
Q19629356,Q54875092,shared_parties,1,التجمع الدستوري الديمقراطي
Q19629356,Q54875133,shared_parties,1,التجمع الدستوري الديمقراطي
Q19629356,Q55391329,shared_parties,1,التجمع الدستوري الديمقراطي
Q19629356,Q55392087,shared_parties,1,التجمع الدستوري الديمقراطي
Q19629356,Q55392103,shared_parties,1,التجمع الدستوري الديمقراطي
Q19629356,Q60573369,shared_parties,1,التجمع الدستوري الديمقراطي
Q19629356,Q60573379,shared_parties,1,التجمع الدستوري الديمقراطي
Q19629356,Q60573426,shared_parties,1,التجمع الدستوري الديمقراطي
Q19629356,Q60573536,shared_parties,1,التجمع الدستوري الديمقراطي
Q19629356,Q653162,shared_parties,1,التجمع الدستوري الديمقراطي
Q19629356,Q92199953,shared_birth_governorate,1,gabes
Q19629356,Q97961043,shared_parties,1,التجمع الدستوري الديمقراطي
Q19631455,Q19956225,shared_parties,1,nidaa tounes
Q19631455,Q20423358,shared_parties,1,nidaa tounes
Q19631455,Q22211169,shared_parties,1,nidaa tounes
Q19631455,Q2388455,shared_parties,1,nidaa tounes
Q19631455,Q25391268,shared_parties,1,nidaa tounes
Q19631455,Q26505513,shared_parties,1,nidaa tounes
Q19631455,Q27758476,shared_parties,1,nidaa tounes
Q19631455,Q2820999,shared_parties,1,nidaa tounes
Q19631455,Q2826117,shared_parties,1,nidaa tounes
Q19631455,Q28465669,shared_parties,1,nidaa tounes
Q19631455,Q29577458,shared_parties,1,nidaa tounes
Q19631455,Q29577522,shared_parties,1,nidaa tounes
Q19631455,Q29580435,shared_parties,1,nidaa tounes
Q19631455,Q29580475,shared_parties,1,nidaa tounes
Q19631455,Q29580479,shared_parties,1,nidaa tounes
Q19631455,Q30118294,shared_parties,1,nidaa tounes
Q19631455,Q30728498,shared_parties,1,nidaa tounes
Q19631455,Q30729169,shared_parties,1,nidaa tounes
Q19631455,Q3125311,shared_parties,1,nidaa tounes
Q19631455,Q313539,shared_parties,1,nidaa tounes
Q19631455,Q3141381,shared_parties,1,nidaa tounes
Q19631455,Q3196140,shared_parties,1,nidaa tounes
Q19631455,Q3220051,shared_parties,1,nidaa tounes
Q19631455,Q3318356,shared_parties,1,nidaa tounes
Q19631455,Q3318419,shared_birth_governorate,1,zaghouan
Q19631455,Q3318530,shared_parties,1,nidaa tounes
Q19631455,Q3331012,shared_parties,1,nidaa tounes
Q19631455,Q3417449,shared_parties,1,nidaa tounes
Q19631455,Q3431734,shared_parties,1,nidaa tounes
Q19631455,Q3474776,shared_parties,1,nidaa tounes
Q19631455,Q3486677,shared_parties,1,nidaa tounes
Q19631455,Q43304124,shared_parties,1,nidaa tounes
Q19631455,Q517946,shared_parties,1,nidaa tounes
Q19631455,Q55381738,shared_parties,1,nidaa tounes
Q19631455,Q60428357,shared_parties,1,nidaa tounes
Q19848008,Q20991574,shared_education,2,ecole nationale d'ingenieurs de tunis|جامعه تونس المنار
Q19848008,Q21511555,shared_education,1,universite de tunis - el manar
Q19848008,Q2374730,shared_birth_governorate,1,mahdia
Q19848008,Q26505513,shared_birth_governorate,1,mahdia
Q19848008,Q26831315,shared_education,1,universite paris-descartes
Q19848008,Q2821119,shared_education,1,ecole nationale d'ingenieurs de tunis
Q19848008,Q2821127,shared_birth_governorate,1,mahdia
Q19848008,Q28465669,shared_education,1,universite de tunis - el manar
Q19848008,Q28502176,shared_education,1,universite paris-descartes
Q19848008,Q3304511,shared_birth_governorate,1,mahdia
Q19848008,Q3318297,shared_education,1,universite de tunis - el manar
Q19848008,Q3318336,shared_education,1,universite de tunis - el manar
Q19848008,Q3318530,shared_birth_governorate,1,mahdia
Q19848008,Q3318774,shared_education,1,ecole nationale d'ingenieurs de tunis
Q19848008,Q3333020,shared_education,1,universite de tunis - el manar
Q19848008,Q3469772,shared_education,1,universite paris-descartes
Q19848008,Q3473691,shared_education,1,universite paris-descartes
Q19848008,Q3486513,shared_education,1,ecole nationale d'ingenieurs de tunis
Q19848008,Q3490439,shared_education,1,universite de tunis - el manar
Q19848008,Q3571955,shared_birth_governorate,1,mahdia
Q19848008,Q51173119,shared_education,1,ecole nationale d'ingenieurs de tunis
Q19848008,Q56309568,shared_education,1,universite de tunis - el manar
Q19848008,Q60572709,shared_birth_governorate,1,mahdia
Q19848008,Q653162,shared_birth_governorate,1,mahdia
Q19848008,Q88485687,shared_education,1,جامعه تونس المنار
Q19951841,Q20047058,shared_birth_governorate,1,sfax
Q19951841,Q22210502,shared_parties,1,union patriotique libre
Q19951841,Q24690603,shared_birth_governorate,1,sfax
Q19951841,Q24951001,shared_parties,1,union patriotique libre
Q19951841,Q27758476,shared_birth_governorate,1,sfax
Q19951841,Q2820931,shared_birth_governorate,1,sfax
Q19951841,Q2821057,shared_birth_governorate,1,sfax
Q19951841,Q2821210,shared_birth_governorate,1,sfax
Q19951841,Q2821212,shared_birth_governorate,1,sfax
Q19951841,Q2821280,shared_birth_governorate,1,sfax
Q19951841,Q28653580,shared_birth_governorate,1,sfax
Q19951841,Q3318475,shared_birth_governorate,1,sfax
Q19951841,Q3320435,shared_birth_governorate,1,sfax
Q19951841,Q3331012,shared_birth_governorate,1,sfax
Q19951841,Q3344886,shared_birth_governorate,1,sfax
Q19951841,Q3461169,shared_birth_governorate,1,sfax
Q19951841,Q3469690,shared_birth_governorate,1,sfax
Q19951841,Q3473691,shared_birth_governorate,1,sfax
Q19951841,Q3486512,shared_birth_governorate,1,sfax
Q19951841,Q3486677,shared_birth_governorate,1,sfax
Q19951841,Q3490439,shared_birth_governorate,1,sfax
Q19951841,Q42311056,shared_birth_governorate,1,sfax
Q19951841,Q43654658,shared_birth_governorate,1,sfax
Q19951841,Q55381738,shared_birth_governorate,1,sfax
Q19951841,Q668526,shared_birth_governorate,1,sfax
Q19951841,Q744499,shared_birth_governorate,1,sfax
Q19951841,Q92316785,shared_birth_governorate,1,sfax
Q19951841,Q92354033,shared_birth_governorate,1,sfax
Q19951841,Q99539200,shared_birth_governorate,1,sfax
Q19955807,Q20412385,shared_parties,1,afek tounes
Q19955807,Q21996842,shared_birth_governorate,1,nabeul
Q19955807,Q22344522,shared_birth_governorate,1,nabeul
Q19955807,Q22344522,shared_education,1,universite pierre-et-marie-curie
Q19955807,Q27666209,shared_birth_governorate,1,nabeul
Q19955807,Q2821146,shared_birth_governorate,1,nabeul
Q19955807,Q2827554,shared_education,1,universite pierre-et-marie-curie
Q19955807,Q28653580,shared_parties,1,afek tounes
Q19955807,Q28654181,shared_birth_governorate,1,nabeul
Q19955807,Q29440996,shared_birth_governorate,1,nabeul
Q19955807,Q3012366,shared_birth_governorate,1,nabeul
Q19955807,Q30729046,shared_birth_governorate,1,nabeul
Q19955807,Q30729066,shared_education,1,universite pierre-et-marie-curie
Q19955807,Q30729169,shared_parties,1,afek tounes
Q19955807,Q3079840,shared_birth_governorate,1,nabeul
Q19955807,Q3217980,shared_birth_governorate,1,nabeul
Q19955807,Q3318311,shared_birth_governorate,1,nabeul
Q19955807,Q3318375,shared_birth_governorate,1,nabeul
Q19955807,Q3318731,shared_birth_governorate,1,nabeul
Q19955807,Q3318774,shared_birth_governorate,1,nabeul
Q19955807,Q3318800,shared_birth_governorate,1,nabeul
Q19955807,Q3320424,shared_birth_governorate,1,nabeul
Q19955807,Q3320644,shared_birth_governorate,1,nabeul
Q19955807,Q3470859,shared_parties,1,afek tounes
Q19955807,Q3571955,shared_parties,1,afek tounes
Q19955807,Q496165,shared_birth_governorate,1,nabeul
Q19955807,Q49691191,shared_parties,1,afek tounes
Q19955807,Q54875067,shared_parties,1,afek tounes
Q19955807,Q54875074,shared_birth_governorate,1,nabeul
Q19955807,Q65130650,shared_birth_governorate,1,nabeul
Q19955807,Q92332624,shared_birth_governorate,1,nabeul
Q19955807,Q98828362,shared_parties,1,afek tounes
Q19956120,Q27179077,shared_birth_governorate,1,le kef
Q19956120,Q2821154,shared_birth_governorate,1,le kef
Q19956120,Q2821241,shared_birth_governorate,1,le kef
Q19956120,Q980071,shared_birth_governorate,1,le kef
Q19956225,Q19956346,shared_birth_governorate,1,monastir
Q19956225,Q20412385,shared_birth_governorate,1,monastir
Q19956225,Q20423358,shared_parties,1,nidaa tounes
Q19956225,Q22211169,shared_birth_governorate,1,monastir
Q19956225,Q22211169,shared_parties,1,nidaa tounes
Q19956225,Q2388455,shared_parties,1,nidaa tounes
Q19956225,Q25391268,shared_parties,1,nidaa tounes
Q19956225,Q26505513,shared_parties,1,nidaa tounes
Q19956225,Q26834002,shared_birth_governorate,1,monastir
Q19956225,Q27758476,shared_parties,1,nidaa tounes
Q19956225,Q282026,shared_birth_governorate,1,monastir
Q19956225,Q2820999,shared_parties,1,nidaa tounes
Q19956225,Q2821012,shared_birth_governorate,1,monastir
Q19956225,Q2821055,shared_birth_governorate,1,monastir
Q19956225,Q2826117,shared_parties,1,nidaa tounes
Q19956225,Q2827512,shared_birth_governorate,1,monastir
Q19956225,Q28465669,shared_parties,1,nidaa tounes
Q19956225,Q2912277,shared_birth_governorate,1,monastir
Q19956225,Q2929705,shared_birth_governorate,1,monastir
Q19956225,Q2947600,shared_birth_governorate,1,monastir
Q19956225,Q29577458,shared_parties,1,nidaa tounes
Q19956225,Q29577522,shared_parties,1,nidaa tounes
Q19956225,Q29580435,shared_parties,1,nidaa tounes
Q19956225,Q29580475,shared_parties,1,nidaa tounes
Q19956225,Q29580479,shared_birth_governorate,1,monastir
Q19956225,Q29580479,shared_parties,1,nidaa tounes
Q19956225,Q30118294,shared_parties,1,nidaa tounes
Q19956225,Q30728498,shared_parties,1,nidaa tounes
Q19956225,Q30729169,shared_parties,1,nidaa tounes
Q19956225,Q308017,shared_birth_governorate,1,monastir
Q19956225,Q3125311,shared_parties,1,nidaa tounes
Q19956225,Q3125835,shared_birth_governorate,1,monastir
Q19956225,Q313539,shared_parties,1,nidaa tounes
Q19956225,Q3141381,shared_birth_governorate,1,monastir
Q19956225,Q3141381,shared_parties,1,nidaa tounes
Q19956225,Q3144591,shared_birth_governorate,1,monastir
Q19956225,Q3196140,shared_parties,1,nidaa tounes
Q19956225,Q3220051,shared_parties,1,nidaa tounes
Q19956225,Q3286574,shared_birth_governorate,1,monastir
Q19956225,Q3318356,shared_parties,1,nidaa tounes
Q19956225,Q3318530,shared_parties,1,nidaa tounes
Q19956225,Q3318702,shared_birth_governorate,1,monastir
Q19956225,Q3318797,shared_birth_governorate,1,monastir
Q19956225,Q3320650,shared_birth_governorate,1,monastir
Q19956225,Q3328959,shared_birth_governorate,1,monastir
Q19956225,Q3331012,shared_parties,1,nidaa tounes
Q19956225,Q3331032,shared_birth_governorate,1,monastir
Q19956225,Q3347261,shared_birth_governorate,1,monastir
Q19956225,Q3417449,shared_parties,1,nidaa tounes
Q19956225,Q3431734,shared_parties,1,nidaa tounes
Q19956225,Q3431735,shared_birth_governorate,1,monastir
Q19956225,Q3474776,shared_parties,1,nidaa tounes
Q19956225,Q3486677,shared_parties,1,nidaa tounes
Q19956225,Q3516539,shared_birth_governorate,1,monastir
Q19956225,Q377921,shared_birth_governorate,1,monastir
Q19956225,Q43304124,shared_parties,1,nidaa tounes
Q19956225,Q48757077,shared_birth_governorate,1,monastir
Q19956225,Q517946,shared_parties,1,nidaa tounes
Q19956225,Q55381738,shared_parties,1,nidaa tounes
Q19956225,Q60428357,shared_parties,1,nidaa tounes
Q19956225,Q643348,shared_birth_governorate,1,monastir
Q19956225,Q98828346,shared_birth_governorate,1,monastir
Q19956346,Q20412385,shared_birth_governorate,1,monastir
Q19956346,Q204487,shared_parties,1,التجمع الدستوري الديمقراطي
Q19956346,Q22211169,shared_birth_governorate,1,monastir
Q19956346,Q2268624,shared_parties,1,التجمع الدستوري الديمقراطي
Q19956346,Q24690603,shared_parties,1,التجمع الدستوري الديمقراطي
Q19956346,Q26834002,shared_birth_governorate,1,monastir
Q19956346,Q282026,shared_birth_governorate,1,monastir
Q19956346,Q2821012,shared_birth_governorate,1,monastir
Q19956346,Q2821055,shared_birth_governorate,1,monastir
Q19956346,Q2827512,shared_birth_governorate,1,monastir
Q19956346,Q2827664,shared_parties,1,التجمع الدستوري الديمقراطي
Q19956346,Q2836180,shared_parties,1,التجمع الدستوري الديمقراطي
Q19956346,Q2912277,shared_birth_governorate,1,monastir
Q19956346,Q2912277,shared_parties,1,التجمع الدستوري الديمقراطي
Q19956346,Q2929705,shared_birth_governorate,1,monastir
Q19956346,Q2929705,shared_parties,1,التجمع الدستوري الديمقراطي
Q19956346,Q2947600,shared_birth_governorate,1,monastir
Q19956346,Q29580479,shared_birth_governorate,1,monastir
Q19956346,Q29816892,shared_parties,1,التجمع الدستوري الديمقراطي
Q19956346,Q3012366,shared_parties,1,التجمع الدستوري الديمقراطي
Q19956346,Q30728289,shared_parties,1,التجمع الدستوري الديمقراطي
Q19956346,Q30728498,shared_parties,1,التجمع الدستوري الديمقراطي
Q19956346,Q308017,shared_birth_governorate,1,monastir
Q19956346,Q3125835,shared_birth_governorate,1,monastir
Q19956346,Q313539,shared_parties,1,التجمع الدستوري الديمقراطي
Q19956346,Q3141381,shared_birth_governorate,1,monastir
Q19956346,Q3144591,shared_birth_governorate,1,monastir
Q19956346,Q3192376,shared_parties,1,التجمع الدستوري الديمقراطي
Q19956346,Q3286574,shared_birth_governorate,1,monastir
Q19956346,Q3318509,shared_parties,1,التجمع الدستوري الديمقراطي
Q19956346,Q3318622,shared_parties,1,التجمع الدستوري الديمقراطي
Q19956346,Q3318702,shared_birth_governorate,1,monastir
Q19956346,Q3318797,shared_birth_governorate,1,monastir
Q19956346,Q3320454,shared_parties,1,التجمع الدستوري الديمقراطي
Q19956346,Q3320544,shared_parties,1,التجمع الدستوري الديمقراطي
Q19956346,Q3320650,shared_birth_governorate,1,monastir
Q19956346,Q3328959,shared_birth_governorate,1,monastir
Q19956346,Q3331032,shared_birth_governorate,1,monastir
Q19956346,Q3334855,shared_parties,1,التجمع الدستوري الديمقراطي
Q19956346,Q3347261,shared_birth_governorate,1,monastir
Q19956346,Q3347261,shared_parties,1,التجمع الدستوري الديمقراطي
Q19956346,Q3417300,shared_parties,1,التجمع الدستوري الديمقراطي
Q19956346,Q3417419,shared_parties,1,التجمع الدستوري الديمقراطي
Q19956346,Q3431735,shared_birth_governorate,1,monastir
Q19956346,Q3431743,shared_parties,1,التجمع الدستوري الديمقراطي
Q19956346,Q3461164,shared_parties,1,التجمع الدستوري الديمقراطي
Q19956346,Q3461169,shared_parties,1,التجمع الدستوري الديمقراطي
Q19956346,Q3486513,shared_parties,1,التجمع الدستوري الديمقراطي
Q19956346,Q3515404,shared_parties,1,التجمع الدستوري الديمقراطي
Q19956346,Q3516539,shared_birth_governorate,1,monastir
Q19956346,Q377921,shared_birth_governorate,1,monastir
Q19956346,Q38213221,shared_parties,1,التجمع الدستوري الديمقراطي
Q19956346,Q431515,shared_parties,1,التجمع الدستوري الديمقراطي
Q19956346,Q48757077,shared_birth_governorate,1,monastir
Q19956346,Q50285534,shared_parties,1,التجمع الدستوري الديمقراطي
Q19956346,Q54875068,shared_parties,1,التجمع الدستوري الديمقراطي
Q19956346,Q54875069,shared_parties,1,التجمع الدستوري الديمقراطي
Q19956346,Q54875086,shared_parties,1,التجمع الدستوري الديمقراطي
Q19956346,Q54875087,shared_parties,1,التجمع الدستوري الديمقراطي
Q19956346,Q54875092,shared_parties,1,التجمع الدستوري الديمقراطي
Q19956346,Q54875133,shared_parties,1,التجمع الدستوري الديمقراطي
Q19956346,Q55391329,shared_parties,1,التجمع الدستوري الديمقراطي
Q19956346,Q55392087,shared_parties,1,التجمع الدستوري الديمقراطي
Q19956346,Q55392103,shared_parties,1,التجمع الدستوري الديمقراطي
Q19956346,Q60573369,shared_parties,1,التجمع الدستوري الديمقراطي
Q19956346,Q60573379,shared_parties,1,التجمع الدستوري الديمقراطي
Q19956346,Q60573426,shared_parties,1,التجمع الدستوري الديمقراطي
Q19956346,Q60573536,shared_parties,1,التجمع الدستوري الديمقراطي
Q19956346,Q643348,shared_birth_governorate,1,monastir
Q19956346,Q653162,shared_parties,1,التجمع الدستوري الديمقراطي
Q19956346,Q97961043,shared_parties,1,التجمع الدستوري الديمقراطي
Q19956346,Q98828346,shared_birth_governorate,1,monastir
Q19956395,Q20417790,shared_birth_governorate,1,medenine
Q19956395,Q27756642,shared_birth_governorate,1,medenine
Q19956395,Q281184,shared_birth_governorate,1,medenine
Q19956395,Q2824176,shared_birth_governorate,1,medenine
Q19956395,Q2827529,shared_birth_governorate,1,medenine
Q19956395,Q2827554,shared_birth_governorate,1,medenine
Q19956395,Q2827587,shared_birth_governorate,1,medenine
Q19956395,Q2929679,shared_birth_governorate,1,medenine
Q19956395,Q29577510,shared_birth_governorate,1,medenine
Q19956395,Q30217461,shared_birth_governorate,1,medenine
Q19956395,Q30729047,shared_birth_governorate,1,medenine
Q19956395,Q3430010,shared_birth_governorate,1,medenine
Q19956395,Q3461164,shared_birth_governorate,1,medenine
Q19956395,Q3469772,shared_birth_governorate,1,medenine
Q19956395,Q3470859,shared_birth_governorate,1,medenine
Q19956395,Q496042,shared_birth_governorate,1,medenine
Q19956395,Q54875067,shared_birth_governorate,1,medenine
Q19956395,Q61598250,shared_birth_governorate,1,medenine
Q20047058,Q204487,shared_parties,1,parti socialiste destourien
Q20047058,Q22928978,shared_parties,1,parti socialiste destourien
Q20047058,Q24690603,shared_birth_governorate,1,sfax
Q20047058,Q27758476,shared_birth_governorate,1,sfax
Q20047058,Q282026,shared_parties,1,parti socialiste destourien
Q20047058,Q2820925,shared_parties,1,parti socialiste destourien
Q20047058,Q2820931,shared_birth_governorate,1,sfax
Q20047058,Q2820931,shared_parties,1,parti socialiste destourien
Q20047058,Q2820994,shared_parties,1,parti socialiste destourien
Q20047058,Q2821055,shared_parties,1,parti socialiste destourien
Q20047058,Q2821057,shared_birth_governorate,1,sfax
Q20047058,Q2821210,shared_birth_governorate,1,sfax
Q20047058,Q2821212,shared_birth_governorate,1,sfax
Q20047058,Q2821280,shared_birth_governorate,1,sfax
Q20047058,Q2827624,shared_parties,1,parti socialiste destourien
Q20047058,Q28653580,shared_birth_governorate,1,sfax
Q20047058,Q29440996,shared_parties,1,parti socialiste destourien
Q20047058,Q3067195,shared_parties,1,parti socialiste destourien
Q20047058,Q308017,shared_parties,1,parti socialiste destourien
Q20047058,Q3128235,shared_parties,1,parti socialiste destourien
Q20047058,Q3286574,shared_parties,1,parti socialiste destourien
Q20047058,Q3318475,shared_birth_governorate,1,sfax
Q20047058,Q3318530,shared_parties,1,parti socialiste destourien
Q20047058,Q3318622,shared_parties,1,parti socialiste destourien
Q20047058,Q3320435,shared_birth_governorate,1,sfax
Q20047058,Q3320538,shared_parties,1,parti socialiste destourien
Q20047058,Q3320650,shared_parties,1,parti socialiste destourien
Q20047058,Q3328946,shared_parties,1,parti socialiste destourien
Q20047058,Q3331012,shared_birth_governorate,1,sfax
Q20047058,Q3331012,shared_parties,1,parti socialiste destourien
Q20047058,Q3331032,shared_parties,1,parti socialiste destourien
Q20047058,Q3344886,shared_birth_governorate,1,sfax
Q20047058,Q3344886,shared_parties,1,parti socialiste destourien
Q20047058,Q3357601,shared_parties,1,parti socialiste destourien
Q20047058,Q3461169,shared_birth_governorate,1,sfax
Q20047058,Q3461176,shared_parties,1,parti socialiste destourien
Q20047058,Q3469690,shared_birth_governorate,1,sfax
Q20047058,Q3473691,shared_birth_governorate,1,sfax
Q20047058,Q3486512,shared_birth_governorate,1,sfax
Q20047058,Q3486677,shared_birth_governorate,1,sfax
Q20047058,Q3490439,shared_birth_governorate,1,sfax
Q20047058,Q377921,shared_parties,1,parti socialiste destourien
Q20047058,Q3951110,shared_parties,1,parti socialiste destourien
Q20047058,Q42311056,shared_birth_governorate,1,sfax
Q20047058,Q43654658,shared_birth_governorate,1,sfax
Q20047058,Q50285534,shared_parties,1,parti socialiste destourien
Q20047058,Q54875068,shared_parties,1,parti socialiste destourien
Q20047058,Q54875069,shared_parties,1,parti socialiste destourien
Q20047058,Q54875074,shared_parties,1,parti socialiste destourien
Q20047058,Q54875084,shared_parties,1,parti socialiste destourien
Q20047058,Q54875134,shared_parties,1,parti socialiste destourien
Q20047058,Q55196894,shared_parties,1,parti socialiste destourien
Q20047058,Q55381738,shared_birth_governorate,1,sfax
Q20047058,Q55392091,shared_parties,1,parti socialiste destourien
Q20047058,Q55392098,shared_parties,1,parti socialiste destourien
Q20047058,Q60573416,shared_parties,1,parti socialiste destourien
Q20047058,Q60573536,shared_parties,1,parti socialiste destourien
Q20047058,Q653162,shared_parties,1,parti socialiste destourien
Q20047058,Q668526,shared_birth_governorate,1,sfax
Q20047058,Q744499,shared_birth_governorate,1,sfax
Q20047058,Q800238,shared_parties,1,parti socialiste destourien
Q20047058,Q92316785,shared_birth_governorate,1,sfax
Q20047058,Q92354033,shared_birth_governorate,1,sfax
Q20047058,Q99539200,shared_birth_governorate,1,sfax
Q20391000,Q20643083,shared_birth_governorate,1,jendouba
Q20391000,Q3160876,shared_birth_governorate,1,jendouba
Q20391000,Q88485687,shared_birth_governorate,1,jendouba
Q20412385,Q22211169,shared_birth_governorate,1,monastir
Q20412385,Q26834002,shared_birth_governorate,1,monastir
Q20412385,Q282026,shared_birth_governorate,1,monastir
Q20412385,Q2821012,shared_birth_governorate,1,monastir
Q20412385,Q2821055,shared_birth_governorate,1,monastir
Q20412385,Q2827512,shared_birth_governorate,1,monastir
Q20412385,Q28653580,shared_parties,1,afek tounes
Q20412385,Q2912277,shared_birth_governorate,1,monastir
Q20412385,Q2929705,shared_birth_governorate,1,monastir
Q20412385,Q2947600,shared_birth_governorate,1,monastir
Q20412385,Q29580479,shared_birth_governorate,1,monastir
Q20412385,Q30729169,shared_parties,1,afek tounes
Q20412385,Q308017,shared_birth_governorate,1,monastir
Q20412385,Q3125835,shared_birth_governorate,1,monastir
Q20412385,Q3141381,shared_birth_governorate,1,monastir
Q20412385,Q3144591,shared_birth_governorate,1,monastir
Q20412385,Q3286574,shared_birth_governorate,1,monastir
Q20412385,Q3318702,shared_birth_governorate,1,monastir
Q20412385,Q3318797,shared_birth_governorate,1,monastir
Q20412385,Q3320650,shared_birth_governorate,1,monastir
Q20412385,Q3328959,shared_birth_governorate,1,monastir
Q20412385,Q3331032,shared_birth_governorate,1,monastir
Q20412385,Q3347261,shared_birth_governorate,1,monastir
Q20412385,Q3431735,shared_birth_governorate,1,monastir
Q20412385,Q3470859,shared_parties,1,afek tounes
Q20412385,Q3516539,shared_birth_governorate,1,monastir
Q20412385,Q3571955,shared_parties,1,afek tounes
Q20412385,Q377921,shared_birth_governorate,1,monastir
Q20412385,Q48757077,shared_birth_governorate,1,monastir
Q20412385,Q49691191,shared_parties,1,afek tounes
Q20412385,Q54875067,shared_parties,1,afek tounes
Q20412385,Q643348,shared_birth_governorate,1,monastir
Q20412385,Q98828346,shared_birth_governorate,1,monastir
Q20412385,Q98828362,shared_parties,1,afek tounes
Q20417790,Q27756642,shared_birth_governorate,1,medenine
Q20417790,Q281184,shared_birth_governorate,1,medenine
Q20417790,Q2824176,shared_birth_governorate,1,medenine
Q20417790,Q2827529,shared_birth_governorate,1,medenine
Q20417790,Q2827554,shared_birth_governorate,1,medenine
Q20417790,Q2827587,shared_birth_governorate,1,medenine
Q20417790,Q2929679,shared_birth_governorate,1,medenine
Q20417790,Q29577510,shared_birth_governorate,1,medenine
Q20417790,Q30217461,shared_birth_governorate,1,medenine
Q20417790,Q30729047,shared_birth_governorate,1,medenine
Q20417790,Q3430010,shared_birth_governorate,1,medenine
Q20417790,Q3461164,shared_birth_governorate,1,medenine
Q20417790,Q3469772,shared_birth_governorate,1,medenine
Q20417790,Q3470859,shared_birth_governorate,1,medenine
Q20417790,Q496042,shared_birth_governorate,1,medenine
Q20417790,Q54875067,shared_birth_governorate,1,medenine
Q20417790,Q61598250,shared_birth_governorate,1,medenine
Q20423358,Q22211169,shared_parties,1,nidaa tounes
Q20423358,Q2388455,shared_parties,1,nidaa tounes
Q20423358,Q24752632,shared_education,2,universite de tunis|جامعه تونس
Q20423358,Q25391268,shared_parties,1,nidaa tounes
Q20423358,Q26505513,shared_parties,1,nidaa tounes
Q20423358,Q27756741,shared_education,2,universite de tunis|جامعه تونس
Q20423358,Q27758476,shared_parties,1,nidaa tounes
Q20423358,Q28105062,shared_education,2,universite de tunis|جامعه تونس
Q20423358,Q2820931,shared_education,1,universite de tunis
Q20423358,Q2820999,shared_parties,1,nidaa tounes
Q20423358,Q2821037,shared_education,1,universite de tunis
Q20423358,Q2821057,shared_education,1,universite de tunis
Q20423358,Q2821146,shared_education,1,universite de tunis
Q20423358,Q2821212,shared_education,1,universite de tunis
Q20423358,Q2821273,shared_education,1,universite de tunis
Q20423358,Q2821297,shared_education,1,universite de tunis
Q20423358,Q2826117,shared_parties,1,nidaa tounes
Q20423358,Q2827529,shared_education,1,universite de tunis
Q20423358,Q2827554,shared_education,1,universite de tunis
Q20423358,Q2836180,shared_education,2,universite de tunis|جامعه تونس
Q20423358,Q28465669,shared_parties,1,nidaa tounes
Q20423358,Q28869633,shared_education,2,universite de tunis|جامعه تونس
Q20423358,Q2929705,shared_education,1,universite de tunis
Q20423358,Q29577458,shared_parties,1,nidaa tounes
Q20423358,Q29577522,shared_parties,1,nidaa tounes
Q20423358,Q29580435,shared_parties,1,nidaa tounes
Q20423358,Q29580475,shared_parties,1,nidaa tounes
Q20423358,Q29580479,shared_parties,1,nidaa tounes
Q20423358,Q30118294,shared_parties,1,nidaa tounes
Q20423358,Q3066858,shared_education,1,universite de tunis
Q20423358,Q30728498,shared_parties,1,nidaa tounes
Q20423358,Q30729169,shared_parties,1,nidaa tounes
Q20423358,Q3125299,shared_education,2,universite de tunis|جامعه تونس
Q20423358,Q3125311,shared_education,1,universite de tunis
Q20423358,Q3125311,shared_parties,1,nidaa tounes
Q20423358,Q3125336,shared_education,2,universite de tunis|جامعه تونس
Q20423358,Q3128291,shared_education,2,universite de tunis|جامعه تونس
Q20423358,Q313539,shared_parties,1,nidaa tounes
Q20423358,Q3141381,shared_education,1,universite de tunis
Q20423358,Q3141381,shared_parties,1,nidaa tounes
Q20423358,Q3196140,shared_parties,1,nidaa tounes
Q20423358,Q3220051,shared_parties,1,nidaa tounes
Q20423358,Q3304511,shared_education,1,universite de tunis
Q20423358,Q3318311,shared_education,1,universite de tunis
Q20423358,Q3318356,shared_parties,1,nidaa tounes
Q20423358,Q3318509,shared_education,1,universite de tunis
Q20423358,Q3318530,shared_education,2,universite de tunis|جامعه تونس
Q20423358,Q3318530,shared_parties,1,nidaa tounes
Q20423358,Q3318757,shared_education,1,universite de tunis
Q20423358,Q3318781,shared_education,1,universite de tunis
Q20423358,Q3319366,shared_education,1,universite de tunis
Q20423358,Q3328959,shared_education,1,جامعه تونس
Q20423358,Q3331012,shared_parties,1,nidaa tounes
Q20423358,Q3358533,shared_education,2,universite de tunis|جامعه تونس
Q20423358,Q3417300,shared_education,1,universite de tunis
Q20423358,Q3417419,shared_education,2,universite de tunis|جامعه تونس
Q20423358,Q3417449,shared_parties,1,nidaa tounes
Q20423358,Q3423310,shared_education,1,universite de tunis
Q20423358,Q3431734,shared_parties,1,nidaa tounes
Q20423358,Q3461169,shared_education,2,universite de tunis|جامعه تونس
Q20423358,Q3469690,shared_education,1,universite de tunis
Q20423358,Q3474776,shared_parties,1,nidaa tounes
Q20423358,Q3486507,shared_education,2,universite de tunis|جامعه تونس
Q20423358,Q3486512,shared_education,1,universite de tunis
Q20423358,Q3486677,shared_parties,1,nidaa tounes
Q20423358,Q3486689,shared_education,2,universite de tunis|جامعه تونس
Q20423358,Q3515404,shared_education,1,universite de tunis
Q20423358,Q431515,shared_education,1,universite de tunis
Q20423358,Q43304124,shared_parties,1,nidaa tounes
Q20423358,Q43654658,shared_education,1,universite de tunis
Q20423358,Q517946,shared_parties,1,nidaa tounes
Q20423358,Q55381738,shared_parties,1,nidaa tounes
Q20423358,Q57699,shared_education,2,universite de tunis|جامعه تونس
Q20423358,Q60428357,shared_parties,1,nidaa tounes
Q20423358,Q668526,shared_education,2,universite de tunis|جامعه تونس
Q20423358,Q85822499,shared_education,1,universite de tunis
Q204487,Q2268624,shared_parties,1,التجمع الدستوري الديمقراطي
Q204487,Q22928978,shared_parties,1,parti socialiste destourien
Q204487,Q24690603,shared_parties,1,التجمع الدستوري الديمقراطي
Q204487,Q2655671,shared_birth_governorate,1,sousse
Q204487,Q282026,shared_parties,1,parti socialiste destourien
Q204487,Q2820925,shared_parties,1,parti socialiste destourien
Q204487,Q2820931,shared_parties,1,parti socialiste destourien
Q204487,Q2820994,shared_parties,1,parti socialiste destourien
Q204487,Q2820997,shared_birth_governorate,1,sousse
Q204487,Q2821037,shared_birth_governorate,1,sousse
Q204487,Q2821055,shared_parties,1,parti socialiste destourien
Q204487,Q2821297,shared_birth_governorate,1,sousse
Q204487,Q2821308,shared_birth_governorate,1,sousse
Q204487,Q2827624,shared_parties,1,parti socialiste destourien
Q204487,Q2827627,shared_birth_governorate,1,sousse
Q204487,Q2827664,shared_parties,1,التجمع الدستوري الديمقراطي
Q204487,Q2836180,shared_parties,1,التجمع الدستوري الديمقراطي
Q204487,Q28465669,shared_birth_governorate,1,sousse
Q204487,Q28502176,shared_birth_governorate,1,sousse
Q204487,Q2912277,shared_parties,1,التجمع الدستوري الديمقراطي
Q204487,Q2929705,shared_parties,1,التجمع الدستوري الديمقراطي
Q204487,Q29440996,shared_parties,1,parti socialiste destourien
Q204487,Q29816892,shared_parties,1,التجمع الدستوري الديمقراطي
Q204487,Q30118294,shared_birth_governorate,1,sousse
Q204487,Q3012366,shared_parties,1,التجمع الدستوري الديمقراطي
Q204487,Q3067195,shared_parties,1,parti socialiste destourien
Q204487,Q30728289,shared_parties,1,التجمع الدستوري الديمقراطي
Q204487,Q30728498,shared_parties,1,التجمع الدستوري الديمقراطي
Q204487,Q308017,shared_parties,1,parti socialiste destourien
Q204487,Q3125288,shared_birth_governorate,1,sousse
Q204487,Q3125288,shared_education,2,ecole speciale militaire de saint-cyr|مدرسه سان سير العسكريه
Q204487,Q3125311,shared_birth_governorate,1,sousse
Q204487,Q3128235,shared_parties,1,parti socialiste destourien
Q204487,Q313539,shared_parties,1,التجمع الدستوري الديمقراطي
Q204487,Q3192376,shared_parties,1,التجمع الدستوري الديمقراطي
Q204487,Q3286574,shared_parties,1,parti socialiste destourien
Q204487,Q3318509,shared_parties,1,التجمع الدستوري الديمقراطي
Q204487,Q3318530,shared_parties,1,parti socialiste destourien
Q204487,Q3318622,shared_birth_governorate,1,sousse
Q204487,Q3318622,shared_parties,2,parti socialiste destourien|التجمع الدستوري الديمقراطي
Q204487,Q3320454,shared_parties,1,التجمع الدستوري الديمقراطي
Q204487,Q3320538,shared_parties,1,parti socialiste destourien
Q204487,Q3320544,shared_parties,1,التجمع الدستوري الديمقراطي
Q204487,Q3320650,shared_parties,1,parti socialiste destourien
Q204487,Q3328946,shared_parties,1,parti socialiste destourien
Q204487,Q3331012,shared_parties,1,parti socialiste destourien
Q204487,Q3331032,shared_parties,1,parti socialiste destourien
Q204487,Q3334855,shared_parties,1,التجمع الدستوري الديمقراطي
Q204487,Q3344886,shared_parties,1,parti socialiste destourien
Q204487,Q3347261,shared_parties,1,التجمع الدستوري الديمقراطي
Q204487,Q3357601,shared_parties,1,parti socialiste destourien
Q204487,Q3417300,shared_parties,1,التجمع الدستوري الديمقراطي
Q204487,Q3417419,shared_parties,1,التجمع الدستوري الديمقراطي
Q204487,Q3431743,shared_birth_governorate,1,sousse
Q204487,Q3431743,shared_parties,1,التجمع الدستوري الديمقراطي
Q204487,Q3461164,shared_parties,1,التجمع الدستوري الديمقراطي
Q204487,Q3461169,shared_parties,1,التجمع الدستوري الديمقراطي
Q204487,Q3461176,shared_parties,1,parti socialiste destourien
Q204487,Q3486513,shared_parties,1,التجمع الدستوري الديمقراطي
Q204487,Q3515404,shared_parties,1,التجمع الدستوري الديمقراطي
Q204487,Q377921,shared_parties,1,parti socialiste destourien
Q204487,Q38213221,shared_parties,1,التجمع الدستوري الديمقراطي
Q204487,Q3951110,shared_parties,1,parti socialiste destourien
Q204487,Q431515,shared_birth_governorate,1,sousse
Q204487,Q431515,shared_parties,1,التجمع الدستوري الديمقراطي
Q204487,Q50099224,shared_birth_governorate,1,sousse
Q204487,Q50285534,shared_birth_governorate,1,sousse
Q204487,Q50285534,shared_parties,2,parti socialiste destourien|التجمع الدستوري الديمقراطي
Q204487,Q54875068,shared_parties,2,parti socialiste destourien|التجمع الدستوري الديمقراطي
Q204487,Q54875069,shared_parties,2,parti socialiste destourien|التجمع الدستوري الديمقراطي
Q204487,Q54875074,shared_parties,1,parti socialiste destourien
Q204487,Q54875084,shared_birth_governorate,1,sousse
Q204487,Q54875084,shared_parties,1,parti socialiste destourien
Q204487,Q54875086,shared_parties,1,التجمع الدستوري الديمقراطي
Q204487,Q54875087,shared_parties,1,التجمع الدستوري الديمقراطي
Q204487,Q54875092,shared_parties,1,التجمع الدستوري الديمقراطي
Q204487,Q54875133,shared_parties,1,التجمع الدستوري الديمقراطي
Q204487,Q54875134,shared_parties,1,parti socialiste destourien
Q204487,Q55196894,shared_parties,1,parti socialiste destourien
Q204487,Q55391329,shared_parties,1,التجمع الدستوري الديمقراطي
Q204487,Q55392087,shared_parties,1,التجمع الدستوري الديمقراطي
Q204487,Q55392091,shared_parties,1,parti socialiste destourien
Q204487,Q55392098,shared_parties,1,parti socialiste destourien
Q204487,Q55392103,shared_parties,1,التجمع الدستوري الديمقراطي
Q204487,Q57699,shared_birth_governorate,1,sousse
Q204487,Q60573369,shared_parties,1,التجمع الدستوري الديمقراطي
Q204487,Q60573379,shared_parties,1,التجمع الدستوري الديمقراطي
Q204487,Q60573416,shared_parties,1,parti socialiste destourien
Q204487,Q60573426,shared_parties,1,التجمع الدستوري الديمقراطي
Q204487,Q60573536,shared_parties,2,parti socialiste destourien|التجمع الدستوري الديمقراطي
Q204487,Q60576591,shared_birth_governorate,1,sousse
Q204487,Q653162,shared_parties,2,parti socialiste destourien|التجمع الدستوري الديمقراطي
Q204487,Q800238,shared_parties,1,parti socialiste destourien
Q204487,Q88467296,shared_birth_governorate,1,sousse
Q204487,Q97961043,shared_parties,1,التجمع الدستوري الديمقراطي
Q20643083,Q2268624,shared_education,1,college sadiki
Q20643083,Q2374730,shared_education,1,college sadiki
Q20643083,Q27179077,shared_education,1,college sadiki
Q20643083,Q282026,shared_education,1,college sadiki
Q20643083,Q2821259,shared_education,1,college sadiki
Q20643083,Q2821273,shared_education,1,college sadiki
Q20643083,Q2827512,shared_education,1,college sadiki
Q20643083,Q2836334,shared_education,1,college sadiki
Q20643083,Q2875153,shared_education,1,college sadiki
Q20643083,Q2961945,shared_education,1,college sadiki
Q20643083,Q3067195,shared_education,1,college sadiki
Q20643083,Q313539,shared_education,1,college sadiki
Q20643083,Q3144594,shared_education,1,college sadiki
Q20643083,Q3160876,shared_birth_governorate,1,jendouba
Q20643083,Q3196139,shared_education,1,college sadiki
Q20643083,Q3216753,shared_education,1,college sadiki
Q20643083,Q3320544,shared_education,1,college sadiki
Q20643083,Q3320644,shared_education,1,college sadiki
Q20643083,Q3320650,shared_education,1,college sadiki
Q20643083,Q3328933,shared_education,1,college sadiki
Q20643083,Q3328946,shared_education,1,college sadiki
Q20643083,Q3344886,shared_education,1,college sadiki
Q20643083,Q3461164,shared_education,1,college sadiki
Q20643083,Q3470003,shared_education,1,college sadiki
Q20643083,Q3516540,shared_education,1,college sadiki
Q20643083,Q3516543,shared_education,1,college sadiki
Q20643083,Q377921,shared_education,1,college sadiki
Q20643083,Q48757077,shared_education,1,college sadiki
Q20643083,Q495681,shared_education,1,college sadiki
Q20643083,Q496165,shared_education,1,college sadiki
Q20643083,Q507856,shared_education,1,college sadiki
Q20643083,Q586623,shared_education,1,college sadiki
Q20643083,Q643348,shared_education,1,college sadiki
Q20643083,Q800238,shared_education,1,college sadiki
Q20643083,Q88485687,shared_birth_governorate,1,jendouba
Q20991574,Q2388455,shared_birth_governorate,1,kairouan
Q20991574,Q27756741,shared_birth_governorate,1,kairouan
Q20991574,Q2821119,shared_education,1,ecole nationale d'ingenieurs de tunis
Q20991574,Q2827482,shared_birth_governorate,1,kairouan
Q20991574,Q2929686,shared_birth_governorate,1,kairouan
Q20991574,Q29577458,shared_birth_governorate,1,kairouan
Q20991574,Q3196140,shared_birth_governorate,1,kairouan
Q20991574,Q3240795,shared_education,1,universite paris-diderot
Q20991574,Q3318545,shared_birth_governorate,1,kairouan
Q20991574,Q3318774,shared_education,1,ecole nationale d'ingenieurs de tunis
Q20991574,Q3328946,shared_birth_governorate,1,kairouan
Q20991574,Q3334747,shared_birth_governorate,1,kairouan
Q20991574,Q3357601,shared_birth_governorate,1,kairouan
Q20991574,Q3483754,shared_education,1,universite paris-diderot
Q20991574,Q3486507,shared_birth_governorate,1,kairouan
Q20991574,Q3486513,shared_birth_governorate,1,kairouan
Q20991574,Q3486513,shared_education,1,ecole nationale d'ingenieurs de tunis
Q20991574,Q51173119,shared_education,1,ecole nationale d'ingenieurs de tunis
Q20991574,Q88485687,shared_education,1,جامعه تونس المنار
Q21084499,Q25453450,shared_parties,1,حركه النهضه التونسيه
Q21084499,Q26831315,shared_parties,1,حركه النهضه التونسيه
Q21084499,Q26834002,shared_parties,1,حركه النهضه التونسيه
Q21084499,Q27666209,shared_parties,1,حركه النهضه التونسيه
Q21084499,Q281184,shared_parties,1,حركه النهضه التونسيه
Q21084499,Q28714939,shared_parties,1,حركه النهضه التونسيه
Q21084499,Q29577510,shared_parties,1,حركه النهضه التونسيه
Q21084499,Q30217461,shared_parties,1,حركه النهضه التونسيه
Q21084499,Q3160876,shared_parties,1,حركه النهضه التونسيه
Q21084499,Q3318419,shared_parties,1,حركه النهضه التونسيه
Q21084499,Q3318652,shared_parties,1,حركه النهضه التونسيه
Q21084499,Q3318800,shared_parties,1,حركه النهضه التونسيه
Q21084499,Q3320435,shared_parties,1,حركه النهضه التونسيه
Q21084499,Q3417420,shared_parties,1,حركه النهضه التونسيه
Q21084499,Q3430010,shared_parties,1,حركه النهضه التونسيه
Q21084499,Q3431747,shared_parties,1,حركه النهضه التونسيه
Q21084499,Q3470837,shared_parties,1,حركه النهضه التونسيه
Q21084499,Q3486675,shared_parties,1,حركه النهضه التونسيه
Q21084499,Q55999324,shared_parties,1,حركه النهضه التونسيه
Q21084499,Q57699,shared_parties,1,حركه النهضه التونسيه
Q21084499,Q668526,shared_parties,1,حركه النهضه التونسيه
Q21084499,Q86734094,shared_parties,1,حركه النهضه التونسيه
Q21084499,Q92316785,shared_parties,1,حركه النهضه التونسيه
Q21091553,Q29577522,shared_parties,1,machrouu tounes
Q21091553,Q30104283,shared_birth_governorate,1,gafsa
Q21091553,Q3125307,shared_birth_governorate,1,gafsa
Q21091553,Q3125336,shared_birth_governorate,1,gafsa
Q21091553,Q3220051,shared_birth_governorate,1,gafsa
Q21091553,Q3220052,shared_birth_governorate,1,gafsa
Q21091553,Q3431740,shared_birth_governorate,1,gafsa
Q21091553,Q3470845,shared_birth_governorate,1,gafsa
Q21091553,Q3951110,shared_birth_governorate,1,gafsa
Q21091553,Q51460814,shared_birth_governorate,1,gafsa
Q21511555,Q28465669,shared_education,1,universite de tunis - el manar
Q21511555,Q3318297,shared_education,1,universite de tunis - el manar
Q21511555,Q3318336,shared_education,1,universite de tunis - el manar
Q21511555,Q3333020,shared_education,1,universite de tunis - el manar
Q21511555,Q3490439,shared_education,1,universite de tunis - el manar
Q21511555,Q56309568,shared_education,1,universite de tunis - el manar
Q21996842,Q22344522,shared_birth_governorate,1,nabeul
Q21996842,Q27666209,shared_birth_governorate,1,nabeul
Q21996842,Q2820931,shared_education,1,ecole nationale d'administration
Q21996842,Q2821146,shared_birth_governorate,1,nabeul
Q21996842,Q2821210,shared_education,1,ecole nationale d'administration
Q21996842,Q28654181,shared_birth_governorate,1,nabeul
Q21996842,Q28869633,shared_education,1,ecole nationale d'administration
Q21996842,Q29440996,shared_birth_governorate,1,nabeul
Q21996842,Q3012366,shared_birth_governorate,1,nabeul
Q21996842,Q30729046,shared_birth_governorate,1,nabeul
Q21996842,Q3079840,shared_birth_governorate,1,nabeul
Q21996842,Q3079840,shared_education,1,ecole nationale d'administration
Q21996842,Q3217980,shared_birth_governorate,1,nabeul
Q21996842,Q3318311,shared_birth_governorate,1,nabeul
Q21996842,Q3318375,shared_birth_governorate,1,nabeul
Q21996842,Q3318731,shared_birth_governorate,1,nabeul
Q21996842,Q3318774,shared_birth_governorate,1,nabeul
Q21996842,Q3318800,shared_birth_governorate,1,nabeul
Q21996842,Q3320424,shared_birth_governorate,1,nabeul
Q21996842,Q3320644,shared_birth_governorate,1,nabeul
Q21996842,Q3431743,shared_education,1,ecole nationale d'administration
Q21996842,Q496165,shared_birth_governorate,1,nabeul
Q21996842,Q54875074,shared_birth_governorate,1,nabeul
Q21996842,Q60573413,shared_education,1,ecole nationale d'administration
Q21996842,Q61598250,shared_education,1,ecole nationale d'administration
Q21996842,Q65130650,shared_birth_governorate,1,nabeul
Q21996842,Q65130650,shared_education,1,ecole nationale d'administration
Q21996842,Q744499,shared_education,1,ecole nationale d'administration
Q21996842,Q88485687,shared_education,1,ecole nationale d'administration
Q21996842,Q89996191,shared_education,1,ecole nationale d'administration
Q21996842,Q91626084,shared_education,1,ecole nationale d'administration
Q21996842,Q92332624,shared_birth_governorate,1,nabeul
Q22210502,Q23017371,shared_birth_governorate,1,bizerte
Q22210502,Q24951001,shared_parties,1,union patriotique libre
Q22210502,Q30729169,shared_birth_governorate,1,bizerte
Q22210502,Q3128202,shared_birth_governorate,1,bizerte
Q22210502,Q3328917,shared_birth_governorate,1,bizerte
Q22210502,Q3417300,shared_birth_governorate,1,bizerte
Q22210502,Q3431747,shared_birth_governorate,1,bizerte
Q22210502,Q60573013,shared_birth_governorate,1,bizerte
Q22211169,Q2388455,shared_parties,1,nidaa tounes
Q22211169,Q25391268,shared_parties,1,nidaa tounes
Q22211169,Q26505513,shared_parties,1,nidaa tounes
Q22211169,Q26834002,shared_birth_governorate,1,monastir
Q22211169,Q27758476,shared_parties,1,nidaa tounes
Q22211169,Q282026,shared_birth_governorate,1,monastir
Q22211169,Q2820999,shared_parties,1,nidaa tounes
Q22211169,Q2821012,shared_birth_governorate,1,monastir
Q22211169,Q2821055,shared_birth_governorate,1,monastir
Q22211169,Q2826117,shared_parties,1,nidaa tounes
Q22211169,Q2827512,shared_birth_governorate,1,monastir
Q22211169,Q28465669,shared_parties,1,nidaa tounes
Q22211169,Q2912277,shared_birth_governorate,1,monastir
Q22211169,Q2929705,shared_birth_governorate,1,monastir
Q22211169,Q2947600,shared_birth_governorate,1,monastir
Q22211169,Q29577458,shared_parties,1,nidaa tounes
Q22211169,Q29577522,shared_parties,1,nidaa tounes
Q22211169,Q29580435,shared_parties,1,nidaa tounes
Q22211169,Q29580475,shared_parties,1,nidaa tounes
Q22211169,Q29580479,shared_birth_governorate,1,monastir
Q22211169,Q29580479,shared_parties,1,nidaa tounes
Q22211169,Q30118294,shared_parties,1,nidaa tounes
Q22211169,Q30728498,shared_parties,1,nidaa tounes
Q22211169,Q30729169,shared_parties,1,nidaa tounes
Q22211169,Q308017,shared_birth_governorate,1,monastir
Q22211169,Q3125311,shared_parties,1,nidaa tounes
Q22211169,Q3125835,shared_birth_governorate,1,monastir
Q22211169,Q313539,shared_parties,1,nidaa tounes
Q22211169,Q3141381,shared_birth_governorate,1,monastir
Q22211169,Q3141381,shared_parties,1,nidaa tounes
Q22211169,Q3144591,shared_birth_governorate,1,monastir
Q22211169,Q3196140,shared_parties,1,nidaa tounes
Q22211169,Q3220051,shared_parties,1,nidaa tounes
Q22211169,Q3286574,shared_birth_governorate,1,monastir
Q22211169,Q3318356,shared_parties,1,nidaa tounes
Q22211169,Q3318530,shared_parties,1,nidaa tounes
Q22211169,Q3318702,shared_birth_governorate,1,monastir
Q22211169,Q3318797,shared_birth_governorate,1,monastir
Q22211169,Q3320650,shared_birth_governorate,1,monastir
Q22211169,Q3328959,shared_birth_governorate,1,monastir
Q22211169,Q3331012,shared_parties,1,nidaa tounes
Q22211169,Q3331032,shared_birth_governorate,1,monastir
Q22211169,Q3347261,shared_birth_governorate,1,monastir
Q22211169,Q3417449,shared_parties,1,nidaa tounes
Q22211169,Q3431734,shared_parties,1,nidaa tounes
Q22211169,Q3431735,shared_birth_governorate,1,monastir
Q22211169,Q3474776,shared_parties,1,nidaa tounes
Q22211169,Q3486677,shared_parties,1,nidaa tounes
Q22211169,Q3516539,shared_birth_governorate,1,monastir
Q22211169,Q377921,shared_birth_governorate,1,monastir
Q22211169,Q43304124,shared_parties,1,nidaa tounes
Q22211169,Q48757077,shared_birth_governorate,1,monastir
Q22211169,Q517946,shared_parties,1,nidaa tounes
Q22211169,Q55381738,shared_parties,1,nidaa tounes
Q22211169,Q60428357,shared_parties,1,nidaa tounes
Q22211169,Q643348,shared_birth_governorate,1,monastir
Q22211169,Q98828346,shared_birth_governorate,1,monastir
Q22344522,Q27666209,shared_birth_governorate,1,nabeul
Q22344522,Q2821146,shared_birth_governorate,1,nabeul
Q22344522,Q2821154,shared_education,1,faculte de medecine de tunis
Q22344522,Q2827554,shared_education,1,universite pierre-et-marie-curie
Q22344522,Q28653580,shared_education,1,faculte de medecine de tunis
Q22344522,Q28654181,shared_birth_governorate,1,nabeul
Q22344522,Q2912277,shared_education,1,faculte de medecine de tunis
Q22344522,Q29440996,shared_birth_governorate,1,nabeul
Q22344522,Q29577522,shared_education,1,faculte de medecine de tunis
Q22344522,Q3012366,shared_birth_governorate,1,nabeul
Q22344522,Q30729046,shared_birth_governorate,1,nabeul
Q22344522,Q30729066,shared_education,1,universite pierre-et-marie-curie
Q22344522,Q3079840,shared_birth_governorate,1,nabeul
Q22344522,Q3217980,shared_birth_governorate,1,nabeul
Q22344522,Q3318311,shared_birth_governorate,1,nabeul
Q22344522,Q3318375,shared_birth_governorate,1,nabeul
Q22344522,Q3318731,shared_birth_governorate,1,nabeul
Q22344522,Q3318774,shared_birth_governorate,1,nabeul
Q22344522,Q3318800,shared_birth_governorate,1,nabeul
Q22344522,Q3320424,shared_birth_governorate,1,nabeul
Q22344522,Q3320644,shared_birth_governorate,1,nabeul
Q22344522,Q3470003,shared_education,1,faculte de medecine de tunis
Q22344522,Q496165,shared_birth_governorate,1,nabeul
Q22344522,Q54875074,shared_birth_governorate,1,nabeul
Q22344522,Q65130650,shared_birth_governorate,1,nabeul
Q22344522,Q86329266,shared_education,1,faculte de medecine de tunis
Q22344522,Q92332624,shared_birth_governorate,1,nabeul
Q2268624,Q2374730,shared_education,2,college sadiki|المدرسه الصادقيه
Q2268624,Q24690603,shared_parties,1,التجمع الدستوري الديمقراطي
Q2268624,Q25453450,shared_education,1,universite paris-i-pantheon-sorbonne
Q2268624,Q26505513,shared_education,1,universite paris-i-pantheon-sorbonne
Q2268624,Q26905827,shared_education,1,universite paris-i-pantheon-sorbonne
Q2268624,Q27179077,shared_education,1,college sadiki
Q2268624,Q27665914,shared_education,1,universite paris-i-pantheon-sorbonne
Q2268624,Q282026,shared_education,1,college sadiki
Q2268624,Q2821259,shared_education,2,college sadiki|المدرسه الصادقيه
Q2268624,Q2821273,shared_education,1,college sadiki
Q2268624,Q2827512,shared_education,1,college sadiki
Q2268624,Q2827664,shared_parties,1,التجمع الدستوري الديمقراطي
Q2268624,Q2836180,shared_parties,1,التجمع الدستوري الديمقراطي
Q2268624,Q2836334,shared_education,1,college sadiki
Q2268624,Q28502176,shared_education,1,universite paris-i-pantheon-sorbonne
Q2268624,Q2875109,shared_education,1,المدرسه الصادقيه
Q2268624,Q2875153,shared_education,2,college sadiki|المدرسه الصادقيه
Q2268624,Q2912277,shared_parties,1,التجمع الدستوري الديمقراطي
Q2268624,Q2929705,shared_parties,1,التجمع الدستوري الديمقراطي
Q2268624,Q2961945,shared_education,2,college sadiki|المدرسه الصادقيه
Q2268624,Q29816892,shared_parties,1,التجمع الدستوري الديمقراطي
Q2268624,Q3012366,shared_parties,1,التجمع الدستوري الديمقراطي
Q2268624,Q3039490,shared_education,1,المدرسه الصادقيه
Q2268624,Q3067195,shared_education,2,college sadiki|المدرسه الصادقيه
Q2268624,Q30728289,shared_parties,1,التجمع الدستوري الديمقراطي
Q2268624,Q30728498,shared_parties,1,التجمع الدستوري الديمقراطي
Q2268624,Q313539,shared_education,2,college sadiki|المدرسه الصادقيه
Q2268624,Q313539,shared_parties,1,التجمع الدستوري الديمقراطي
Q2268624,Q3144594,shared_education,1,college sadiki
Q2268624,Q3192376,shared_parties,1,التجمع الدستوري الديمقراطي
Q2268624,Q3196139,shared_education,1,college sadiki
Q2268624,Q3216753,shared_education,2,college sadiki|المدرسه الصادقيه
Q2268624,Q3277799,shared_education,1,المدرسه الصادقيه
Q2268624,Q3318509,shared_parties,1,التجمع الدستوري الديمقراطي
Q2268624,Q3318530,shared_education,1,universite paris-i-pantheon-sorbonne
Q2268624,Q3318622,shared_parties,1,التجمع الدستوري الديمقراطي
Q2268624,Q3320454,shared_education,1,universite paris-i-pantheon-sorbonne
Q2268624,Q3320454,shared_parties,1,التجمع الدستوري الديمقراطي
Q2268624,Q3320544,shared_education,2,college sadiki|المدرسه الصادقيه
Q2268624,Q3320544,shared_parties,1,التجمع الدستوري الديمقراطي
Q2268624,Q3320644,shared_education,1,college sadiki
Q2268624,Q3320646,shared_education,1,universite paris-i-pantheon-sorbonne
Q2268624,Q3320650,shared_education,2,college sadiki|المدرسه الصادقيه
Q2268624,Q3328933,shared_education,1,college sadiki
Q2268624,Q3328946,shared_education,2,college sadiki|المدرسه الصادقيه
Q2268624,Q3334855,shared_parties,1,التجمع الدستوري الديمقراطي
Q2268624,Q3344886,shared_education,1,college sadiki
Q2268624,Q3347261,shared_parties,1,التجمع الدستوري الديمقراطي
Q2268624,Q3417300,shared_parties,1,التجمع الدستوري الديمقراطي
Q2268624,Q3417419,shared_parties,1,التجمع الدستوري الديمقراطي
Q2268624,Q3431743,shared_parties,1,التجمع الدستوري الديمقراطي
Q2268624,Q3461164,shared_education,2,college sadiki|المدرسه الصادقيه
Q2268624,Q3461164,shared_parties,1,التجمع الدستوري الديمقراطي
Q2268624,Q3461169,shared_parties,1,التجمع الدستوري الديمقراطي
Q2268624,Q3470003,shared_education,1,college sadiki
Q2268624,Q3486513,shared_parties,1,التجمع الدستوري الديمقراطي
Q2268624,Q3515404,shared_parties,1,التجمع الدستوري الديمقراطي
Q2268624,Q3516540,shared_education,1,college sadiki
Q2268624,Q3516543,shared_education,1,college sadiki
Q2268624,Q377921,shared_education,2,college sadiki|المدرسه الصادقيه
Q2268624,Q38213221,shared_parties,1,التجمع الدستوري الديمقراطي
Q2268624,Q431515,shared_parties,1,التجمع الدستوري الديمقراطي
Q2268624,Q48757077,shared_education,1,college sadiki
Q2268624,Q495681,shared_education,2,college sadiki|المدرسه الصادقيه
Q2268624,Q496165,shared_education,2,college sadiki|المدرسه الصادقيه
Q2268624,Q50285534,shared_parties,1,التجمع الدستوري الديمقراطي
Q2268624,Q507856,shared_education,2,college sadiki|المدرسه الصادقيه
Q2268624,Q53015850,shared_education,1,universite paris-i-pantheon-sorbonne
Q2268624,Q54875068,shared_parties,1,التجمع الدستوري الديمقراطي
Q2268624,Q54875069,shared_parties,1,التجمع الدستوري الديمقراطي
Q2268624,Q54875086,shared_parties,1,التجمع الدستوري الديمقراطي
Q2268624,Q54875087,shared_parties,1,التجمع الدستوري الديمقراطي
Q2268624,Q54875092,shared_parties,1,التجمع الدستوري الديمقراطي
Q2268624,Q54875133,shared_parties,1,التجمع الدستوري الديمقراطي
Q2268624,Q55391329,shared_parties,1,التجمع الدستوري الديمقراطي
Q2268624,Q55392087,shared_parties,1,التجمع الدستوري الديمقراطي
Q2268624,Q55392103,shared_parties,1,التجمع الدستوري الديمقراطي
Q2268624,Q586623,shared_education,1,college sadiki
Q2268624,Q60573369,shared_parties,1,التجمع الدستوري الديمقراطي
Q2268624,Q60573379,shared_parties,1,التجمع الدستوري الديمقراطي
Q2268624,Q60573426,shared_parties,1,التجمع الدستوري الديمقراطي
Q2268624,Q60573536,shared_education,1,universite paris-i-pantheon-sorbonne
Q2268624,Q60573536,shared_parties,1,التجمع الدستوري الديمقراطي
Q2268624,Q643348,shared_education,2,college sadiki|المدرسه الصادقيه
Q2268624,Q653162,shared_parties,1,التجمع الدستوري الديمقراطي
Q2268624,Q800238,shared_education,1,college sadiki
Q2268624,Q89844681,shared_education,1,universite paris-i-pantheon-sorbonne
Q2268624,Q97961043,shared_parties,1,التجمع الدستوري الديمقراطي
Q2268624,Q98828599,shared_education,1,universite paris-i-pantheon-sorbonne
Q22928978,Q282026,shared_parties,1,parti socialiste destourien
Q22928978,Q2820925,shared_parties,1,parti socialiste destourien
Q22928978,Q2820931,shared_parties,1,parti socialiste destourien
Q22928978,Q2820994,shared_parties,1,parti socialiste destourien
Q22928978,Q2821055,shared_parties,1,parti socialiste destourien
Q22928978,Q2827624,shared_parties,1,parti socialiste destourien
Q22928978,Q29440996,shared_parties,1,parti socialiste destourien
Q22928978,Q3067195,shared_parties,1,parti socialiste destourien
Q22928978,Q308017,shared_parties,1,parti socialiste destourien
Q22928978,Q3128235,shared_parties,1,parti socialiste destourien
Q22928978,Q3286574,shared_parties,1,parti socialiste destourien
Q22928978,Q3318530,shared_parties,1,parti socialiste destourien
Q22928978,Q3318622,shared_parties,1,parti socialiste destourien
Q22928978,Q3320538,shared_parties,1,parti socialiste destourien
Q22928978,Q3320650,shared_parties,1,parti socialiste destourien
Q22928978,Q3328946,shared_parties,1,parti socialiste destourien
Q22928978,Q3331012,shared_parties,1,parti socialiste destourien
Q22928978,Q3331032,shared_parties,1,parti socialiste destourien
Q22928978,Q3344886,shared_parties,1,parti socialiste destourien
Q22928978,Q3357601,shared_parties,1,parti socialiste destourien
Q22928978,Q3461176,shared_parties,1,parti socialiste destourien
Q22928978,Q377921,shared_parties,1,parti socialiste destourien
Q22928978,Q3951110,shared_parties,1,parti socialiste destourien
Q22928978,Q50285534,shared_parties,1,parti socialiste destourien
Q22928978,Q54875068,shared_parties,1,parti socialiste destourien
Q22928978,Q54875069,shared_parties,1,parti socialiste destourien
Q22928978,Q54875074,shared_parties,1,parti socialiste destourien
Q22928978,Q54875084,shared_parties,1,parti socialiste destourien
Q22928978,Q54875134,shared_parties,1,parti socialiste destourien
Q22928978,Q55196894,shared_parties,1,parti socialiste destourien
Q22928978,Q55392091,shared_parties,1,parti socialiste destourien
Q22928978,Q55392098,shared_parties,1,parti socialiste destourien
Q22928978,Q60573416,shared_parties,1,parti socialiste destourien
Q22928978,Q60573536,shared_parties,1,parti socialiste destourien
Q22928978,Q653162,shared_parties,1,parti socialiste destourien
Q22928978,Q800238,shared_parties,1,parti socialiste destourien
Q23017371,Q30729169,shared_birth_governorate,1,bizerte
Q23017371,Q3128202,shared_birth_governorate,1,bizerte
Q23017371,Q3328917,shared_birth_governorate,1,bizerte
Q23017371,Q3417300,shared_birth_governorate,1,bizerte
Q23017371,Q3431747,shared_birth_governorate,1,bizerte
Q23017371,Q60573013,shared_birth_governorate,1,bizerte
Q2374730,Q26505513,shared_birth_governorate,1,mahdia
Q2374730,Q27179077,shared_education,1,college sadiki
Q2374730,Q282026,shared_education,1,college sadiki
Q2374730,Q2821127,shared_birth_governorate,1,mahdia
Q2374730,Q2821259,shared_education,2,college sadiki|المدرسه الصادقيه
Q2374730,Q2821273,shared_education,1,college sadiki
Q2374730,Q2827512,shared_education,1,college sadiki
Q2374730,Q2836334,shared_education,1,college sadiki
Q2374730,Q2875109,shared_education,1,المدرسه الصادقيه
Q2374730,Q2875153,shared_education,2,college sadiki|المدرسه الصادقيه
Q2374730,Q2961945,shared_education,2,college sadiki|المدرسه الصادقيه
Q2374730,Q3039490,shared_education,1,المدرسه الصادقيه
Q2374730,Q3067195,shared_education,2,college sadiki|المدرسه الصادقيه
Q2374730,Q313539,shared_education,2,college sadiki|المدرسه الصادقيه
Q2374730,Q3144594,shared_education,1,college sadiki
Q2374730,Q3196139,shared_education,1,college sadiki
Q2374730,Q3216753,shared_education,2,college sadiki|المدرسه الصادقيه
Q2374730,Q3277799,shared_education,1,المدرسه الصادقيه
Q2374730,Q3304511,shared_birth_governorate,1,mahdia
Q2374730,Q3318530,shared_birth_governorate,1,mahdia
Q2374730,Q3320544,shared_education,2,college sadiki|المدرسه الصادقيه
Q2374730,Q3320644,shared_education,1,college sadiki
Q2374730,Q3320650,shared_education,2,college sadiki|المدرسه الصادقيه
Q2374730,Q3328933,shared_education,1,college sadiki
Q2374730,Q3328946,shared_education,2,college sadiki|المدرسه الصادقيه
Q2374730,Q3344886,shared_education,1,college sadiki
Q2374730,Q3461164,shared_education,2,college sadiki|المدرسه الصادقيه
Q2374730,Q3470003,shared_education,1,college sadiki
Q2374730,Q3516540,shared_education,1,college sadiki
Q2374730,Q3516543,shared_education,1,college sadiki
Q2374730,Q3571955,shared_birth_governorate,1,mahdia
Q2374730,Q377921,shared_education,2,college sadiki|المدرسه الصادقيه
Q2374730,Q48757077,shared_education,1,college sadiki
Q2374730,Q495681,shared_education,2,college sadiki|المدرسه الصادقيه
Q2374730,Q496165,shared_education,2,college sadiki|المدرسه الصادقيه
Q2374730,Q507856,shared_education,2,college sadiki|المدرسه الصادقيه
Q2374730,Q586623,shared_education,1,college sadiki
Q2374730,Q60572709,shared_birth_governorate,1,mahdia
Q2374730,Q643348,shared_education,2,college sadiki|المدرسه الصادقيه
Q2374730,Q653162,shared_birth_governorate,1,mahdia
Q2374730,Q800238,shared_education,1,college sadiki
Q2388455,Q25391268,shared_parties,1,nidaa tounes
Q2388455,Q25453450,shared_education,2,universite de paris|جامعه السوربون
Q2388455,Q26505513,shared_parties,1,nidaa tounes
Q2388455,Q27665914,shared_education,2,universite de paris|جامعه السوربون
Q2388455,Q27756741,shared_birth_governorate,1,kairouan
Q2388455,Q27758476,shared_parties,1,nidaa tounes
Q2388455,Q2820999,shared_parties,1,nidaa tounes
Q2388455,Q2826117,shared_parties,1,nidaa tounes
Q2388455,Q2827482,shared_birth_governorate,1,kairouan
Q2388455,Q2827554,shared_education,1,universite de paris
Q2388455,Q2827624,shared_education,1,جامعه السوربون
Q2388455,Q28465669,shared_parties,1,nidaa tounes
Q2388455,Q2875109,shared_education,1,جامعه السوربون
Q2388455,Q2929686,shared_birth_governorate,1,kairouan
Q2388455,Q29577458,shared_birth_governorate,1,kairouan
Q2388455,Q29577458,shared_parties,1,nidaa tounes
Q2388455,Q29577522,shared_parties,1,nidaa tounes
Q2388455,Q29580435,shared_parties,1,nidaa tounes
Q2388455,Q29580475,shared_parties,1,nidaa tounes
Q2388455,Q29580479,shared_parties,1,nidaa tounes
Q2388455,Q2961945,shared_education,1,universite de paris
Q2388455,Q30118294,shared_parties,1,nidaa tounes
Q2388455,Q3039490,shared_education,2,جامعه السوربون|جامعه السوربون من تونس
Q2388455,Q30728498,shared_parties,1,nidaa tounes
Q2388455,Q30729169,shared_parties,1,nidaa tounes
Q2388455,Q3125311,shared_parties,1,nidaa tounes
Q2388455,Q3128291,shared_education,1,جامعه السوربون
Q2388455,Q313539,shared_parties,1,nidaa tounes
Q2388455,Q3141381,shared_parties,1,nidaa tounes
Q2388455,Q3196140,shared_birth_governorate,1,kairouan
Q2388455,Q3196140,shared_parties,1,nidaa tounes
Q2388455,Q3220051,shared_parties,1,nidaa tounes
Q2388455,Q3318356,shared_parties,1,nidaa tounes
Q2388455,Q3318465,shared_education,1,universite de paris
Q2388455,Q3318509,shared_education,1,جامعه السوربون
Q2388455,Q3318530,shared_parties,1,nidaa tounes
Q2388455,Q3318545,shared_birth_governorate,1,kairouan
Q2388455,Q3320538,shared_education,2,جامعه السوربون|جامعه السوربون من تونس
Q2388455,Q3320644,shared_education,1,universite de paris
Q2388455,Q3328946,shared_birth_governorate,1,kairouan
Q2388455,Q3328946,shared_education,1,جامعه السوربون
Q2388455,Q3331012,shared_parties,1,nidaa tounes
Q2388455,Q3334747,shared_birth_governorate,1,kairouan
Q2388455,Q3357601,shared_birth_governorate,1,kairouan
Q2388455,Q3417449,shared_parties,1,nidaa tounes
Q2388455,Q3431734,shared_parties,1,nidaa tounes
Q2388455,Q3431743,shared_education,2,universite de paris|جامعه السوربون
Q2388455,Q3469530,shared_education,1,جامعه السوربون
Q2388455,Q3474776,shared_parties,1,nidaa tounes
Q2388455,Q3483754,shared_education,1,جامعه السوربون
Q2388455,Q3486507,shared_birth_governorate,1,kairouan
Q2388455,Q3486507,shared_education,1,جامعه السوربون من تونس
Q2388455,Q3486513,shared_birth_governorate,1,kairouan
Q2388455,Q3486677,shared_parties,1,nidaa tounes
Q2388455,Q43304124,shared_parties,1,nidaa tounes
Q2388455,Q43654658,shared_education,1,universite de paris
Q2388455,Q496165,shared_education,1,جامعه السوربون
Q2388455,Q517946,shared_parties,1,nidaa tounes
Q2388455,Q55381738,shared_parties,1,nidaa tounes
Q2388455,Q60428357,shared_parties,1,nidaa tounes
Q2388455,Q60576591,shared_education,1,universite de paris
Q2388455,Q643348,shared_education,3,universite de paris|جامعه السوربون|جامعه السوربون من تونس
Q2388455,Q653162,shared_education,1,universite de paris
Q2388455,Q744499,shared_education,1,جامعه السوربون
Q24690603,Q27758476,shared_birth_governorate,1,sfax
Q24690603,Q2820931,shared_birth_governorate,1,sfax
Q24690603,Q2821057,shared_birth_governorate,1,sfax
Q24690603,Q2821210,shared_birth_governorate,1,sfax
Q24690603,Q2821212,shared_birth_governorate,1,sfax
Q24690603,Q2821280,shared_birth_governorate,1,sfax
Q24690603,Q2827664,shared_parties,1,التجمع الدستوري الديمقراطي
Q24690603,Q2836180,shared_parties,1,التجمع الدستوري الديمقراطي
Q24690603,Q28653580,shared_birth_governorate,1,sfax
Q24690603,Q2912277,shared_parties,1,التجمع الدستوري الديمقراطي
Q24690603,Q2929705,shared_parties,1,التجمع الدستوري الديمقراطي
Q24690603,Q29816892,shared_parties,1,التجمع الدستوري الديمقراطي
Q24690603,Q3012366,shared_parties,1,التجمع الدستوري الديمقراطي
Q24690603,Q30728289,shared_parties,1,التجمع الدستوري الديمقراطي
Q24690603,Q30728498,shared_parties,1,التجمع الدستوري الديمقراطي
Q24690603,Q313539,shared_parties,1,التجمع الدستوري الديمقراطي
Q24690603,Q3192376,shared_parties,1,التجمع الدستوري الديمقراطي
Q24690603,Q3318475,shared_birth_governorate,1,sfax
Q24690603,Q3318509,shared_parties,1,التجمع الدستوري الديمقراطي
Q24690603,Q3318622,shared_parties,1,التجمع الدستوري الديمقراطي
Q24690603,Q3320435,shared_birth_governorate,1,sfax
Q24690603,Q3320454,shared_parties,1,التجمع الدستوري الديمقراطي
Q24690603,Q3320544,shared_parties,1,التجمع الدستوري الديمقراطي
Q24690603,Q3331012,shared_birth_governorate,1,sfax
Q24690603,Q3334855,shared_parties,1,التجمع الدستوري الديمقراطي
Q24690603,Q3344886,shared_birth_governorate,1,sfax
Q24690603,Q3347261,shared_parties,1,التجمع الدستوري الديمقراطي
Q24690603,Q3417300,shared_parties,1,التجمع الدستوري الديمقراطي
Q24690603,Q3417419,shared_parties,1,التجمع الدستوري الديمقراطي
Q24690603,Q3431743,shared_parties,1,التجمع الدستوري الديمقراطي
Q24690603,Q3461164,shared_parties,1,التجمع الدستوري الديمقراطي
Q24690603,Q3461169,shared_birth_governorate,1,sfax
Q24690603,Q3461169,shared_parties,1,التجمع الدستوري الديمقراطي
Q24690603,Q3469690,shared_birth_governorate,1,sfax
Q24690603,Q3473691,shared_birth_governorate,1,sfax
Q24690603,Q3486512,shared_birth_governorate,1,sfax
Q24690603,Q3486513,shared_parties,1,التجمع الدستوري الديمقراطي
Q24690603,Q3486677,shared_birth_governorate,1,sfax
Q24690603,Q3490439,shared_birth_governorate,1,sfax
Q24690603,Q3515404,shared_parties,1,التجمع الدستوري الديمقراطي
Q24690603,Q38213221,shared_parties,1,التجمع الدستوري الديمقراطي
Q24690603,Q42311056,shared_birth_governorate,1,sfax
Q24690603,Q431515,shared_parties,1,التجمع الدستوري الديمقراطي
Q24690603,Q43654658,shared_birth_governorate,1,sfax
Q24690603,Q50285534,shared_parties,1,التجمع الدستوري الديمقراطي
Q24690603,Q54875068,shared_parties,1,التجمع الدستوري الديمقراطي
Q24690603,Q54875069,shared_parties,1,التجمع الدستوري الديمقراطي
Q24690603,Q54875086,shared_parties,1,التجمع الدستوري الديمقراطي
Q24690603,Q54875087,shared_parties,1,التجمع الدستوري الديمقراطي
Q24690603,Q54875092,shared_parties,1,التجمع الدستوري الديمقراطي
Q24690603,Q54875133,shared_parties,1,التجمع الدستوري الديمقراطي
Q24690603,Q55381738,shared_birth_governorate,1,sfax
Q24690603,Q55391329,shared_parties,1,التجمع الدستوري الديمقراطي
Q24690603,Q55392087,shared_parties,1,التجمع الدستوري الديمقراطي
Q24690603,Q55392103,shared_parties,1,التجمع الدستوري الديمقراطي
Q24690603,Q60573369,shared_parties,1,التجمع الدستوري الديمقراطي
Q24690603,Q60573379,shared_parties,1,التجمع الدستوري الديمقراطي
Q24690603,Q60573426,shared_parties,1,التجمع الدستوري الديمقراطي
Q24690603,Q60573536,shared_parties,1,التجمع الدستوري الديمقراطي
Q24690603,Q653162,shared_parties,1,التجمع الدستوري الديمقراطي
Q24690603,Q668526,shared_birth_governorate,1,sfax
Q24690603,Q744499,shared_birth_governorate,1,sfax
Q24690603,Q92316785,shared_birth_governorate,1,sfax
Q24690603,Q92354033,shared_birth_governorate,1,sfax
Q24690603,Q97961043,shared_parties,1,التجمع الدستوري الديمقراطي
Q24690603,Q99539200,shared_birth_governorate,1,sfax
Q24752632,Q27756741,shared_education,2,universite de tunis|جامعه تونس
Q24752632,Q28105062,shared_education,2,universite de tunis|جامعه تونس
Q24752632,Q2820931,shared_education,1,universite de tunis
Q24752632,Q2821037,shared_education,1,universite de tunis
Q24752632,Q2821057,shared_education,1,universite de tunis
Q24752632,Q2821146,shared_education,1,universite de tunis
Q24752632,Q2821212,shared_education,1,universite de tunis
Q24752632,Q2821273,shared_education,1,universite de tunis
Q24752632,Q2821297,shared_education,1,universite de tunis
Q24752632,Q2827529,shared_education,1,universite de tunis
Q24752632,Q2827554,shared_education,1,universite de tunis
Q24752632,Q2836180,shared_education,2,universite de tunis|جامعه تونس
Q24752632,Q28869633,shared_education,2,universite de tunis|جامعه تونس
Q24752632,Q2929705,shared_education,1,universite de tunis
Q24752632,Q3066858,shared_education,1,universite de tunis
Q24752632,Q3125299,shared_education,2,universite de tunis|جامعه تونس
Q24752632,Q3125311,shared_education,1,universite de tunis
Q24752632,Q3125336,shared_education,2,universite de tunis|جامعه تونس
Q24752632,Q3128291,shared_education,2,universite de tunis|جامعه تونس
Q24752632,Q3141381,shared_education,1,universite de tunis
Q24752632,Q3304511,shared_education,1,universite de tunis
Q24752632,Q3318290,shared_parties,1,دينيه تونسيه
Q24752632,Q3318311,shared_education,1,universite de tunis
Q24752632,Q3318509,shared_education,1,universite de tunis
Q24752632,Q3318530,shared_education,2,universite de tunis|جامعه تونس
Q24752632,Q3318757,shared_education,1,universite de tunis
Q24752632,Q3318781,shared_education,1,universite de tunis
Q24752632,Q3319366,shared_education,1,universite de tunis
Q24752632,Q3328959,shared_education,1,جامعه تونس
Q24752632,Q3358533,shared_education,2,universite de tunis|جامعه تونس
Q24752632,Q3417300,shared_education,1,universite de tunis
Q24752632,Q3417419,shared_education,2,universite de tunis|جامعه تونس
Q24752632,Q3423310,shared_education,1,universite de tunis
Q24752632,Q3461169,shared_education,2,universite de tunis|جامعه تونس
Q24752632,Q3469690,shared_education,1,universite de tunis
Q24752632,Q3486507,shared_education,2,universite de tunis|جامعه تونس
Q24752632,Q3486512,shared_education,1,universite de tunis
Q24752632,Q3486689,shared_education,2,universite de tunis|جامعه تونس
Q24752632,Q3515404,shared_education,1,universite de tunis
Q24752632,Q431515,shared_education,1,universite de tunis
Q24752632,Q43654658,shared_education,1,universite de tunis
Q24752632,Q57699,shared_education,2,universite de tunis|جامعه تونس
Q24752632,Q668526,shared_education,2,universite de tunis|جامعه تونس
Q24752632,Q85822499,shared_education,1,universite de tunis
Q25391268,Q26505513,shared_parties,1,nidaa tounes
Q25391268,Q27758476,shared_parties,1,nidaa tounes
Q25391268,Q2820999,shared_parties,1,nidaa tounes
Q25391268,Q2826117,shared_parties,1,nidaa tounes
Q25391268,Q2827633,shared_parties,1,al joumhouri
Q25391268,Q28465669,shared_parties,1,nidaa tounes
Q25391268,Q29577458,shared_parties,1,nidaa tounes
Q25391268,Q29577522,shared_parties,1,nidaa tounes
Q25391268,Q29580435,shared_parties,1,nidaa tounes
Q25391268,Q29580475,shared_parties,1,nidaa tounes
Q25391268,Q29580479,shared_parties,1,nidaa tounes
Q25391268,Q30118294,shared_parties,1,nidaa tounes
Q25391268,Q30728498,shared_parties,1,nidaa tounes
Q25391268,Q30729169,shared_parties,1,nidaa tounes
Q25391268,Q3125311,shared_parties,1,nidaa tounes
Q25391268,Q313539,shared_parties,1,nidaa tounes
Q25391268,Q3141381,shared_parties,1,nidaa tounes
Q25391268,Q3196140,shared_parties,1,nidaa tounes
Q25391268,Q3220051,shared_parties,1,nidaa tounes
Q25391268,Q3318356,shared_parties,1,nidaa tounes
Q25391268,Q3318530,shared_parties,1,nidaa tounes
Q25391268,Q3331012,shared_parties,1,nidaa tounes
Q25391268,Q3417449,shared_parties,1,nidaa tounes
Q25391268,Q3431734,shared_parties,1,nidaa tounes
Q25391268,Q3470847,shared_parties,1,tahya tounes
Q25391268,Q3474776,shared_parties,2,al joumhouri|nidaa tounes
Q25391268,Q3486677,shared_parties,1,nidaa tounes
Q25391268,Q3571955,shared_parties,1,al joumhouri
Q25391268,Q43304124,shared_parties,2,nidaa tounes|tahya tounes
Q25391268,Q517946,shared_parties,1,nidaa tounes
Q25391268,Q55381738,shared_parties,1,nidaa tounes
Q25391268,Q60428357,shared_parties,2,al joumhouri|nidaa tounes
Q25391268,Q62601798,shared_parties,1,tahya tounes
Q25391268,Q91649459,shared_education,1,institut national agronomique de tunisie
Q25453450,Q26505513,shared_education,1,universite paris-i-pantheon-sorbonne
Q25453450,Q26831315,shared_parties,1,حركه النهضه التونسيه
Q25453450,Q26834002,shared_parties,2,ennahdha|حركه النهضه التونسيه
Q25453450,Q26905827,shared_education,1,universite paris-i-pantheon-sorbonne
Q25453450,Q27665914,shared_education,3,universite de paris|universite paris-i-pantheon-sorbonne|جامعه السوربون
Q25453450,Q27666209,shared_parties,2,ennahdha|حركه النهضه التونسيه
Q25453450,Q281184,shared_parties,2,ennahdha|حركه النهضه التونسيه
Q25453450,Q2821119,shared_parties,1,ennahdha
Q25453450,Q2821154,shared_parties,1,ennahdha
Q25453450,Q2827554,shared_education,1,universite de paris
Q25453450,Q2827624,shared_education,1,جامعه السوربون
Q25453450,Q28502176,shared_education,1,universite paris-i-pantheon-sorbonne
Q25453450,Q28714939,shared_parties,2,ennahdha|حركه النهضه التونسيه
Q25453450,Q2875109,shared_education,1,جامعه السوربون
Q25453450,Q2947600,shared_parties,1,ennahdha
Q25453450,Q29577510,shared_parties,2,ennahdha|حركه النهضه التونسيه
Q25453450,Q2961945,shared_education,1,universite de paris
Q25453450,Q30217461,shared_parties,2,ennahdha|حركه النهضه التونسيه
Q25453450,Q3039490,shared_education,1,جامعه السوربون
Q25453450,Q3128291,shared_education,1,جامعه السوربون
Q25453450,Q3160876,shared_parties,2,ennahdha|حركه النهضه التونسيه
Q25453450,Q3318419,shared_parties,2,ennahdha|حركه النهضه التونسيه
Q25453450,Q3318465,shared_education,1,universite de paris
Q25453450,Q3318509,shared_education,1,جامعه السوربون
Q25453450,Q3318530,shared_education,1,universite paris-i-pantheon-sorbonne
Q25453450,Q3318652,shared_parties,2,ennahdha|حركه النهضه التونسيه
Q25453450,Q3318800,shared_parties,2,ennahdha|حركه النهضه التونسيه
Q25453450,Q3320435,shared_parties,2,ennahdha|حركه النهضه التونسيه
Q25453450,Q3320454,shared_education,1,universite paris-i-pantheon-sorbonne
Q25453450,Q3320538,shared_education,1,جامعه السوربون
Q25453450,Q3320644,shared_education,1,universite de paris
Q25453450,Q3320646,shared_education,1,universite paris-i-pantheon-sorbonne
Q25453450,Q3328946,shared_education,1,جامعه السوربون
Q25453450,Q3417420,shared_parties,2,ennahdha|حركه النهضه التونسيه
Q25453450,Q3430010,shared_parties,2,ennahdha|حركه النهضه التونسيه
Q25453450,Q3431743,shared_education,2,universite de paris|جامعه السوربون
Q25453450,Q3431747,shared_parties,2,ennahdha|حركه النهضه التونسيه
Q25453450,Q3469530,shared_education,1,جامعه السوربون
Q25453450,Q3470837,shared_parties,2,ennahdha|حركه النهضه التونسيه
Q25453450,Q3483754,shared_education,1,جامعه السوربون
Q25453450,Q3486675,shared_parties,2,ennahdha|حركه النهضه التونسيه
Q25453450,Q43654658,shared_education,1,universite de paris
Q25453450,Q496165,shared_education,1,جامعه السوربون
Q25453450,Q53015850,shared_education,1,universite paris-i-pantheon-sorbonne
Q25453450,Q55999324,shared_parties,2,ennahdha|حركه النهضه التونسيه
Q25453450,Q57699,shared_parties,2,ennahdha|حركه النهضه التونسيه
Q25453450,Q60573536,shared_education,1,universite paris-i-pantheon-sorbonne
Q25453450,Q60576591,shared_education,1,universite de paris
Q25453450,Q643348,shared_education,2,universite de paris|جامعه السوربون
Q25453450,Q653162,shared_education,1,universite de paris
Q25453450,Q668526,shared_parties,2,ennahdha|حركه النهضه التونسيه
Q25453450,Q744499,shared_education,1,جامعه السوربون
Q25453450,Q86734094,shared_parties,2,ennahdha|حركه النهضه التونسيه
Q25453450,Q89844681,shared_education,1,universite paris-i-pantheon-sorbonne
Q25453450,Q92316785,shared_parties,1,حركه النهضه التونسيه
Q25453450,Q92332624,shared_parties,1,ennahdha
Q25453450,Q98828599,shared_education,1,universite paris-i-pantheon-sorbonne
Q26505382,Q2836180,shared_birth_governorate,1,siliana
Q26505382,Q86734094,shared_birth_governorate,1,siliana
Q26505382,Q89996191,shared_birth_governorate,1,siliana
Q26505513,Q26905827,shared_education,1,universite paris-i-pantheon-sorbonne
Q26505513,Q27665914,shared_education,1,universite paris-i-pantheon-sorbonne
Q26505513,Q27758476,shared_parties,1,nidaa tounes
Q26505513,Q2820999,shared_parties,1,nidaa tounes
Q26505513,Q2821127,shared_birth_governorate,1,mahdia
Q26505513,Q2826117,shared_parties,1,nidaa tounes
Q26505513,Q28465669,shared_parties,1,nidaa tounes
Q26505513,Q28502176,shared_education,1,universite paris-i-pantheon-sorbonne
Q26505513,Q29577458,shared_parties,1,nidaa tounes
Q26505513,Q29577522,shared_parties,1,nidaa tounes
Q26505513,Q29580435,shared_parties,1,nidaa tounes
Q26505513,Q29580475,shared_parties,1,nidaa tounes
Q26505513,Q29580479,shared_parties,1,nidaa tounes
Q26505513,Q30118294,shared_parties,1,nidaa tounes
Q26505513,Q30728498,shared_parties,1,nidaa tounes
Q26505513,Q30729169,shared_parties,1,nidaa tounes
Q26505513,Q3125311,shared_parties,1,nidaa tounes
Q26505513,Q313539,shared_parties,1,nidaa tounes
Q26505513,Q3141381,shared_parties,1,nidaa tounes
Q26505513,Q3196140,shared_parties,1,nidaa tounes
Q26505513,Q3220051,shared_parties,1,nidaa tounes
Q26505513,Q3304511,shared_birth_governorate,1,mahdia
Q26505513,Q3318356,shared_parties,1,nidaa tounes
Q26505513,Q3318530,shared_birth_governorate,1,mahdia
Q26505513,Q3318530,shared_education,1,universite paris-i-pantheon-sorbonne
Q26505513,Q3318530,shared_parties,1,nidaa tounes
Q26505513,Q3320454,shared_education,1,universite paris-i-pantheon-sorbonne
Q26505513,Q3320646,shared_education,1,universite paris-i-pantheon-sorbonne
Q26505513,Q3331012,shared_parties,1,nidaa tounes
Q26505513,Q3417449,shared_parties,1,nidaa tounes
Q26505513,Q3431734,shared_parties,1,nidaa tounes
Q26505513,Q3474776,shared_parties,1,nidaa tounes
Q26505513,Q3486677,shared_parties,1,nidaa tounes
Q26505513,Q3571955,shared_birth_governorate,1,mahdia
Q26505513,Q43304124,shared_parties,1,nidaa tounes
Q26505513,Q517946,shared_parties,1,nidaa tounes
Q26505513,Q53015850,shared_education,1,universite paris-i-pantheon-sorbonne
Q26505513,Q55381738,shared_parties,1,nidaa tounes
Q26505513,Q60428357,shared_parties,1,nidaa tounes
Q26505513,Q60572709,shared_birth_governorate,1,mahdia
Q26505513,Q60573536,shared_education,1,universite paris-i-pantheon-sorbonne
Q26505513,Q653162,shared_birth_governorate,1,mahdia
Q26505513,Q89844681,shared_education,1,universite paris-i-pantheon-sorbonne
Q26505513,Q98828599,shared_education,1,universite paris-i-pantheon-sorbonne
Q2655671,Q2820925,shared_parties,1,neo-destour
Q2655671,Q2820997,shared_birth_governorate,1,sousse
Q2655671,Q2821037,shared_birth_governorate,1,sousse
Q2655671,Q2821297,shared_birth_governorate,1,sousse
Q2655671,Q2821308,shared_birth_governorate,1,sousse
Q2655671,Q2827512,shared_parties,1,neo-destour
Q2655671,Q2827624,shared_parties,1,neo-destour
Q2655671,Q2827627,shared_birth_governorate,1,sousse
Q2655671,Q2827627,shared_parties,1,neo-destour
Q2655671,Q28465669,shared_birth_governorate,1,sousse
Q2655671,Q28502176,shared_birth_governorate,1,sousse
Q2655671,Q2855981,shared_parties,1,neo-destour
Q2655671,Q2929686,shared_parties,1,neo-destour
Q2655671,Q30118294,shared_birth_governorate,1,sousse
Q2655671,Q3012366,shared_parties,1,neo-destour
Q2655671,Q3039490,shared_parties,1,neo-destour
Q2655671,Q3067195,shared_parties,1,neo-destour
Q2655671,Q3125288,shared_birth_governorate,1,sousse
Q2655671,Q3125311,shared_birth_governorate,1,sousse
Q2655671,Q3128202,shared_parties,1,neo-destour
Q2655671,Q3128235,shared_parties,1,neo-destour
Q2655671,Q3144591,shared_parties,1,neo-destour
Q2655671,Q3160736,shared_parties,1,neo-destour
Q2655671,Q3216753,shared_parties,1,neo-destour
Q2655671,Q3277799,shared_parties,1,neo-destour
Q2655671,Q3277819,shared_parties,1,neo-destour
Q2655671,Q3318622,shared_birth_governorate,1,sousse
Q2655671,Q3320424,shared_parties,1,neo-destour
Q2655671,Q3328946,shared_parties,1,neo-destour
Q2655671,Q3331012,shared_parties,1,neo-destour
Q2655671,Q3357601,shared_parties,1,neo-destour
Q2655671,Q3431743,shared_birth_governorate,1,sousse
Q2655671,Q3461164,shared_parties,1,neo-destour
Q2655671,Q3516543,shared_parties,1,neo-destour
Q2655671,Q431515,shared_birth_governorate,1,sousse
Q2655671,Q496042,shared_parties,1,neo-destour
Q2655671,Q50099224,shared_birth_governorate,1,sousse
Q2655671,Q50285534,shared_birth_governorate,1,sousse
Q2655671,Q54875084,shared_birth_governorate,1,sousse
Q2655671,Q54875085,shared_parties,1,neo-destour
Q2655671,Q55167831,shared_parties,1,neo-destour
Q2655671,Q563204,shared_parties,1,neo-destour
Q2655671,Q57699,shared_birth_governorate,1,sousse
Q2655671,Q60576591,shared_birth_governorate,1,sousse
Q2655671,Q643348,shared_parties,1,neo-destour
Q2655671,Q88467296,shared_birth_governorate,1,sousse
Q26710667,Q2972023,shared_birth_governorate,1,gabes
Q26710667,Q3160736,shared_birth_governorate,1,gabes
Q26710667,Q3216753,shared_birth_governorate,1,gabes
Q26710667,Q3318356,shared_birth_governorate,1,gabes
Q26710667,Q3320655,shared_birth_governorate,1,gabes
Q26710667,Q3358533,shared_birth_governorate,1,gabes
Q26710667,Q3417420,shared_birth_governorate,1,gabes
Q26710667,Q3431745,shared_birth_governorate,1,gabes
Q26710667,Q54875069,shared_birth_governorate,1,gabes
Q26710667,Q92199953,shared_birth_governorate,1,gabes
Q26831315,Q26834002,shared_parties,1,حركه النهضه التونسيه
Q26831315,Q27666209,shared_parties,1,حركه النهضه التونسيه
Q26831315,Q281184,shared_parties,1,حركه النهضه التونسيه
Q26831315,Q28502176,shared_education,2,universite paris-descartes|universite paris-viii
Q26831315,Q28714939,shared_parties,1,حركه النهضه التونسيه
Q26831315,Q29577510,shared_parties,1,حركه النهضه التونسيه
Q26831315,Q30217461,shared_parties,1,حركه النهضه التونسيه
Q26831315,Q3160876,shared_parties,1,حركه النهضه التونسيه
Q26831315,Q3318419,shared_parties,1,حركه النهضه التونسيه
Q26831315,Q3318652,shared_parties,1,حركه النهضه التونسيه
Q26831315,Q3318800,shared_parties,1,حركه النهضه التونسيه
Q26831315,Q3320435,shared_parties,1,حركه النهضه التونسيه
Q26831315,Q3417420,shared_parties,1,حركه النهضه التونسيه
Q26831315,Q3430010,shared_parties,1,حركه النهضه التونسيه
Q26831315,Q3431747,shared_parties,1,حركه النهضه التونسيه
Q26831315,Q3469772,shared_education,1,universite paris-descartes
Q26831315,Q3470837,shared_parties,1,حركه النهضه التونسيه
Q26831315,Q3473691,shared_education,1,universite paris-descartes
Q26831315,Q3486675,shared_parties,1,حركه النهضه التونسيه
Q26831315,Q55999324,shared_parties,1,حركه النهضه التونسيه
Q26831315,Q57699,shared_parties,1,حركه النهضه التونسيه
Q26831315,Q668526,shared_parties,1,حركه النهضه التونسيه
Q26831315,Q86734094,shared_parties,1,حركه النهضه التونسيه
Q26831315,Q92316785,shared_parties,1,حركه النهضه التونسيه
Q26834002,Q27666209,shared_parties,2,ennahdha|حركه النهضه التونسيه
Q26834002,Q281184,shared_parties,2,ennahdha|حركه النهضه التونسيه
Q26834002,Q282026,shared_birth_governorate,1,monastir
Q26834002,Q2821012,shared_birth_governorate,1,monastir
Q26834002,Q2821055,shared_birth_governorate,1,monastir
Q26834002,Q2821119,shared_parties,1,ennahdha
Q26834002,Q2821154,shared_parties,1,ennahdha
Q26834002,Q2827512,shared_birth_governorate,1,monastir
Q26834002,Q28714939,shared_parties,2,ennahdha|حركه النهضه التونسيه
Q26834002,Q2912277,shared_birth_governorate,1,monastir
Q26834002,Q2929705,shared_birth_governorate,1,monastir
Q26834002,Q2947600,shared_birth_governorate,1,monastir
Q26834002,Q2947600,shared_parties,1,ennahdha
Q26834002,Q29577510,shared_parties,2,ennahdha|حركه النهضه التونسيه
Q26834002,Q29580479,shared_birth_governorate,1,monastir
Q26834002,Q30217461,shared_parties,2,ennahdha|حركه النهضه التونسيه
Q26834002,Q308017,shared_birth_governorate,1,monastir
Q26834002,Q3125835,shared_birth_governorate,1,monastir
Q26834002,Q3141381,shared_birth_governorate,1,monastir
Q26834002,Q3144591,shared_birth_governorate,1,monastir
Q26834002,Q3160876,shared_parties,2,ennahdha|حركه النهضه التونسيه
Q26834002,Q3286574,shared_birth_governorate,1,monastir
Q26834002,Q3318419,shared_parties,2,ennahdha|حركه النهضه التونسيه
Q26834002,Q3318652,shared_parties,2,ennahdha|حركه النهضه التونسيه
Q26834002,Q3318702,shared_birth_governorate,1,monastir
Q26834002,Q3318797,shared_birth_governorate,1,monastir
Q26834002,Q3318800,shared_parties,2,ennahdha|حركه النهضه التونسيه
Q26834002,Q3320435,shared_parties,2,ennahdha|حركه النهضه التونسيه
Q26834002,Q3320650,shared_birth_governorate,1,monastir
Q26834002,Q3328959,shared_birth_governorate,1,monastir
Q26834002,Q3331032,shared_birth_governorate,1,monastir
Q26834002,Q3347261,shared_birth_governorate,1,monastir
Q26834002,Q3417420,shared_parties,2,ennahdha|حركه النهضه التونسيه
Q26834002,Q3430010,shared_parties,2,ennahdha|حركه النهضه التونسيه
Q26834002,Q3431735,shared_birth_governorate,1,monastir
Q26834002,Q3431747,shared_parties,2,ennahdha|حركه النهضه التونسيه
Q26834002,Q3470837,shared_parties,2,ennahdha|حركه النهضه التونسيه
Q26834002,Q3486675,shared_parties,2,ennahdha|حركه النهضه التونسيه
Q26834002,Q3516539,shared_birth_governorate,1,monastir
Q26834002,Q377921,shared_birth_governorate,1,monastir
Q26834002,Q48757077,shared_birth_governorate,1,monastir
Q26834002,Q55999324,shared_parties,2,ennahdha|حركه النهضه التونسيه
Q26834002,Q57699,shared_parties,2,ennahdha|حركه النهضه التونسيه
Q26834002,Q643348,shared_birth_governorate,1,monastir
Q26834002,Q668526,shared_parties,2,ennahdha|حركه النهضه التونسيه
Q26834002,Q86734094,shared_parties,2,ennahdha|حركه النهضه التونسيه
Q26834002,Q92316785,shared_parties,1,حركه النهضه التونسيه
Q26834002,Q92332624,shared_parties,1,ennahdha
Q26834002,Q98828346,shared_birth_governorate,1,monastir
Q26905827,Q27665914,shared_education,1,universite paris-i-pantheon-sorbonne
Q26905827,Q28502176,shared_education,1,universite paris-i-pantheon-sorbonne
Q26905827,Q3318530,shared_education,1,universite paris-i-pantheon-sorbonne
Q26905827,Q3320454,shared_education,1,universite paris-i-pantheon-sorbonne
Q26905827,Q3320646,shared_education,1,universite paris-i-pantheon-sorbonne
Q26905827,Q53015850,shared_education,1,universite paris-i-pantheon-sorbonne
Q26905827,Q60573536,shared_education,1,universite paris-i-pantheon-sorbonne
Q26905827,Q89844681,shared_education,1,universite paris-i-pantheon-sorbonne
Q26905827,Q98828599,shared_education,1,universite paris-i-pantheon-sorbonne
Q27179077,Q282026,shared_education,1,college sadiki
Q27179077,Q2821154,shared_birth_governorate,1,le kef
Q27179077,Q2821241,shared_birth_governorate,1,le kef
Q27179077,Q2821259,shared_education,1,college sadiki
Q27179077,Q2821273,shared_education,1,college sadiki
Q27179077,Q2827512,shared_education,1,college sadiki
Q27179077,Q2836334,shared_education,1,college sadiki
Q27179077,Q2875153,shared_education,1,college sadiki
Q27179077,Q2961945,shared_education,1,college sadiki
Q27179077,Q3067195,shared_education,1,college sadiki
Q27179077,Q313539,shared_education,1,college sadiki
Q27179077,Q3144594,shared_education,1,college sadiki
Q27179077,Q3196139,shared_education,1,college sadiki
Q27179077,Q3216753,shared_education,1,college sadiki
Q27179077,Q3320544,shared_education,1,college sadiki
Q27179077,Q3320644,shared_education,1,college sadiki
Q27179077,Q3320650,shared_education,1,college sadiki
Q27179077,Q3328933,shared_education,1,college sadiki
Q27179077,Q3328946,shared_education,1,college sadiki
Q27179077,Q3344886,shared_education,1,college sadiki
Q27179077,Q3461164,shared_education,1,college sadiki
Q27179077,Q3470003,shared_education,1,college sadiki
Q27179077,Q3516540,shared_education,1,college sadiki
Q27179077,Q3516543,shared_education,1,college sadiki
Q27179077,Q377921,shared_education,1,college sadiki
Q27179077,Q48757077,shared_education,1,college sadiki
Q27179077,Q495681,shared_education,1,college sadiki
Q27179077,Q496165,shared_education,1,college sadiki
Q27179077,Q507856,shared_education,1,college sadiki
Q27179077,Q586623,shared_education,1,college sadiki
Q27179077,Q643348,shared_education,1,college sadiki
Q27179077,Q800238,shared_education,1,college sadiki
Q27179077,Q980071,shared_birth_governorate,1,le kef
Q27665914,Q2827554,shared_education,1,universite de paris
Q27665914,Q2827624,shared_education,1,جامعه السوربون
Q27665914,Q28502176,shared_education,1,universite paris-i-pantheon-sorbonne
Q27665914,Q2875109,shared_education,1,جامعه السوربون
Q27665914,Q2961945,shared_education,1,universite de paris
Q27665914,Q3039490,shared_education,1,جامعه السوربون
Q27665914,Q3128291,shared_education,1,جامعه السوربون
Q27665914,Q3318465,shared_education,1,universite de paris
Q27665914,Q3318509,shared_education,1,جامعه السوربون
Q27665914,Q3318530,shared_education,1,universite paris-i-pantheon-sorbonne
Q27665914,Q3320454,shared_education,1,universite paris-i-pantheon-sorbonne
Q27665914,Q3320538,shared_education,1,جامعه السوربون
Q27665914,Q3320644,shared_education,1,universite de paris
Q27665914,Q3320646,shared_education,1,universite paris-i-pantheon-sorbonne
Q27665914,Q3328946,shared_education,1,جامعه السوربون
Q27665914,Q3431743,shared_education,2,universite de paris|جامعه السوربون
Q27665914,Q3469530,shared_education,1,جامعه السوربون
Q27665914,Q3483754,shared_education,1,جامعه السوربون
Q27665914,Q43654658,shared_education,1,universite de paris
Q27665914,Q496165,shared_education,1,جامعه السوربون
Q27665914,Q53015850,shared_education,1,universite paris-i-pantheon-sorbonne
Q27665914,Q60573536,shared_education,1,universite paris-i-pantheon-sorbonne
Q27665914,Q60576591,shared_education,1,universite de paris
Q27665914,Q643348,shared_education,2,universite de paris|جامعه السوربون
Q27665914,Q653162,shared_education,1,universite de paris
Q27665914,Q744499,shared_education,1,جامعه السوربون
Q27665914,Q89844681,shared_education,1,universite paris-i-pantheon-sorbonne
Q27665914,Q98828599,shared_education,1,universite paris-i-pantheon-sorbonne
Q27666209,Q281184,shared_parties,2,ennahdha|حركه النهضه التونسيه
Q27666209,Q2821119,shared_parties,1,ennahdha
Q27666209,Q2821146,shared_birth_governorate,1,nabeul
Q27666209,Q2821154,shared_parties,1,ennahdha
Q27666209,Q28654181,shared_birth_governorate,1,nabeul
Q27666209,Q28714939,shared_parties,2,ennahdha|حركه النهضه التونسيه
Q27666209,Q29440996,shared_birth_governorate,1,nabeul
Q27666209,Q2947600,shared_parties,1,ennahdha
Q27666209,Q29577510,shared_parties,2,ennahdha|حركه النهضه التونسيه
Q27666209,Q3012366,shared_birth_governorate,1,nabeul
Q27666209,Q30217461,shared_parties,2,ennahdha|حركه النهضه التونسيه
Q27666209,Q30729046,shared_birth_governorate,1,nabeul
Q27666209,Q3079840,shared_birth_governorate,1,nabeul
Q27666209,Q3160876,shared_parties,2,ennahdha|حركه النهضه التونسيه
Q27666209,Q3217980,shared_birth_governorate,1,nabeul
Q27666209,Q3318311,shared_birth_governorate,1,nabeul
Q27666209,Q3318375,shared_birth_governorate,1,nabeul
Q27666209,Q3318419,shared_parties,2,ennahdha|حركه النهضه التونسيه
Q27666209,Q3318652,shared_parties,2,ennahdha|حركه النهضه التونسيه
Q27666209,Q3318731,shared_birth_governorate,1,nabeul
Q27666209,Q3318774,shared_birth_governorate,1,nabeul
Q27666209,Q3318800,shared_birth_governorate,1,nabeul
Q27666209,Q3318800,shared_parties,2,ennahdha|حركه النهضه التونسيه
Q27666209,Q3320424,shared_birth_governorate,1,nabeul
Q27666209,Q3320435,shared_parties,2,ennahdha|حركه النهضه التونسيه
Q27666209,Q3320644,shared_birth_governorate,1,nabeul
Q27666209,Q3417420,shared_parties,2,ennahdha|حركه النهضه التونسيه
Q27666209,Q3430010,shared_parties,2,ennahdha|حركه النهضه التونسيه
Q27666209,Q3431747,shared_parties,2,ennahdha|حركه النهضه التونسيه
Q27666209,Q3470837,shared_parties,2,ennahdha|حركه النهضه التونسيه
Q27666209,Q3486675,shared_parties,2,ennahdha|حركه النهضه التونسيه
Q27666209,Q496165,shared_birth_governorate,1,nabeul
Q27666209,Q54875074,shared_birth_governorate,1,nabeul
Q27666209,Q55999324,shared_parties,2,ennahdha|حركه النهضه التونسيه
Q27666209,Q57699,shared_parties,2,ennahdha|حركه النهضه التونسيه
Q27666209,Q65130650,shared_birth_governorate,1,nabeul
Q27666209,Q668526,shared_parties,2,ennahdha|حركه النهضه التونسيه
Q27666209,Q86734094,shared_parties,2,ennahdha|حركه النهضه التونسيه
Q27666209,Q92316785,shared_parties,1,حركه النهضه التونسيه
Q27666209,Q92332624,shared_birth_governorate,1,nabeul
Q27666209,Q92332624,shared_parties,1,ennahdha
Q27756642,Q281184,shared_birth_governorate,1,medenine
Q27756642,Q2824176,shared_birth_governorate,1,medenine
Q27756642,Q2827529,shared_birth_governorate,1,medenine
Q27756642,Q2827554,shared_birth_governorate,1,medenine
Q27756642,Q2827587,shared_birth_governorate,1,medenine
Q27756642,Q2929679,shared_birth_governorate,1,medenine
Q27756642,Q29577510,shared_birth_governorate,1,medenine
Q27756642,Q30217461,shared_birth_governorate,1,medenine
Q27756642,Q30729047,shared_birth_governorate,1,medenine
Q27756642,Q3430010,shared_birth_governorate,1,medenine
Q27756642,Q3461164,shared_birth_governorate,1,medenine
Q27756642,Q3469772,shared_birth_governorate,1,medenine
Q27756642,Q3470859,shared_birth_governorate,1,medenine
Q27756642,Q496042,shared_birth_governorate,1,medenine
Q27756642,Q54875067,shared_birth_governorate,1,medenine
Q27756642,Q61598250,shared_birth_governorate,1,medenine
Q27756741,Q28105062,shared_education,2,universite de tunis|جامعه تونس
Q27756741,Q2820931,shared_education,1,universite de tunis
Q27756741,Q2821037,shared_education,1,universite de tunis
Q27756741,Q2821057,shared_education,1,universite de tunis
Q27756741,Q2821146,shared_education,1,universite de tunis
Q27756741,Q2821212,shared_education,1,universite de tunis
Q27756741,Q2821273,shared_education,1,universite de tunis
Q27756741,Q2821297,shared_education,1,universite de tunis
Q27756741,Q2827482,shared_birth_governorate,1,kairouan
Q27756741,Q2827529,shared_education,1,universite de tunis
Q27756741,Q2827554,shared_education,1,universite de tunis
Q27756741,Q2836180,shared_education,2,universite de tunis|جامعه تونس
Q27756741,Q28869633,shared_education,2,universite de tunis|جامعه تونس
Q27756741,Q2929686,shared_birth_governorate,1,kairouan
Q27756741,Q2929705,shared_education,1,universite de tunis
Q27756741,Q29577458,shared_birth_governorate,1,kairouan
Q27756741,Q3066858,shared_education,1,universite de tunis
Q27756741,Q3125299,shared_education,2,universite de tunis|جامعه تونس
Q27756741,Q3125311,shared_education,1,universite de tunis
Q27756741,Q3125336,shared_education,2,universite de tunis|جامعه تونس
Q27756741,Q3128291,shared_education,2,universite de tunis|جامعه تونس
Q27756741,Q3141381,shared_education,1,universite de tunis
Q27756741,Q3196140,shared_birth_governorate,1,kairouan
Q27756741,Q3304511,shared_education,1,universite de tunis
Q27756741,Q3318311,shared_education,1,universite de tunis
Q27756741,Q3318509,shared_education,1,universite de tunis
Q27756741,Q3318530,shared_education,2,universite de tunis|جامعه تونس
Q27756741,Q3318545,shared_birth_governorate,1,kairouan
Q27756741,Q3318757,shared_education,1,universite de tunis
Q27756741,Q3318781,shared_education,1,universite de tunis
Q27756741,Q3319366,shared_education,1,universite de tunis
Q27756741,Q3328946,shared_birth_governorate,1,kairouan
Q27756741,Q3328959,shared_education,1,جامعه تونس
Q27756741,Q3334747,shared_birth_governorate,1,kairouan
Q27756741,Q3357601,shared_birth_governorate,1,kairouan
Q27756741,Q3358533,shared_education,2,universite de tunis|جامعه تونس
Q27756741,Q3417300,shared_education,1,universite de tunis
Q27756741,Q3417419,shared_education,2,universite de tunis|جامعه تونس
Q27756741,Q3423310,shared_education,1,universite de tunis
Q27756741,Q3461169,shared_education,2,universite de tunis|جامعه تونس
Q27756741,Q3469690,shared_education,1,universite de tunis
Q27756741,Q3486507,shared_birth_governorate,1,kairouan
Q27756741,Q3486507,shared_education,2,universite de tunis|جامعه تونس
Q27756741,Q3486512,shared_education,1,universite de tunis
Q27756741,Q3486513,shared_birth_governorate,1,kairouan
Q27756741,Q3486689,shared_education,2,universite de tunis|جامعه تونس
Q27756741,Q3515404,shared_education,1,universite de tunis
Q27756741,Q431515,shared_education,1,universite de tunis
Q27756741,Q43654658,shared_education,1,universite de tunis
Q27756741,Q57699,shared_education,2,universite de tunis|جامعه تونس
Q27756741,Q668526,shared_education,2,universite de tunis|جامعه تونس
Q27756741,Q85822499,shared_education,1,universite de tunis
Q27758476,Q2820931,shared_birth_governorate,1,sfax
Q27758476,Q2820999,shared_parties,1,nidaa tounes
Q27758476,Q2821057,shared_birth_governorate,1,sfax
Q27758476,Q2821210,shared_birth_governorate,1,sfax
Q27758476,Q2821212,shared_birth_governorate,1,sfax
Q27758476,Q2821280,shared_birth_governorate,1,sfax
Q27758476,Q2826117,shared_parties,1,nidaa tounes
Q27758476,Q28465669,shared_parties,1,nidaa tounes
Q27758476,Q28653580,shared_birth_governorate,1,sfax
Q27758476,Q29577458,shared_parties,1,nidaa tounes
Q27758476,Q29577522,shared_parties,1,nidaa tounes
Q27758476,Q29580435,shared_parties,1,nidaa tounes
Q27758476,Q29580475,shared_parties,1,nidaa tounes
Q27758476,Q29580479,shared_parties,1,nidaa tounes
Q27758476,Q30118294,shared_parties,1,nidaa tounes
Q27758476,Q30728498,shared_parties,1,nidaa tounes
Q27758476,Q30729169,shared_parties,1,nidaa tounes
Q27758476,Q3125311,shared_parties,1,nidaa tounes
Q27758476,Q313539,shared_parties,1,nidaa tounes
Q27758476,Q3141381,shared_parties,1,nidaa tounes
Q27758476,Q3196140,shared_parties,1,nidaa tounes
Q27758476,Q3220051,shared_parties,1,nidaa tounes
Q27758476,Q3318356,shared_parties,1,nidaa tounes
Q27758476,Q3318475,shared_birth_governorate,1,sfax
Q27758476,Q3318530,shared_parties,1,nidaa tounes
Q27758476,Q3320435,shared_birth_governorate,1,sfax
Q27758476,Q3331012,shared_birth_governorate,1,sfax
Q27758476,Q3331012,shared_parties,1,nidaa tounes
Q27758476,Q3344886,shared_birth_governorate,1,sfax
Q27758476,Q3417449,shared_parties,1,nidaa tounes
Q27758476,Q3431734,shared_parties,1,nidaa tounes
Q27758476,Q3461169,shared_birth_governorate,1,sfax
Q27758476,Q3469690,shared_birth_governorate,1,sfax
Q27758476,Q3473691,shared_birth_governorate,1,sfax
Q27758476,Q3474776,shared_parties,1,nidaa tounes
Q27758476,Q3486512,shared_birth_governorate,1,sfax
Q27758476,Q3486677,shared_birth_governorate,1,sfax
Q27758476,Q3486677,shared_parties,1,nidaa tounes
Q27758476,Q3490439,shared_birth_governorate,1,sfax
Q27758476,Q42311056,shared_birth_governorate,1,sfax
Q27758476,Q43304124,shared_parties,1,nidaa tounes
Q27758476,Q43654658,shared_birth_governorate,1,sfax
Q27758476,Q517946,shared_parties,1,nidaa tounes
Q27758476,Q55381738,shared_birth_governorate,1,sfax
Q27758476,Q55381738,shared_parties,1,nidaa tounes
Q27758476,Q60428357,shared_parties,1,nidaa tounes
Q27758476,Q668526,shared_birth_governorate,1,sfax
Q27758476,Q744499,shared_birth_governorate,1,sfax
Q27758476,Q92316785,shared_birth_governorate,1,sfax
Q27758476,Q92354033,shared_birth_governorate,1,sfax
Q27758476,Q99539200,shared_birth_governorate,1,sfax
Q28105062,Q2820931,shared_education,1,universite de tunis
Q28105062,Q2821037,shared_education,1,universite de tunis
Q28105062,Q2821057,shared_education,1,universite de tunis
Q28105062,Q2821146,shared_education,1,universite de tunis
Q28105062,Q2821212,shared_education,1,universite de tunis
Q28105062,Q2821273,shared_education,1,universite de tunis
Q28105062,Q2821297,shared_education,1,universite de tunis
Q28105062,Q2827529,shared_education,1,universite de tunis
Q28105062,Q2827554,shared_education,1,universite de tunis
Q28105062,Q2836180,shared_education,2,universite de tunis|جامعه تونس
Q28105062,Q28869633,shared_education,2,universite de tunis|جامعه تونس
Q28105062,Q2912277,shared_education,1,معهد الصحافه وعلوم الاخبار
Q28105062,Q2929705,shared_education,1,universite de tunis
Q28105062,Q3066858,shared_education,1,universite de tunis
Q28105062,Q3125299,shared_education,2,universite de tunis|جامعه تونس
Q28105062,Q3125311,shared_education,1,universite de tunis
Q28105062,Q3125336,shared_education,2,universite de tunis|جامعه تونس
Q28105062,Q3128291,shared_education,2,universite de tunis|جامعه تونس
Q28105062,Q3141381,shared_education,1,universite de tunis
Q28105062,Q3304511,shared_education,1,universite de tunis
Q28105062,Q3318311,shared_education,1,universite de tunis
Q28105062,Q3318509,shared_education,1,universite de tunis
Q28105062,Q3318530,shared_education,2,universite de tunis|جامعه تونس
Q28105062,Q3318757,shared_education,1,universite de tunis
Q28105062,Q3318781,shared_education,1,universite de tunis
Q28105062,Q3319366,shared_education,1,universite de tunis
Q28105062,Q3328959,shared_education,1,جامعه تونس
Q28105062,Q3358533,shared_education,2,universite de tunis|جامعه تونس
Q28105062,Q3417300,shared_education,1,universite de tunis
Q28105062,Q3417419,shared_education,2,universite de tunis|جامعه تونس
Q28105062,Q3423310,shared_education,1,universite de tunis
Q28105062,Q3461169,shared_education,2,universite de tunis|جامعه تونس
Q28105062,Q3469690,shared_education,1,universite de tunis
Q28105062,Q3486507,shared_education,2,universite de tunis|جامعه تونس
Q28105062,Q3486512,shared_education,1,universite de tunis
Q28105062,Q3486689,shared_education,2,universite de tunis|جامعه تونس
Q28105062,Q3515404,shared_education,1,universite de tunis
Q28105062,Q431515,shared_education,1,universite de tunis
Q28105062,Q43654658,shared_education,1,universite de tunis
Q28105062,Q57699,shared_education,2,universite de tunis|جامعه تونس
Q28105062,Q668526,shared_education,2,universite de tunis|جامعه تونس
Q28105062,Q85822499,shared_education,1,universite de tunis
Q281184,Q2821119,shared_parties,1,ennahdha
Q281184,Q2821154,shared_parties,1,ennahdha
Q281184,Q2824176,shared_birth_governorate,1,medenine
Q281184,Q2827529,shared_birth_governorate,1,medenine
Q281184,Q2827554,shared_birth_governorate,1,medenine
Q281184,Q2827587,shared_birth_governorate,1,medenine
Q281184,Q28714939,shared_parties,2,ennahdha|حركه النهضه التونسيه
Q281184,Q2929679,shared_birth_governorate,1,medenine
Q281184,Q2947600,shared_parties,1,ennahdha
Q281184,Q29577510,shared_birth_governorate,1,medenine
Q281184,Q29577510,shared_parties,2,ennahdha|حركه النهضه التونسيه
Q281184,Q30217461,shared_birth_governorate,1,medenine
Q281184,Q30217461,shared_parties,2,ennahdha|حركه النهضه التونسيه
Q281184,Q30729047,shared_birth_governorate,1,medenine
Q281184,Q3160876,shared_parties,2,ennahdha|حركه النهضه التونسيه
Q281184,Q3318419,shared_parties,2,ennahdha|حركه النهضه التونسيه
Q281184,Q3318652,shared_parties,2,ennahdha|حركه النهضه التونسيه
Q281184,Q3318800,shared_parties,2,ennahdha|حركه النهضه التونسيه
Q281184,Q3320435,shared_parties,2,ennahdha|حركه النهضه التونسيه
Q281184,Q3417420,shared_parties,2,ennahdha|حركه النهضه التونسيه
Q281184,Q3430010,shared_birth_governorate,1,medenine
Q281184,Q3430010,shared_parties,2,ennahdha|حركه النهضه التونسيه
Q281184,Q3431747,shared_parties,2,ennahdha|حركه النهضه التونسيه
Q281184,Q3461164,shared_birth_governorate,1,medenine
Q281184,Q3469772,shared_birth_governorate,1,medenine
Q281184,Q3470837,shared_parties,2,ennahdha|حركه النهضه التونسيه
Q281184,Q3470859,shared_birth_governorate,1,medenine
Q281184,Q3486675,shared_parties,2,ennahdha|حركه النهضه التونسيه
Q281184,Q496042,shared_birth_governorate,1,medenine
Q281184,Q54875067,shared_birth_governorate,1,medenine
Q281184,Q55999324,shared_parties,2,ennahdha|حركه النهضه التونسيه
Q281184,Q57699,shared_parties,2,ennahdha|حركه النهضه التونسيه
Q281184,Q61598250,shared_birth_governorate,1,medenine
Q281184,Q668526,shared_parties,2,ennahdha|حركه النهضه التونسيه
Q281184,Q86734094,shared_parties,2,ennahdha|حركه النهضه التونسيه
Q281184,Q92316785,shared_parties,1,حركه النهضه التونسيه
Q281184,Q92332624,shared_parties,1,ennahdha
Q282026,Q2820925,shared_parties,1,parti socialiste destourien
Q282026,Q2820931,shared_parties,1,parti socialiste destourien
Q282026,Q2820994,shared_parties,1,parti socialiste destourien
Q282026,Q2821012,shared_birth_governorate,1,monastir
Q282026,Q2821055,shared_birth_governorate,1,monastir
Q282026,Q2821055,shared_parties,1,parti socialiste destourien
Q282026,Q2821259,shared_education,1,college sadiki
Q282026,Q2821273,shared_education,1,college sadiki
Q282026,Q2827512,shared_birth_governorate,1,monastir
Q282026,Q2827512,shared_education,1,college sadiki
Q282026,Q2827624,shared_parties,1,parti socialiste destourien
Q282026,Q2836334,shared_education,1,college sadiki
Q282026,Q2875153,shared_education,1,college sadiki
Q282026,Q2912277,shared_birth_governorate,1,monastir
Q282026,Q2929705,shared_birth_governorate,1,monastir
Q282026,Q29440996,shared_parties,1,parti socialiste destourien
Q282026,Q2947600,shared_birth_governorate,1,monastir
Q282026,Q29580479,shared_birth_governorate,1,monastir
Q282026,Q2961945,shared_education,1,college sadiki
Q282026,Q3067195,shared_education,1,college sadiki
Q282026,Q3067195,shared_parties,1,parti socialiste destourien
Q282026,Q308017,shared_birth_governorate,1,monastir
Q282026,Q308017,shared_parties,1,parti socialiste destourien
Q282026,Q3125835,shared_birth_governorate,1,monastir
Q282026,Q3128235,shared_parties,1,parti socialiste destourien
Q282026,Q313539,shared_education,1,college sadiki
Q282026,Q3141381,shared_birth_governorate,1,monastir
Q282026,Q3144591,shared_birth_governorate,1,monastir
Q282026,Q3144594,shared_education,1,college sadiki
Q282026,Q3196139,shared_education,1,college sadiki
Q282026,Q3216753,shared_education,1,college sadiki
Q282026,Q3286574,shared_birth_governorate,1,monastir
Q282026,Q3286574,shared_parties,1,parti socialiste destourien
Q282026,Q3318530,shared_parties,1,parti socialiste destourien
Q282026,Q3318622,shared_parties,1,parti socialiste destourien
Q282026,Q3318702,shared_birth_governorate,1,monastir
Q282026,Q3318797,shared_birth_governorate,1,monastir
Q282026,Q3320435,shared_education,1,universite de toulouse
Q282026,Q3320454,shared_education,1,universite de toulouse
Q282026,Q3320538,shared_parties,1,parti socialiste destourien
Q282026,Q3320544,shared_education,1,college sadiki
Q282026,Q3320644,shared_education,1,college sadiki
Q282026,Q3320650,shared_birth_governorate,1,monastir
Q282026,Q3320650,shared_education,1,college sadiki
Q282026,Q3320650,shared_parties,1,parti socialiste destourien
Q282026,Q3328933,shared_education,1,college sadiki
Q282026,Q3328946,shared_education,1,college sadiki
Q282026,Q3328946,shared_parties,1,parti socialiste destourien
Q282026,Q3328959,shared_birth_governorate,1,monastir
Q282026,Q3331012,shared_parties,1,parti socialiste destourien
Q282026,Q3331032,shared_birth_governorate,1,monastir
Q282026,Q3331032,shared_parties,1,parti socialiste destourien
Q282026,Q3344886,shared_education,1,college sadiki
Q282026,Q3344886,shared_parties,1,parti socialiste destourien
Q282026,Q3347261,shared_birth_governorate,1,monastir
Q282026,Q3357601,shared_parties,1,parti socialiste destourien
Q282026,Q3431735,shared_birth_governorate,1,monastir
Q282026,Q3461164,shared_education,1,college sadiki
Q282026,Q3461176,shared_parties,1,parti socialiste destourien
Q282026,Q3470003,shared_education,1,college sadiki
Q282026,Q3516539,shared_birth_governorate,1,monastir
Q282026,Q3516540,shared_education,1,college sadiki
Q282026,Q3516543,shared_education,1,college sadiki
Q282026,Q377921,shared_birth_governorate,1,monastir
Q282026,Q377921,shared_education,1,college sadiki
Q282026,Q377921,shared_parties,1,parti socialiste destourien
Q282026,Q3951110,shared_parties,1,parti socialiste destourien
Q282026,Q48757077,shared_birth_governorate,1,monastir
Q282026,Q48757077,shared_education,1,college sadiki
Q282026,Q495681,shared_education,1,college sadiki
Q282026,Q496165,shared_education,1,college sadiki
Q282026,Q50285534,shared_parties,1,parti socialiste destourien
Q282026,Q507856,shared_education,1,college sadiki
Q282026,Q54875068,shared_parties,1,parti socialiste destourien
Q282026,Q54875069,shared_parties,1,parti socialiste destourien
Q282026,Q54875074,shared_parties,1,parti socialiste destourien
Q282026,Q54875084,shared_parties,1,parti socialiste destourien
Q282026,Q54875134,shared_parties,1,parti socialiste destourien
Q282026,Q55196894,shared_parties,1,parti socialiste destourien
Q282026,Q55392091,shared_parties,1,parti socialiste destourien
Q282026,Q55392098,shared_parties,1,parti socialiste destourien
Q282026,Q586623,shared_education,1,college sadiki
Q282026,Q60573416,shared_parties,1,parti socialiste destourien
Q282026,Q60573536,shared_parties,1,parti socialiste destourien
Q282026,Q643348,shared_birth_governorate,1,monastir
Q282026,Q643348,shared_education,1,college sadiki
Q282026,Q653162,shared_parties,1,parti socialiste destourien
Q282026,Q800238,shared_education,1,college sadiki
Q282026,Q800238,shared_parties,1,parti socialiste destourien
Q282026,Q98828346,shared_birth_governorate,1,monastir
Q2820925,Q2820931,shared_parties,1,parti socialiste destourien
Q2820925,Q2820994,shared_parties,1,parti socialiste destourien
Q2820925,Q2821055,shared_parties,1,parti socialiste destourien
Q2820925,Q2827512,shared_parties,1,neo-destour
Q2820925,Q2827624,shared_parties,2,neo-destour|parti socialiste destourien
Q2820925,Q2827627,shared_parties,1,neo-destour
Q2820925,Q2855981,shared_parties,1,neo-destour
Q2820925,Q2929686,shared_parties,1,neo-destour
Q2820925,Q29440996,shared_parties,1,parti socialiste destourien
Q2820925,Q3012366,shared_parties,1,neo-destour
Q2820925,Q3039490,shared_parties,1,neo-destour
Q2820925,Q3067195,shared_parties,2,neo-destour|parti socialiste destourien
Q2820925,Q308017,shared_parties,1,parti socialiste destourien
Q2820925,Q3128202,shared_parties,1,neo-destour
Q2820925,Q3128235,shared_parties,2,neo-destour|parti socialiste destourien
Q2820925,Q3144591,shared_parties,1,neo-destour
Q2820925,Q3160736,shared_parties,1,neo-destour
Q2820925,Q3216753,shared_parties,1,neo-destour
Q2820925,Q3277799,shared_parties,1,neo-destour
Q2820925,Q3277819,shared_parties,1,neo-destour
Q2820925,Q3286574,shared_parties,1,parti socialiste destourien
Q2820925,Q3318530,shared_parties,1,parti socialiste destourien
Q2820925,Q3318622,shared_parties,1,parti socialiste destourien
Q2820925,Q3320424,shared_parties,1,neo-destour
Q2820925,Q3320538,shared_parties,1,parti socialiste destourien
Q2820925,Q3320650,shared_parties,1,parti socialiste destourien
Q2820925,Q3328946,shared_parties,2,neo-destour|parti socialiste destourien
Q2820925,Q3331012,shared_parties,2,neo-destour|parti socialiste destourien
Q2820925,Q3331032,shared_parties,1,parti socialiste destourien
Q2820925,Q3344886,shared_parties,1,parti socialiste destourien
Q2820925,Q3357601,shared_parties,2,neo-destour|parti socialiste destourien
Q2820925,Q3461164,shared_parties,1,neo-destour
Q2820925,Q3461176,shared_parties,1,parti socialiste destourien
Q2820925,Q3516543,shared_parties,1,neo-destour
Q2820925,Q377921,shared_parties,1,parti socialiste destourien
Q2820925,Q3951110,shared_parties,1,parti socialiste destourien
Q2820925,Q496042,shared_parties,1,neo-destour
Q2820925,Q50285534,shared_parties,1,parti socialiste destourien
Q2820925,Q54875068,shared_parties,1,parti socialiste destourien
Q2820925,Q54875069,shared_parties,1,parti socialiste destourien
Q2820925,Q54875074,shared_parties,1,parti socialiste destourien
Q2820925,Q54875084,shared_parties,1,parti socialiste destourien
Q2820925,Q54875085,shared_parties,1,neo-destour
Q2820925,Q54875134,shared_parties,1,parti socialiste destourien
Q2820925,Q55167831,shared_parties,1,neo-destour
Q2820925,Q55196894,shared_parties,1,parti socialiste destourien
Q2820925,Q55392091,shared_parties,1,parti socialiste destourien
Q2820925,Q55392098,shared_parties,1,parti socialiste destourien
Q2820925,Q563204,shared_parties,1,neo-destour
Q2820925,Q60573416,shared_parties,1,parti socialiste destourien
Q2820925,Q60573536,shared_parties,1,parti socialiste destourien
Q2820925,Q643348,shared_parties,1,neo-destour
Q2820925,Q653162,shared_parties,1,parti socialiste destourien
Q2820925,Q800238,shared_parties,1,parti socialiste destourien
Q2820931,Q2820994,shared_parties,1,parti socialiste destourien
Q2820931,Q2821037,shared_education,1,universite de tunis
Q2820931,Q2821055,shared_parties,1,parti socialiste destourien
Q2820931,Q2821057,shared_birth_governorate,1,sfax
Q2820931,Q2821057,shared_education,1,universite de tunis
Q2820931,Q2821146,shared_education,1,universite de tunis
Q2820931,Q2821210,shared_birth_governorate,1,sfax
Q2820931,Q2821210,shared_education,1,ecole nationale d'administration
Q2820931,Q2821212,shared_birth_governorate,1,sfax
Q2820931,Q2821212,shared_education,1,universite de tunis
Q2820931,Q2821273,shared_education,1,universite de tunis
Q2820931,Q2821280,shared_birth_governorate,1,sfax
Q2820931,Q2821297,shared_education,1,universite de tunis
Q2820931,Q2827529,shared_education,1,universite de tunis
Q2820931,Q2827554,shared_education,1,universite de tunis
Q2820931,Q2827624,shared_parties,1,parti socialiste destourien
Q2820931,Q2836180,shared_education,1,universite de tunis
Q2820931,Q28653580,shared_birth_governorate,1,sfax
Q2820931,Q28869633,shared_education,2,ecole nationale d'administration|universite de tunis
Q2820931,Q2929705,shared_education,1,universite de tunis
Q2820931,Q29440996,shared_parties,1,parti socialiste destourien
Q2820931,Q3066858,shared_education,1,universite de tunis
Q2820931,Q3067195,shared_parties,1,parti socialiste destourien
Q2820931,Q3079840,shared_education,1,ecole nationale d'administration
Q2820931,Q308017,shared_parties,1,parti socialiste destourien
Q2820931,Q3125299,shared_education,1,universite de tunis
Q2820931,Q3125311,shared_education,1,universite de tunis
Q2820931,Q3125336,shared_education,1,universite de tunis
Q2820931,Q3128235,shared_parties,1,parti socialiste destourien
Q2820931,Q3128291,shared_education,1,universite de tunis
Q2820931,Q3141381,shared_education,1,universite de tunis
Q2820931,Q3286574,shared_parties,1,parti socialiste destourien
Q2820931,Q3304511,shared_education,1,universite de tunis
Q2820931,Q3318311,shared_education,1,universite de tunis
Q2820931,Q3318475,shared_birth_governorate,1,sfax
Q2820931,Q3318509,shared_education,1,universite de tunis
Q2820931,Q3318530,shared_education,1,universite de tunis
Q2820931,Q3318530,shared_parties,1,parti socialiste destourien
Q2820931,Q3318622,shared_parties,1,parti socialiste destourien
Q2820931,Q3318757,shared_education,1,universite de tunis
Q2820931,Q3318781,shared_education,1,universite de tunis
Q2820931,Q3319366,shared_education,1,universite de tunis
Q2820931,Q3320435,shared_birth_governorate,1,sfax
Q2820931,Q3320538,shared_parties,1,parti socialiste destourien
Q2820931,Q3320650,shared_parties,1,parti socialiste destourien
Q2820931,Q3328946,shared_parties,1,parti socialiste destourien
Q2820931,Q3331012,shared_birth_governorate,1,sfax
Q2820931,Q3331012,shared_parties,1,parti socialiste destourien
Q2820931,Q3331032,shared_parties,1,parti socialiste destourien
Q2820931,Q3344886,shared_birth_governorate,1,sfax
Q2820931,Q3344886,shared_parties,1,parti socialiste destourien
Q2820931,Q3357601,shared_parties,1,parti socialiste destourien
Q2820931,Q3358533,shared_education,1,universite de tunis
Q2820931,Q3417300,shared_education,1,universite de tunis
Q2820931,Q3417419,shared_education,1,universite de tunis
Q2820931,Q3423310,shared_education,1,universite de tunis
Q2820931,Q3431743,shared_education,1,ecole nationale d'administration
Q2820931,Q3461169,shared_birth_governorate,1,sfax
Q2820931,Q3461169,shared_education,1,universite de tunis
Q2820931,Q3461176,shared_parties,1,parti socialiste destourien
Q2820931,Q3469690,shared_birth_governorate,1,sfax
Q2820931,Q3469690,shared_education,1,universite de tunis
Q2820931,Q3473691,shared_birth_governorate,1,sfax
Q2820931,Q3486507,shared_education,1,universite de tunis
Q2820931,Q3486512,shared_birth_governorate,1,sfax
Q2820931,Q3486512,shared_education,1,universite de tunis
Q2820931,Q3486677,shared_birth_governorate,1,sfax
Q2820931,Q3486689,shared_education,1,universite de tunis
Q2820931,Q3490439,shared_birth_governorate,1,sfax
Q2820931,Q3515404,shared_education,1,universite de tunis
Q2820931,Q377921,shared_parties,1,parti socialiste destourien
Q2820931,Q3951110,shared_parties,1,parti socialiste destourien
Q2820931,Q42311056,shared_birth_governorate,1,sfax
Q2820931,Q431515,shared_education,1,universite de tunis
Q2820931,Q43654658,shared_birth_governorate,1,sfax
Q2820931,Q43654658,shared_education,1,universite de tunis
Q2820931,Q50285534,shared_parties,1,parti socialiste destourien
Q2820931,Q54875068,shared_parties,1,parti socialiste destourien
Q2820931,Q54875069,shared_parties,1,parti socialiste destourien
Q2820931,Q54875074,shared_parties,1,parti socialiste destourien
Q2820931,Q54875084,shared_parties,1,parti socialiste destourien
Q2820931,Q54875134,shared_parties,1,parti socialiste destourien
Q2820931,Q55196894,shared_parties,1,parti socialiste destourien
Q2820931,Q55381738,shared_birth_governorate,1,sfax
Q2820931,Q55392091,shared_parties,1,parti socialiste destourien
Q2820931,Q55392098,shared_parties,1,parti socialiste destourien
Q2820931,Q57699,shared_education,1,universite de tunis
Q2820931,Q60573413,shared_education,1,ecole nationale d'administration
Q2820931,Q60573416,shared_parties,1,parti socialiste destourien
Q2820931,Q60573536,shared_parties,1,parti socialiste destourien
Q2820931,Q61598250,shared_education,1,ecole nationale d'administration
Q2820931,Q65130650,shared_education,1,ecole nationale d'administration
Q2820931,Q653162,shared_parties,1,parti socialiste destourien
Q2820931,Q668526,shared_birth_governorate,1,sfax
Q2820931,Q668526,shared_education,1,universite de tunis
Q2820931,Q744499,shared_birth_governorate,1,sfax
Q2820931,Q744499,shared_education,1,ecole nationale d'administration
Q2820931,Q800238,shared_parties,1,parti socialiste destourien
Q2820931,Q85822499,shared_education,1,universite de tunis
Q2820931,Q88485687,shared_education,1,ecole nationale d'administration
Q2820931,Q89996191,shared_education,1,ecole nationale d'administration
Q2820931,Q91626084,shared_education,1,ecole nationale d'administration
Q2820931,Q92316785,shared_birth_governorate,1,sfax
Q2820931,Q92354033,shared_birth_governorate,1,sfax
Q2820931,Q99539200,shared_birth_governorate,1,sfax
Q2820994,Q2821055,shared_parties,1,parti socialiste destourien
Q2820994,Q2827624,shared_parties,1,parti socialiste destourien
Q2820994,Q2929679,shared_education,1,hec paris
Q2820994,Q29440996,shared_parties,1,parti socialiste destourien
Q2820994,Q3067195,shared_parties,1,parti socialiste destourien
Q2820994,Q308017,shared_parties,1,parti socialiste destourien
Q2820994,Q3128235,shared_parties,1,parti socialiste destourien
Q2820994,Q3286574,shared_parties,1,parti socialiste destourien
Q2820994,Q3318530,shared_parties,1,parti socialiste destourien
Q2820994,Q3318622,shared_parties,1,parti socialiste destourien
Q2820994,Q3320538,shared_parties,1,parti socialiste destourien
Q2820994,Q3320650,shared_parties,1,parti socialiste destourien
Q2820994,Q3328946,shared_parties,1,parti socialiste destourien
Q2820994,Q3331012,shared_parties,1,parti socialiste destourien
Q2820994,Q3331032,shared_parties,1,parti socialiste destourien
Q2820994,Q3344886,shared_parties,1,parti socialiste destourien
Q2820994,Q3357601,shared_parties,1,parti socialiste destourien
Q2820994,Q3461176,shared_parties,1,parti socialiste destourien
Q2820994,Q377921,shared_parties,1,parti socialiste destourien
Q2820994,Q3951110,shared_parties,1,parti socialiste destourien
Q2820994,Q50285534,shared_parties,1,parti socialiste destourien
Q2820994,Q54875068,shared_parties,1,parti socialiste destourien
Q2820994,Q54875069,shared_parties,1,parti socialiste destourien
Q2820994,Q54875074,shared_parties,1,parti socialiste destourien
Q2820994,Q54875084,shared_parties,1,parti socialiste destourien
Q2820994,Q54875134,shared_parties,1,parti socialiste destourien
Q2820994,Q55196894,shared_parties,1,parti socialiste destourien
Q2820994,Q55392091,shared_parties,1,parti socialiste destourien
Q2820994,Q55392098,shared_parties,1,parti socialiste destourien
Q2820994,Q60573416,shared_parties,1,parti socialiste destourien
Q2820994,Q60573536,shared_parties,1,parti socialiste destourien
Q2820994,Q653162,shared_parties,1,parti socialiste destourien
Q2820994,Q800238,shared_parties,1,parti socialiste destourien
Q2820994,Q97961043,shared_education,1,hec paris
Q2820997,Q2821037,shared_birth_governorate,1,sousse
Q2820997,Q2821297,shared_birth_governorate,1,sousse
Q2820997,Q2821308,shared_birth_governorate,1,sousse
Q2820997,Q2827627,shared_birth_governorate,1,sousse
Q2820997,Q28465669,shared_birth_governorate,1,sousse
Q2820997,Q28502176,shared_birth_governorate,1,sousse
Q2820997,Q30118294,shared_birth_governorate,1,sousse
Q2820997,Q3125288,shared_birth_governorate,1,sousse
Q2820997,Q3125311,shared_birth_governorate,1,sousse
Q2820997,Q3318622,shared_birth_governorate,1,sousse
Q2820997,Q3431743,shared_birth_governorate,1,sousse
Q2820997,Q431515,shared_birth_governorate,1,sousse
Q2820997,Q50099224,shared_birth_governorate,1,sousse
Q2820997,Q50285534,shared_birth_governorate,1,sousse
Q2820997,Q54875084,shared_birth_governorate,1,sousse
Q2820997,Q57699,shared_birth_governorate,1,sousse
Q2820997,Q60576591,shared_birth_governorate,1,sousse
Q2820997,Q88467296,shared_birth_governorate,1,sousse
Q2820999,Q2826117,shared_parties,1,nidaa tounes
Q2820999,Q28465669,shared_parties,1,nidaa tounes
Q2820999,Q29577458,shared_parties,1,nidaa tounes
Q2820999,Q29577522,shared_parties,1,nidaa tounes
Q2820999,Q29580435,shared_parties,1,nidaa tounes
Q2820999,Q29580475,shared_parties,1,nidaa tounes
Q2820999,Q29580479,shared_parties,1,nidaa tounes
Q2820999,Q30118294,shared_parties,1,nidaa tounes
Q2820999,Q30728498,shared_parties,1,nidaa tounes
Q2820999,Q30729169,shared_parties,1,nidaa tounes
Q2820999,Q3125311,shared_parties,1,nidaa tounes
Q2820999,Q313539,shared_parties,1,nidaa tounes
Q2820999,Q3141381,shared_parties,1,nidaa tounes
Q2820999,Q3196140,shared_parties,1,nidaa tounes
Q2820999,Q3220051,shared_parties,1,nidaa tounes
Q2820999,Q3318356,shared_parties,1,nidaa tounes
Q2820999,Q3318530,shared_parties,1,nidaa tounes
Q2820999,Q3331012,shared_parties,1,nidaa tounes
Q2820999,Q3417449,shared_parties,1,nidaa tounes
Q2820999,Q3431734,shared_parties,1,nidaa tounes
Q2820999,Q3474776,shared_parties,1,nidaa tounes
Q2820999,Q3486677,shared_parties,1,nidaa tounes
Q2820999,Q43304124,shared_parties,1,nidaa tounes
Q2820999,Q517946,shared_parties,1,nidaa tounes
Q2820999,Q55381738,shared_parties,1,nidaa tounes
Q2820999,Q60428357,shared_parties,1,nidaa tounes
Q2821010,Q2830956,shared_education,1,lycee carnot de tunis
Q2821010,Q2875109,shared_education,1,faculte des lettres de paris
Q2821010,Q30224903,shared_education,1,lycee carnot de tunis
Q2821010,Q3128202,shared_education,1,lycee carnot de tunis
Q2821010,Q3216760,shared_birth_governorate,1,kasserine
Q2821010,Q3318336,shared_birth_governorate,1,kasserine
Q2821010,Q3318652,shared_birth_governorate,1,kasserine
Q2821010,Q3328946,shared_education,1,faculte des lettres de paris
Q2821010,Q3344889,shared_birth_governorate,1,kasserine
Q2821010,Q4845531,shared_education,1,lycee carnot de tunis
Q2821010,Q49691191,shared_birth_governorate,1,kasserine
Q2821010,Q60573008,shared_education,1,lycee carnot de tunis
Q2821010,Q643348,shared_education,1,lycee carnot de tunis
Q2821010,Q7480522,shared_birth_governorate,1,kasserine
Q2821012,Q2821055,shared_birth_governorate,1,monastir
Q2821012,Q2827512,shared_birth_governorate,1,monastir
Q2821012,Q2912277,shared_birth_governorate,1,monastir
Q2821012,Q2929705,shared_birth_governorate,1,monastir
Q2821012,Q2947600,shared_birth_governorate,1,monastir
Q2821012,Q29580479,shared_birth_governorate,1,monastir
Q2821012,Q308017,shared_birth_governorate,1,monastir
Q2821012,Q3125835,shared_birth_governorate,1,monastir
Q2821012,Q3141381,shared_birth_governorate,1,monastir
Q2821012,Q3144591,shared_birth_governorate,1,monastir
Q2821012,Q3286574,shared_birth_governorate,1,monastir
Q2821012,Q3318702,shared_birth_governorate,1,monastir
Q2821012,Q3318797,shared_birth_governorate,1,monastir
Q2821012,Q3320650,shared_birth_governorate,1,monastir
Q2821012,Q3328959,shared_birth_governorate,1,monastir
Q2821012,Q3331032,shared_birth_governorate,1,monastir
Q2821012,Q3347261,shared_birth_governorate,1,monastir
Q2821012,Q3431735,shared_birth_governorate,1,monastir
Q2821012,Q3516539,shared_birth_governorate,1,monastir
Q2821012,Q377921,shared_birth_governorate,1,monastir
Q2821012,Q48757077,shared_birth_governorate,1,monastir
Q2821012,Q643348,shared_birth_governorate,1,monastir
Q2821012,Q98828346,shared_birth_governorate,1,monastir
Q2821037,Q2821057,shared_education,1,universite de tunis
Q2821037,Q2821146,shared_education,1,universite de tunis
Q2821037,Q2821212,shared_education,1,universite de tunis
Q2821037,Q2821273,shared_education,1,universite de tunis
Q2821037,Q2821297,shared_birth_governorate,1,sousse
Q2821037,Q2821297,shared_education,1,universite de tunis
Q2821037,Q2821308,shared_birth_governorate,1,sousse
Q2821037,Q2827529,shared_education,1,universite de tunis
Q2821037,Q2827554,shared_education,1,universite de tunis
Q2821037,Q2827627,shared_birth_governorate,1,sousse
Q2821037,Q2836180,shared_education,1,universite de tunis
Q2821037,Q28465669,shared_birth_governorate,1,sousse
Q2821037,Q28502176,shared_birth_governorate,1,sousse
Q2821037,Q28869633,shared_education,1,universite de tunis
Q2821037,Q2929705,shared_education,1,universite de tunis
Q2821037,Q30118294,shared_birth_governorate,1,sousse
Q2821037,Q3066858,shared_education,1,universite de tunis
Q2821037,Q3125288,shared_birth_governorate,1,sousse
Q2821037,Q3125299,shared_education,1,universite de tunis
Q2821037,Q3125311,shared_birth_governorate,1,sousse
Q2821037,Q3125311,shared_education,1,universite de tunis
Q2821037,Q3125336,shared_education,1,universite de tunis
Q2821037,Q3128291,shared_education,1,universite de tunis
Q2821037,Q3141381,shared_education,1,universite de tunis
Q2821037,Q3304511,shared_education,1,universite de tunis
Q2821037,Q3318311,shared_education,1,universite de tunis
Q2821037,Q3318509,shared_education,1,universite de tunis
Q2821037,Q3318530,shared_education,1,universite de tunis
Q2821037,Q3318622,shared_birth_governorate,1,sousse
Q2821037,Q3318757,shared_education,1,universite de tunis
Q2821037,Q3318781,shared_education,1,universite de tunis
Q2821037,Q3319366,shared_education,1,universite de tunis
Q2821037,Q3358533,shared_education,1,universite de tunis
Q2821037,Q3417300,shared_education,1,universite de tunis
Q2821037,Q3417419,shared_education,1,universite de tunis
Q2821037,Q3423310,shared_education,1,universite de tunis
Q2821037,Q3431743,shared_birth_governorate,1,sousse
Q2821037,Q3461169,shared_education,1,universite de tunis
Q2821037,Q3469690,shared_education,1,universite de tunis
Q2821037,Q3486507,shared_education,1,universite de tunis
Q2821037,Q3486512,shared_education,1,universite de tunis
Q2821037,Q3486689,shared_education,1,universite de tunis
Q2821037,Q3515404,shared_education,1,universite de tunis
Q2821037,Q431515,shared_birth_governorate,1,sousse
Q2821037,Q431515,shared_education,1,universite de tunis
Q2821037,Q43654658,shared_education,1,universite de tunis
Q2821037,Q50099224,shared_birth_governorate,1,sousse
Q2821037,Q50285534,shared_birth_governorate,1,sousse
Q2821037,Q54875084,shared_birth_governorate,1,sousse
Q2821037,Q57699,shared_birth_governorate,1,sousse
Q2821037,Q57699,shared_education,1,universite de tunis
Q2821037,Q60576591,shared_birth_governorate,1,sousse
Q2821037,Q668526,shared_education,1,universite de tunis
Q2821037,Q85822499,shared_education,1,universite de tunis
Q2821037,Q88467296,shared_birth_governorate,1,sousse
Q2821055,Q2827512,shared_birth_governorate,1,monastir
Q2821055,Q2827624,shared_parties,1,parti socialiste destourien
Q2821055,Q2912277,shared_birth_governorate,1,monastir
Q2821055,Q2929705,shared_birth_governorate,1,monastir
Q2821055,Q29440996,shared_parties,1,parti socialiste destourien
Q2821055,Q2947600,shared_birth_governorate,1,monastir
Q2821055,Q29580479,shared_birth_governorate,1,monastir
Q2821055,Q3067195,shared_parties,1,parti socialiste destourien
Q2821055,Q308017,shared_birth_governorate,1,monastir
Q2821055,Q308017,shared_parties,1,parti socialiste destourien
Q2821055,Q3125835,shared_birth_governorate,1,monastir
Q2821055,Q3128235,shared_parties,1,parti socialiste destourien
Q2821055,Q3141381,shared_birth_governorate,1,monastir
Q2821055,Q3144591,shared_birth_governorate,1,monastir
Q2821055,Q3286574,shared_birth_governorate,1,monastir
Q2821055,Q3286574,shared_parties,1,parti socialiste destourien
Q2821055,Q3318530,shared_parties,1,parti socialiste destourien
Q2821055,Q3318622,shared_parties,1,parti socialiste destourien
Q2821055,Q3318702,shared_birth_governorate,1,monastir
Q2821055,Q3318797,shared_birth_governorate,1,monastir
Q2821055,Q3320538,shared_parties,1,parti socialiste destourien
Q2821055,Q3320650,shared_birth_governorate,1,monastir
Q2821055,Q3320650,shared_parties,1,parti socialiste destourien
Q2821055,Q3328946,shared_parties,1,parti socialiste destourien
Q2821055,Q3328959,shared_birth_governorate,1,monastir
Q2821055,Q3331012,shared_parties,1,parti socialiste destourien
Q2821055,Q3331032,shared_birth_governorate,1,monastir
Q2821055,Q3331032,shared_parties,1,parti socialiste destourien
Q2821055,Q3344886,shared_parties,1,parti socialiste destourien
Q2821055,Q3347261,shared_birth_governorate,1,monastir
Q2821055,Q3357601,shared_parties,1,parti socialiste destourien
Q2821055,Q3431735,shared_birth_governorate,1,monastir
Q2821055,Q3461176,shared_parties,1,parti socialiste destourien
Q2821055,Q3516539,shared_birth_governorate,1,monastir
Q2821055,Q377921,shared_birth_governorate,1,monastir
Q2821055,Q377921,shared_parties,1,parti socialiste destourien
Q2821055,Q3951110,shared_parties,1,parti socialiste destourien
Q2821055,Q48757077,shared_birth_governorate,1,monastir
Q2821055,Q50285534,shared_parties,1,parti socialiste destourien
Q2821055,Q54875068,shared_parties,1,parti socialiste destourien
Q2821055,Q54875069,shared_parties,1,parti socialiste destourien
Q2821055,Q54875074,shared_parties,1,parti socialiste destourien
Q2821055,Q54875084,shared_parties,1,parti socialiste destourien
Q2821055,Q54875134,shared_parties,1,parti socialiste destourien
Q2821055,Q55196894,shared_parties,1,parti socialiste destourien
Q2821055,Q55392091,shared_parties,1,parti socialiste destourien
Q2821055,Q55392098,shared_parties,1,parti socialiste destourien
Q2821055,Q60573416,shared_parties,1,parti socialiste destourien
Q2821055,Q60573536,shared_parties,1,parti socialiste destourien
Q2821055,Q643348,shared_birth_governorate,1,monastir
Q2821055,Q653162,shared_parties,1,parti socialiste destourien
Q2821055,Q800238,shared_parties,1,parti socialiste destourien
Q2821055,Q98828346,shared_birth_governorate,1,monastir
Q2821057,Q2821146,shared_education,1,universite de tunis
Q2821057,Q2821210,shared_birth_governorate,1,sfax
Q2821057,Q2821212,shared_birth_governorate,1,sfax
Q2821057,Q2821212,shared_education,1,universite de tunis
Q2821057,Q2821273,shared_education,1,universite de tunis
Q2821057,Q2821280,shared_birth_governorate,1,sfax
Q2821057,Q2821297,shared_education,1,universite de tunis
Q2821057,Q2827529,shared_education,1,universite de tunis
Q2821057,Q2827554,shared_education,1,universite de tunis
Q2821057,Q2836180,shared_education,1,universite de tunis
Q2821057,Q28653580,shared_birth_governorate,1,sfax
Q2821057,Q28869633,shared_education,1,universite de tunis
Q2821057,Q2929705,shared_education,1,universite de tunis
Q2821057,Q3066858,shared_education,1,universite de tunis
Q2821057,Q3125299,shared_education,1,universite de tunis
Q2821057,Q3125311,shared_education,1,universite de tunis
Q2821057,Q3125336,shared_education,1,universite de tunis
Q2821057,Q3128291,shared_education,1,universite de tunis
Q2821057,Q3141381,shared_education,1,universite de tunis
Q2821057,Q3304511,shared_education,1,universite de tunis
Q2821057,Q3318311,shared_education,1,universite de tunis
Q2821057,Q3318475,shared_birth_governorate,1,sfax
Q2821057,Q3318509,shared_education,1,universite de tunis
Q2821057,Q3318530,shared_education,1,universite de tunis
Q2821057,Q3318757,shared_education,1,universite de tunis
Q2821057,Q3318781,shared_education,1,universite de tunis
Q2821057,Q3319366,shared_education,1,universite de tunis
Q2821057,Q3320435,shared_birth_governorate,1,sfax
Q2821057,Q3331012,shared_birth_governorate,1,sfax
Q2821057,Q3344886,shared_birth_governorate,1,sfax
Q2821057,Q3358533,shared_education,1,universite de tunis
Q2821057,Q3417300,shared_education,1,universite de tunis
Q2821057,Q3417419,shared_education,1,universite de tunis
Q2821057,Q3423310,shared_education,1,universite de tunis
Q2821057,Q3461169,shared_birth_governorate,1,sfax
Q2821057,Q3461169,shared_education,1,universite de tunis
Q2821057,Q3469690,shared_birth_governorate,1,sfax
Q2821057,Q3469690,shared_education,1,universite de tunis
Q2821057,Q3473691,shared_birth_governorate,1,sfax
Q2821057,Q3486507,shared_education,1,universite de tunis
Q2821057,Q3486512,shared_birth_governorate,1,sfax
Q2821057,Q3486512,shared_education,1,universite de tunis
Q2821057,Q3486677,shared_birth_governorate,1,sfax
Q2821057,Q3486689,shared_education,1,universite de tunis
Q2821057,Q3490439,shared_birth_governorate,1,sfax
Q2821057,Q3515404,shared_education,1,universite de tunis
Q2821057,Q42311056,shared_birth_governorate,1,sfax
Q2821057,Q431515,shared_education,1,universite de tunis
Q2821057,Q43654658,shared_birth_governorate,1,sfax
Q2821057,Q43654658,shared_education,1,universite de tunis
Q2821057,Q55381738,shared_birth_governorate,1,sfax
Q2821057,Q57699,shared_education,1,universite de tunis
Q2821057,Q668526,shared_birth_governorate,1,sfax
Q2821057,Q668526,shared_education,1,universite de tunis
Q2821057,Q744499,shared_birth_governorate,1,sfax
Q2821057,Q85822499,shared_education,1,universite de tunis
Q2821057,Q92316785,shared_birth_governorate,1,sfax
Q2821057,Q92354033,shared_birth_governorate,1,sfax
Q2821057,Q99539200,shared_birth_governorate,1,sfax
Q2821119,Q2821154,shared_parties,2,ennahdha|mouvement ennahdha
Q2821119,Q28714939,shared_parties,1,ennahdha
Q2821119,Q2947600,shared_parties,1,ennahdha
Q2821119,Q29577510,shared_parties,1,ennahdha
Q2821119,Q30217461,shared_parties,1,ennahdha
Q2821119,Q3160876,shared_parties,1,ennahdha
Q2821119,Q3318419,shared_parties,1,ennahdha
Q2821119,Q3318652,shared_parties,1,ennahdha
Q2821119,Q3318774,shared_education,1,ecole nationale d'ingenieurs de tunis
Q2821119,Q3318800,shared_parties,1,ennahdha
Q2821119,Q3320435,shared_parties,1,ennahdha
Q2821119,Q3417420,shared_parties,1,ennahdha
Q2821119,Q3430010,shared_parties,1,ennahdha
Q2821119,Q3431747,shared_parties,1,ennahdha
Q2821119,Q3470837,shared_parties,1,ennahdha
Q2821119,Q3486513,shared_education,1,ecole nationale d'ingenieurs de tunis
Q2821119,Q3486675,shared_parties,1,ennahdha
Q2821119,Q51173119,shared_education,1,ecole nationale d'ingenieurs de tunis
Q2821119,Q55999324,shared_parties,1,ennahdha
Q2821119,Q57699,shared_parties,1,ennahdha
Q2821119,Q668526,shared_parties,1,ennahdha
Q2821119,Q86734094,shared_parties,1,ennahdha
Q2821119,Q92332624,shared_parties,2,ennahdha|mouvement ennahdha
Q2821127,Q3304511,shared_birth_governorate,1,mahdia
Q2821127,Q3318530,shared_birth_governorate,1,mahdia
Q2821127,Q3423310,shared_education,1,universite claude-bernard-lyon-i
Q2821127,Q3470859,shared_education,1,universite claude-bernard-lyon-i
Q2821127,Q3571955,shared_birth_governorate,1,mahdia
Q2821127,Q60572709,shared_birth_governorate,1,mahdia
Q2821127,Q653162,shared_birth_governorate,1,mahdia
Q2821146,Q2821212,shared_education,1,universite de tunis
Q2821146,Q2821273,shared_education,1,universite de tunis
Q2821146,Q2821297,shared_education,1,universite de tunis
Q2821146,Q2827529,shared_education,1,universite de tunis
Q2821146,Q2827554,shared_education,1,universite de tunis
Q2821146,Q2827624,shared_parties,1,mouvement des democrates socialistes
Q2821146,Q2836180,shared_education,1,universite de tunis
Q2821146,Q28654181,shared_birth_governorate,1,nabeul
Q2821146,Q28869633,shared_education,1,universite de tunis
Q2821146,Q2929705,shared_education,1,universite de tunis
Q2821146,Q29440996,shared_birth_governorate,1,nabeul
Q2821146,Q3012366,shared_birth_governorate,1,nabeul
Q2821146,Q3066858,shared_education,1,universite de tunis
Q2821146,Q30729046,shared_birth_governorate,1,nabeul
Q2821146,Q3079840,shared_birth_governorate,1,nabeul
Q2821146,Q3125299,shared_education,1,universite de tunis
Q2821146,Q3125311,shared_education,1,universite de tunis
Q2821146,Q3125336,shared_education,1,universite de tunis
Q2821146,Q3128291,shared_education,1,universite de tunis
Q2821146,Q3141381,shared_education,1,universite de tunis
Q2821146,Q3217980,shared_birth_governorate,1,nabeul
Q2821146,Q3304511,shared_education,1,universite de tunis
Q2821146,Q3318311,shared_birth_governorate,1,nabeul
Q2821146,Q3318311,shared_education,1,universite de tunis
Q2821146,Q3318375,shared_birth_governorate,1,nabeul
Q2821146,Q3318509,shared_education,1,universite de tunis
Q2821146,Q3318530,shared_education,1,universite de tunis
Q2821146,Q3318731,shared_birth_governorate,1,nabeul
Q2821146,Q3318757,shared_education,1,universite de tunis
Q2821146,Q3318774,shared_birth_governorate,1,nabeul
Q2821146,Q3318781,shared_education,1,universite de tunis
Q2821146,Q3318800,shared_birth_governorate,1,nabeul
Q2821146,Q3319366,shared_education,1,universite de tunis
Q2821146,Q3320424,shared_birth_governorate,1,nabeul
Q2821146,Q3320644,shared_birth_governorate,1,nabeul
Q2821146,Q3358533,shared_education,1,universite de tunis
Q2821146,Q3417300,shared_education,1,universite de tunis
Q2821146,Q3417419,shared_education,1,universite de tunis
Q2821146,Q3423310,shared_education,1,universite de tunis
Q2821146,Q3461169,shared_education,1,universite de tunis
Q2821146,Q3469690,shared_education,1,universite de tunis
Q2821146,Q3486507,shared_education,1,universite de tunis
Q2821146,Q3486512,shared_education,1,universite de tunis
Q2821146,Q3486689,shared_education,1,universite de tunis
Q2821146,Q3515404,shared_education,1,universite de tunis
Q2821146,Q431515,shared_education,1,universite de tunis
Q2821146,Q43654658,shared_education,1,universite de tunis
Q2821146,Q4845531,shared_parties,1,mouvement des democrates socialistes
Q2821146,Q496165,shared_birth_governorate,1,nabeul
Q2821146,Q54875074,shared_birth_governorate,1,nabeul
Q2821146,Q57699,shared_education,1,universite de tunis
Q2821146,Q65130650,shared_birth_governorate,1,nabeul
Q2821146,Q668526,shared_education,1,universite de tunis
Q2821146,Q85822499,shared_education,1,universite de tunis
Q2821146,Q92332624,shared_birth_governorate,1,nabeul
Q2821154,Q2821241,shared_birth_governorate,1,le kef
Q2821154,Q28653580,shared_education,1,faculte de medecine de tunis
Q2821154,Q28714939,shared_parties,1,ennahdha
Q2821154,Q2912277,shared_education,1,faculte de medecine de tunis
Q2821154,Q2947600,shared_parties,1,ennahdha
Q2821154,Q29577510,shared_parties,1,ennahdha
Q2821154,Q29577522,shared_education,1,faculte de medecine de tunis
Q2821154,Q30217461,shared_parties,1,ennahdha
Q2821154,Q3160876,shared_parties,1,ennahdha
Q2821154,Q3318419,shared_parties,1,ennahdha
Q2821154,Q3318652,shared_parties,1,ennahdha
Q2821154,Q3318800,shared_parties,1,ennahdha
Q2821154,Q3320435,shared_parties,1,ennahdha
Q2821154,Q3417420,shared_parties,1,ennahdha
Q2821154,Q3430010,shared_parties,1,ennahdha
Q2821154,Q3431747,shared_parties,1,ennahdha
Q2821154,Q3470003,shared_education,1,faculte de medecine de tunis
Q2821154,Q3470837,shared_parties,1,ennahdha
Q2821154,Q3486675,shared_parties,1,ennahdha
Q2821154,Q55999324,shared_parties,1,ennahdha
Q2821154,Q57699,shared_parties,1,ennahdha
Q2821154,Q668526,shared_parties,1,ennahdha
Q2821154,Q86329266,shared_education,1,faculte de medecine de tunis
Q2821154,Q86734094,shared_parties,1,ennahdha
Q2821154,Q92332624,shared_parties,2,ennahdha|mouvement ennahdha
Q2821154,Q980071,shared_birth_governorate,1,le kef
Q2821210,Q2821212,shared_birth_governorate,1,sfax
Q2821210,Q2821280,shared_birth_governorate,1,sfax
Q2821210,Q28653580,shared_birth_governorate,1,sfax
Q2821210,Q28869633,shared_education,1,ecole nationale d'administration
Q2821210,Q3079840,shared_education,1,ecole nationale d'administration
Q2821210,Q3318475,shared_birth_governorate,1,sfax
Q2821210,Q3320435,shared_birth_governorate,1,sfax
Q2821210,Q3331012,shared_birth_governorate,1,sfax
Q2821210,Q3344886,shared_birth_governorate,1,sfax
Q2821210,Q3431743,shared_education,1,ecole nationale d'administration
Q2821210,Q3461169,shared_birth_governorate,1,sfax
Q2821210,Q3469690,shared_birth_governorate,1,sfax
Q2821210,Q3473691,shared_birth_governorate,1,sfax
Q2821210,Q3486512,shared_birth_governorate,1,sfax
Q2821210,Q3486677,shared_birth_governorate,1,sfax
Q2821210,Q3490439,shared_birth_governorate,1,sfax
Q2821210,Q42311056,shared_birth_governorate,1,sfax
Q2821210,Q43654658,shared_birth_governorate,1,sfax
Q2821210,Q55381738,shared_birth_governorate,1,sfax
Q2821210,Q60573413,shared_education,1,ecole nationale d'administration
Q2821210,Q61598250,shared_education,1,ecole nationale d'administration
Q2821210,Q65130650,shared_education,1,ecole nationale d'administration
Q2821210,Q668526,shared_birth_governorate,1,sfax
Q2821210,Q744499,shared_birth_governorate,1,sfax
Q2821210,Q744499,shared_education,1,ecole nationale d'administration
Q2821210,Q88485687,shared_education,1,ecole nationale d'administration
Q2821210,Q89996191,shared_education,1,ecole nationale d'administration
Q2821210,Q91626084,shared_education,1,ecole nationale d'administration
Q2821210,Q92316785,shared_birth_governorate,1,sfax
Q2821210,Q92354033,shared_birth_governorate,1,sfax
Q2821210,Q99539200,shared_birth_governorate,1,sfax
Q2821212,Q2821273,shared_education,1,universite de tunis
Q2821212,Q2821280,shared_birth_governorate,1,sfax
Q2821212,Q2821297,shared_education,1,universite de tunis
Q2821212,Q2827529,shared_education,1,universite de tunis
Q2821212,Q2827554,shared_education,1,universite de tunis
Q2821212,Q2836180,shared_education,1,universite de tunis
Q2821212,Q28653580,shared_birth_governorate,1,sfax
Q2821212,Q28869633,shared_education,1,universite de tunis
Q2821212,Q2929705,shared_education,1,universite de tunis
Q2821212,Q3066858,shared_education,1,universite de tunis
Q2821212,Q3125299,shared_education,1,universite de tunis
Q2821212,Q3125311,shared_education,1,universite de tunis
Q2821212,Q3125336,shared_education,1,universite de tunis
Q2821212,Q3128291,shared_education,1,universite de tunis
Q2821212,Q3141381,shared_education,1,universite de tunis
Q2821212,Q3144577,shared_parties,1,congres pour la republique
Q2821212,Q3304511,shared_education,1,universite de tunis
Q2821212,Q3318297,shared_parties,1,congres pour la republique
Q2821212,Q3318311,shared_education,1,universite de tunis
Q2821212,Q3318475,shared_birth_governorate,1,sfax
Q2821212,Q3318509,shared_education,1,universite de tunis
Q2821212,Q3318530,shared_education,1,universite de tunis
Q2821212,Q3318757,shared_education,1,universite de tunis
Q2821212,Q3318781,shared_education,1,universite de tunis
Q2821212,Q3319366,shared_education,1,universite de tunis
Q2821212,Q3320435,shared_birth_governorate,1,sfax
Q2821212,Q3331012,shared_birth_governorate,1,sfax
Q2821212,Q3344886,shared_birth_governorate,1,sfax
Q2821212,Q3358533,shared_education,1,universite de tunis
Q2821212,Q3417300,shared_education,1,universite de tunis
Q2821212,Q3417419,shared_education,1,universite de tunis
Q2821212,Q3423310,shared_education,1,universite de tunis
Q2821212,Q3461169,shared_birth_governorate,1,sfax
Q2821212,Q3461169,shared_education,1,universite de tunis
Q2821212,Q3469690,shared_birth_governorate,1,sfax
Q2821212,Q3469690,shared_education,1,universite de tunis
Q2821212,Q3469772,shared_parties,1,congres pour la republique
Q2821212,Q3473691,shared_birth_governorate,1,sfax
Q2821212,Q3483754,shared_parties,1,congres pour la republique
Q2821212,Q3486507,shared_education,1,universite de tunis
Q2821212,Q3486512,shared_birth_governorate,1,sfax
Q2821212,Q3486512,shared_education,1,universite de tunis
Q2821212,Q3486677,shared_birth_governorate,1,sfax
Q2821212,Q3486689,shared_education,1,universite de tunis
Q2821212,Q3490439,shared_birth_governorate,1,sfax
Q2821212,Q3515404,shared_education,1,universite de tunis
Q2821212,Q42311056,shared_birth_governorate,1,sfax
Q2821212,Q431515,shared_education,1,universite de tunis
Q2821212,Q43654658,shared_birth_governorate,1,sfax
Q2821212,Q43654658,shared_education,1,universite de tunis
Q2821212,Q55381738,shared_birth_governorate,1,sfax
Q2821212,Q57699,shared_education,1,universite de tunis
Q2821212,Q668526,shared_birth_governorate,1,sfax
Q2821212,Q668526,shared_education,1,universite de tunis
Q2821212,Q744499,shared_birth_governorate,1,sfax
Q2821212,Q85822499,shared_education,1,universite de tunis
Q2821212,Q92316785,shared_birth_governorate,1,sfax
Q2821212,Q92354033,shared_birth_governorate,1,sfax
Q2821212,Q99539200,shared_birth_governorate,1,sfax
Q2821241,Q980071,shared_birth_governorate,1,le kef
Q2821259,Q2821273,shared_education,1,college sadiki
Q2821259,Q2827512,shared_education,1,college sadiki
Q2821259,Q2836334,shared_education,1,college sadiki
Q2821259,Q2875109,shared_education,1,المدرسه الصادقيه
Q2821259,Q2875153,shared_education,2,college sadiki|المدرسه الصادقيه
Q2821259,Q2961945,shared_education,2,college sadiki|المدرسه الصادقيه
Q2821259,Q3039490,shared_education,1,المدرسه الصادقيه
Q2821259,Q3051875,shared_parties,1,ettakatol
Q2821259,Q3067195,shared_education,2,college sadiki|المدرسه الصادقيه
Q2821259,Q313539,shared_education,2,college sadiki|المدرسه الصادقيه
Q2821259,Q3144594,shared_education,1,college sadiki
Q2821259,Q3196042,shared_parties,1,ettakatol
Q2821259,Q3196139,shared_education,1,college sadiki
Q2821259,Q3216753,shared_education,2,college sadiki|المدرسه الصادقيه
Q2821259,Q3257623,shared_parties,1,ettakatol
Q2821259,Q3277799,shared_education,1,المدرسه الصادقيه
Q2821259,Q3320544,shared_education,2,college sadiki|المدرسه الصادقيه
Q2821259,Q3320644,shared_education,1,college sadiki
Q2821259,Q3320650,shared_education,2,college sadiki|المدرسه الصادقيه
Q2821259,Q3328933,shared_education,1,college sadiki
Q2821259,Q3328946,shared_education,2,college sadiki|المدرسه الصادقيه
Q2821259,Q3333020,shared_parties,1,ettakatol
Q2821259,Q3344886,shared_education,1,college sadiki
Q2821259,Q3461164,shared_education,2,college sadiki|المدرسه الصادقيه
Q2821259,Q3470003,shared_education,1,college sadiki
Q2821259,Q3470003,shared_parties,1,ettakatol
Q2821259,Q3516540,shared_education,1,college sadiki
Q2821259,Q3516543,shared_education,1,college sadiki
Q2821259,Q377921,shared_education,2,college sadiki|المدرسه الصادقيه
Q2821259,Q48757077,shared_education,1,college sadiki
Q2821259,Q495681,shared_education,2,college sadiki|المدرسه الصادقيه
Q2821259,Q496165,shared_education,2,college sadiki|المدرسه الصادقيه
Q2821259,Q507856,shared_education,2,college sadiki|المدرسه الصادقيه
Q2821259,Q586623,shared_education,1,college sadiki
Q2821259,Q643348,shared_education,2,college sadiki|المدرسه الصادقيه
Q2821259,Q800238,shared_education,1,college sadiki
Q2821273,Q2821297,shared_education,1,universite de tunis
Q2821273,Q2827512,shared_education,1,college sadiki
Q2821273,Q2827529,shared_education,1,universite de tunis
Q2821273,Q2827554,shared_education,1,universite de tunis
Q2821273,Q2836180,shared_education,1,universite de tunis
Q2821273,Q2836334,shared_education,1,college sadiki
Q2821273,Q2875153,shared_education,1,college sadiki
Q2821273,Q28869633,shared_education,1,universite de tunis
Q2821273,Q2929705,shared_education,1,universite de tunis
Q2821273,Q2961945,shared_education,1,college sadiki
Q2821273,Q3066858,shared_education,1,universite de tunis
Q2821273,Q3067195,shared_education,1,college sadiki
Q2821273,Q3125299,shared_education,1,universite de tunis
Q2821273,Q3125311,shared_education,1,universite de tunis
Q2821273,Q3125336,shared_education,1,universite de tunis
Q2821273,Q3128291,shared_education,1,universite de tunis
Q2821273,Q313539,shared_education,1,college sadiki
Q2821273,Q3141381,shared_education,1,universite de tunis
Q2821273,Q3144594,shared_education,1,college sadiki
Q2821273,Q3196139,shared_education,1,college sadiki
Q2821273,Q3216753,shared_education,1,college sadiki
Q2821273,Q3304511,shared_education,1,universite de tunis
Q2821273,Q3318311,shared_education,1,universite de tunis
Q2821273,Q3318509,shared_education,1,universite de tunis
Q2821273,Q3318530,shared_education,1,universite de tunis
Q2821273,Q3318757,shared_education,1,universite de tunis
Q2821273,Q3318781,shared_education,1,universite de tunis
Q2821273,Q3319366,shared_education,1,universite de tunis
Q2821273,Q3320544,shared_education,1,college sadiki
Q2821273,Q3320644,shared_education,1,college sadiki
Q2821273,Q3320650,shared_education,1,college sadiki
Q2821273,Q3328933,shared_education,1,college sadiki
Q2821273,Q3328946,shared_education,1,college sadiki
Q2821273,Q3344886,shared_education,1,college sadiki
Q2821273,Q3358533,shared_education,1,universite de tunis
Q2821273,Q3417300,shared_education,1,universite de tunis
Q2821273,Q3417419,shared_education,1,universite de tunis
Q2821273,Q3423310,shared_education,1,universite de tunis
Q2821273,Q3461164,shared_education,1,college sadiki
Q2821273,Q3461169,shared_education,1,universite de tunis
Q2821273,Q3469690,shared_education,1,universite de tunis
Q2821273,Q3470003,shared_education,1,college sadiki
Q2821273,Q3486507,shared_education,1,universite de tunis
Q2821273,Q3486512,shared_education,1,universite de tunis
Q2821273,Q3486689,shared_education,1,universite de tunis
Q2821273,Q3515404,shared_education,1,universite de tunis
Q2821273,Q3516540,shared_education,1,college sadiki
Q2821273,Q3516543,shared_education,1,college sadiki
Q2821273,Q377921,shared_education,1,college sadiki
Q2821273,Q431515,shared_education,1,universite de tunis
Q2821273,Q43654658,shared_education,1,universite de tunis
Q2821273,Q48757077,shared_education,1,college sadiki
Q2821273,Q495681,shared_education,1,college sadiki
Q2821273,Q496165,shared_education,1,college sadiki
Q2821273,Q507856,shared_education,1,college sadiki
Q2821273,Q57699,shared_education,1,universite de tunis
Q2821273,Q586623,shared_education,1,college sadiki
Q2821273,Q643348,shared_education,1,college sadiki
Q2821273,Q668526,shared_education,1,universite de tunis
Q2821273,Q800238,shared_education,1,college sadiki
Q2821273,Q85822499,shared_education,1,universite de tunis
Q2821280,Q28653580,shared_birth_governorate,1,sfax
Q2821280,Q3318475,shared_birth_governorate,1,sfax
Q2821280,Q3320435,shared_birth_governorate,1,sfax
Q2821280,Q3331012,shared_birth_governorate,1,sfax
Q2821280,Q3344886,shared_birth_governorate,1,sfax
Q2821280,Q3461169,shared_birth_governorate,1,sfax
Q2821280,Q3469690,shared_birth_governorate,1,sfax
Q2821280,Q3473691,shared_birth_governorate,1,sfax
Q2821280,Q3486512,shared_birth_governorate,1,sfax
Q2821280,Q3486677,shared_birth_governorate,1,sfax
Q2821280,Q3490439,shared_birth_governorate,1,sfax
Q2821280,Q42311056,shared_birth_governorate,1,sfax
Q2821280,Q43654658,shared_birth_governorate,1,sfax
Q2821280,Q55381738,shared_birth_governorate,1,sfax
Q2821280,Q668526,shared_birth_governorate,1,sfax
Q2821280,Q744499,shared_birth_governorate,1,sfax
Q2821280,Q92316785,shared_birth_governorate,1,sfax
Q2821280,Q92354033,shared_birth_governorate,1,sfax
Q2821280,Q99539200,shared_birth_governorate,1,sfax
Q2821297,Q2821308,shared_birth_governorate,1,sousse
Q2821297,Q2827529,shared_education,1,universite de tunis
Q2821297,Q2827554,shared_education,1,universite de tunis
Q2821297,Q2827627,shared_birth_governorate,1,sousse
Q2821297,Q2836180,shared_education,1,universite de tunis
Q2821297,Q28465669,shared_birth_governorate,1,sousse
Q2821297,Q28502176,shared_birth_governorate,1,sousse
Q2821297,Q28869633,shared_education,1,universite de tunis
Q2821297,Q2929705,shared_education,1,universite de tunis
Q2821297,Q30118294,shared_birth_governorate,1,sousse
Q2821297,Q3066858,shared_education,1,universite de tunis
Q2821297,Q3125288,shared_birth_governorate,1,sousse
Q2821297,Q3125299,shared_education,1,universite de tunis
Q2821297,Q3125311,shared_birth_governorate,1,sousse
Q2821297,Q3125311,shared_education,2,universite de tunis|universite du minnesota
Q2821297,Q3125336,shared_education,1,universite de tunis
Q2821297,Q3128291,shared_education,1,universite de tunis
Q2821297,Q3141381,shared_education,1,universite de tunis
Q2821297,Q3304511,shared_education,1,universite de tunis
Q2821297,Q3318311,shared_education,1,universite de tunis
Q2821297,Q3318509,shared_education,1,universite de tunis
Q2821297,Q3318530,shared_education,1,universite de tunis
Q2821297,Q3318622,shared_birth_governorate,1,sousse
Q2821297,Q3318757,shared_education,1,universite de tunis
Q2821297,Q3318781,shared_education,1,universite de tunis
Q2821297,Q3319366,shared_education,1,universite de tunis
Q2821297,Q3358533,shared_education,1,universite de tunis
Q2821297,Q3417300,shared_education,1,universite de tunis
Q2821297,Q3417419,shared_education,1,universite de tunis
Q2821297,Q3423310,shared_education,1,universite de tunis
Q2821297,Q3431743,shared_birth_governorate,1,sousse
Q2821297,Q3461169,shared_education,1,universite de tunis
Q2821297,Q3469690,shared_education,1,universite de tunis
Q2821297,Q3486507,shared_education,1,universite de tunis
Q2821297,Q3486512,shared_education,1,universite de tunis
Q2821297,Q3486689,shared_education,1,universite de tunis
Q2821297,Q3515404,shared_education,1,universite de tunis
Q2821297,Q431515,shared_birth_governorate,1,sousse
Q2821297,Q431515,shared_education,1,universite de tunis
Q2821297,Q43654658,shared_education,1,universite de tunis
Q2821297,Q50099224,shared_birth_governorate,1,sousse
Q2821297,Q50285534,shared_birth_governorate,1,sousse
Q2821297,Q54875084,shared_birth_governorate,1,sousse
Q2821297,Q57699,shared_birth_governorate,1,sousse
Q2821297,Q57699,shared_education,1,universite de tunis
Q2821297,Q60576591,shared_birth_governorate,1,sousse
Q2821297,Q668526,shared_education,1,universite de tunis
Q2821297,Q85822499,shared_education,1,universite de tunis
Q2821297,Q88467296,shared_birth_governorate,1,sousse
Q2821308,Q2827627,shared_birth_governorate,1,sousse
Q2821308,Q28465669,shared_birth_governorate,1,sousse
Q2821308,Q28502176,shared_birth_governorate,1,sousse
Q2821308,Q30118294,shared_birth_governorate,1,sousse
Q2821308,Q3125288,shared_birth_governorate,1,sousse
Q2821308,Q3125311,shared_birth_governorate,1,sousse
Q2821308,Q3318622,shared_birth_governorate,1,sousse
Q2821308,Q3431743,shared_birth_governorate,1,sousse
Q2821308,Q431515,shared_birth_governorate,1,sousse
Q2821308,Q50099224,shared_birth_governorate,1,sousse
Q2821308,Q50285534,shared_birth_governorate,1,sousse
Q2821308,Q54875084,shared_birth_governorate,1,sousse
Q2821308,Q57699,shared_birth_governorate,1,sousse
Q2821308,Q60576591,shared_birth_governorate,1,sousse
Q2821308,Q88467296,shared_birth_governorate,1,sousse
Q2824176,Q2827529,shared_birth_governorate,1,medenine
Q2824176,Q2827554,shared_birth_governorate,1,medenine
Q2824176,Q2827587,shared_birth_governorate,1,medenine
Q2824176,Q2929679,shared_birth_governorate,1,medenine
Q2824176,Q29577510,shared_birth_governorate,1,medenine
Q2824176,Q30217461,shared_birth_governorate,1,medenine
Q2824176,Q30729047,shared_birth_governorate,1,medenine
Q2824176,Q3430010,shared_birth_governorate,1,medenine
Q2824176,Q3461164,shared_birth_governorate,1,medenine
Q2824176,Q3469772,shared_birth_governorate,1,medenine
Q2824176,Q3470859,shared_birth_governorate,1,medenine
Q2824176,Q496042,shared_birth_governorate,1,medenine
Q2824176,Q54875067,shared_birth_governorate,1,medenine
Q2824176,Q61598250,shared_birth_governorate,1,medenine
Q2826117,Q28465669,shared_parties,1,nidaa tounes
Q2826117,Q29577458,shared_parties,1,nidaa tounes
Q2826117,Q29577522,shared_parties,1,nidaa tounes
Q2826117,Q29580435,shared_parties,1,nidaa tounes
Q2826117,Q29580475,shared_parties,1,nidaa tounes
Q2826117,Q29580479,shared_parties,1,nidaa tounes
Q2826117,Q30118294,shared_parties,1,nidaa tounes
Q2826117,Q30728498,shared_parties,1,nidaa tounes
Q2826117,Q30729169,shared_parties,1,nidaa tounes
Q2826117,Q3125311,shared_parties,1,nidaa tounes
Q2826117,Q313539,shared_parties,1,nidaa tounes
Q2826117,Q3141381,shared_parties,1,nidaa tounes
Q2826117,Q3196140,shared_parties,1,nidaa tounes
Q2826117,Q3220051,shared_parties,1,nidaa tounes
Q2826117,Q3318356,shared_parties,1,nidaa tounes
Q2826117,Q3318530,shared_parties,1,nidaa tounes
Q2826117,Q3331012,shared_parties,1,nidaa tounes
Q2826117,Q3417449,shared_parties,1,nidaa tounes
Q2826117,Q3431734,shared_parties,1,nidaa tounes
Q2826117,Q3431743,shared_education,1,ecole centrale paris
Q2826117,Q3474776,shared_parties,1,nidaa tounes
Q2826117,Q3486677,shared_parties,1,nidaa tounes
Q2826117,Q3571955,shared_education,1,ecole centrale paris
Q2826117,Q43304124,shared_parties,1,nidaa tounes
Q2826117,Q517946,shared_parties,1,nidaa tounes
Q2826117,Q55381738,shared_parties,1,nidaa tounes
Q2826117,Q60428357,shared_parties,1,nidaa tounes
Q2827482,Q2929686,shared_birth_governorate,1,kairouan
Q2827482,Q29577458,shared_birth_governorate,1,kairouan
Q2827482,Q3196140,shared_birth_governorate,1,kairouan
Q2827482,Q3318545,shared_birth_governorate,1,kairouan
Q2827482,Q3328946,shared_birth_governorate,1,kairouan
Q2827482,Q3334747,shared_birth_governorate,1,kairouan
Q2827482,Q3357601,shared_birth_governorate,1,kairouan
Q2827482,Q3486507,shared_birth_governorate,1,kairouan
Q2827482,Q3486513,shared_birth_governorate,1,kairouan
Q2827512,Q2827624,shared_parties,1,neo-destour
Q2827512,Q2827627,shared_parties,1,neo-destour
Q2827512,Q2836334,shared_education,1,college sadiki
Q2827512,Q2855981,shared_parties,1,neo-destour
Q2827512,Q2875153,shared_education,1,college sadiki
Q2827512,Q2912277,shared_birth_governorate,1,monastir
Q2827512,Q2929686,shared_parties,1,neo-destour
Q2827512,Q2929705,shared_birth_governorate,1,monastir
Q2827512,Q2947600,shared_birth_governorate,1,monastir
Q2827512,Q29580479,shared_birth_governorate,1,monastir
Q2827512,Q2961945,shared_education,1,college sadiki
Q2827512,Q3012366,shared_parties,1,neo-destour
Q2827512,Q3039490,shared_parties,1,neo-destour
Q2827512,Q3067195,shared_education,1,college sadiki
Q2827512,Q3067195,shared_parties,1,neo-destour
Q2827512,Q308017,shared_birth_governorate,1,monastir
Q2827512,Q3125835,shared_birth_governorate,1,monastir
Q2827512,Q3128202,shared_parties,1,neo-destour
Q2827512,Q3128235,shared_parties,1,neo-destour
Q2827512,Q313539,shared_education,1,college sadiki
Q2827512,Q3141381,shared_birth_governorate,1,monastir
Q2827512,Q3144591,shared_birth_governorate,1,monastir
Q2827512,Q3144591,shared_parties,1,neo-destour
Q2827512,Q3144594,shared_education,1,college sadiki
Q2827512,Q3160736,shared_parties,1,neo-destour
Q2827512,Q3196139,shared_education,1,college sadiki
Q2827512,Q3216753,shared_education,1,college sadiki
Q2827512,Q3216753,shared_parties,1,neo-destour
Q2827512,Q3277799,shared_parties,1,neo-destour
Q2827512,Q3277819,shared_parties,1,neo-destour
Q2827512,Q3286574,shared_birth_governorate,1,monastir
Q2827512,Q3318702,shared_birth_governorate,1,monastir
Q2827512,Q3318797,shared_birth_governorate,1,monastir
Q2827512,Q3320424,shared_parties,1,neo-destour
Q2827512,Q3320544,shared_education,1,college sadiki
Q2827512,Q3320644,shared_education,1,college sadiki
Q2827512,Q3320650,shared_birth_governorate,1,monastir
Q2827512,Q3320650,shared_education,1,college sadiki
Q2827512,Q3328933,shared_education,1,college sadiki
Q2827512,Q3328946,shared_education,1,college sadiki
Q2827512,Q3328946,shared_parties,1,neo-destour
Q2827512,Q3328959,shared_birth_governorate,1,monastir
Q2827512,Q3331012,shared_parties,1,neo-destour
Q2827512,Q3331032,shared_birth_governorate,1,monastir
Q2827512,Q3344886,shared_education,1,college sadiki
Q2827512,Q3347261,shared_birth_governorate,1,monastir
Q2827512,Q3357601,shared_parties,1,neo-destour
Q2827512,Q3431735,shared_birth_governorate,1,monastir
Q2827512,Q3461164,shared_education,1,college sadiki
Q2827512,Q3461164,shared_parties,1,neo-destour
Q2827512,Q3470003,shared_education,1,college sadiki
Q2827512,Q3516539,shared_birth_governorate,1,monastir
Q2827512,Q3516540,shared_education,1,college sadiki
Q2827512,Q3516543,shared_education,1,college sadiki
Q2827512,Q3516543,shared_parties,1,neo-destour
Q2827512,Q377921,shared_birth_governorate,1,monastir
Q2827512,Q377921,shared_education,1,college sadiki
Q2827512,Q48757077,shared_birth_governorate,1,monastir
Q2827512,Q48757077,shared_education,1,college sadiki
Q2827512,Q495681,shared_education,1,college sadiki
Q2827512,Q496042,shared_parties,1,neo-destour
Q2827512,Q496165,shared_education,1,college sadiki
Q2827512,Q507856,shared_education,1,college sadiki
Q2827512,Q54875085,shared_parties,1,neo-destour
Q2827512,Q55167831,shared_parties,1,neo-destour
Q2827512,Q563204,shared_parties,1,neo-destour
Q2827512,Q586623,shared_education,1,college sadiki
Q2827512,Q643348,shared_birth_governorate,1,monastir
Q2827512,Q643348,shared_education,1,college sadiki
Q2827512,Q643348,shared_parties,1,neo-destour
Q2827512,Q800238,shared_education,1,college sadiki
Q2827512,Q98828346,shared_birth_governorate,1,monastir
Q2827529,Q2827554,shared_birth_governorate,1,medenine
Q2827529,Q2827554,shared_education,1,universite de tunis
Q2827529,Q2827587,shared_birth_governorate,1,medenine
Q2827529,Q2836180,shared_education,1,universite de tunis
Q2827529,Q28869633,shared_education,1,universite de tunis
Q2827529,Q2929679,shared_birth_governorate,1,medenine
Q2827529,Q2929705,shared_education,1,universite de tunis
Q2827529,Q29577510,shared_birth_governorate,1,medenine
Q2827529,Q30217461,shared_birth_governorate,1,medenine
Q2827529,Q3066858,shared_education,1,universite de tunis
Q2827529,Q30729047,shared_birth_governorate,1,medenine
Q2827529,Q3125299,shared_education,1,universite de tunis
Q2827529,Q3125311,shared_education,1,universite de tunis
Q2827529,Q3125336,shared_education,1,universite de tunis
Q2827529,Q3128291,shared_education,1,universite de tunis
Q2827529,Q3141381,shared_education,1,universite de tunis
Q2827529,Q3304511,shared_education,1,universite de tunis
Q2827529,Q3318311,shared_education,1,universite de tunis
Q2827529,Q3318509,shared_education,1,universite de tunis
Q2827529,Q3318530,shared_education,1,universite de tunis
Q2827529,Q3318757,shared_education,1,universite de tunis
Q2827529,Q3318781,shared_education,1,universite de tunis
Q2827529,Q3319366,shared_education,1,universite de tunis
Q2827529,Q3358533,shared_education,1,universite de tunis
Q2827529,Q3417300,shared_education,1,universite de tunis
Q2827529,Q3417419,shared_education,1,universite de tunis
Q2827529,Q3423310,shared_education,1,universite de tunis
Q2827529,Q3430010,shared_birth_governorate,1,medenine
Q2827529,Q3461164,shared_birth_governorate,1,medenine
Q2827529,Q3461169,shared_education,1,universite de tunis
Q2827529,Q3469690,shared_education,1,universite de tunis
Q2827529,Q3469772,shared_birth_governorate,1,medenine
Q2827529,Q3470003,shared_parties,1,voie democratique et sociale
Q2827529,Q3470847,shared_parties,2,mouvement ettajdid|voie democratique et sociale
Q2827529,Q3470859,shared_birth_governorate,1,medenine
Q2827529,Q3486507,shared_education,1,universite de tunis
Q2827529,Q3486512,shared_education,1,universite de tunis
Q2827529,Q3486689,shared_education,1,universite de tunis
Q2827529,Q3515404,shared_education,1,universite de tunis
Q2827529,Q431515,shared_education,1,universite de tunis
Q2827529,Q43654658,shared_education,1,universite de tunis
Q2827529,Q496042,shared_birth_governorate,1,medenine
Q2827529,Q54875067,shared_birth_governorate,1,medenine
Q2827529,Q57699,shared_education,1,universite de tunis
Q2827529,Q61598250,shared_birth_governorate,1,medenine
Q2827529,Q668526,shared_education,1,universite de tunis
Q2827529,Q85822499,shared_education,1,universite de tunis
Q2827554,Q2827587,shared_birth_governorate,1,medenine
Q2827554,Q2836180,shared_education,1,universite de tunis
Q2827554,Q28869633,shared_education,1,universite de tunis
Q2827554,Q2929679,shared_birth_governorate,1,medenine
Q2827554,Q2929705,shared_education,1,universite de tunis
Q2827554,Q29577510,shared_birth_governorate,1,medenine
Q2827554,Q2961945,shared_education,1,universite de paris
Q2827554,Q30217461,shared_birth_governorate,1,medenine
Q2827554,Q3066858,shared_education,1,universite de tunis
Q2827554,Q30729047,shared_birth_governorate,1,medenine
Q2827554,Q30729066,shared_education,1,universite pierre-et-marie-curie
Q2827554,Q3125299,shared_education,1,universite de tunis
Q2827554,Q3125311,shared_education,1,universite de tunis
Q2827554,Q3125336,shared_education,1,universite de tunis
Q2827554,Q3128291,shared_education,1,universite de tunis
Q2827554,Q3141381,shared_education,1,universite de tunis
Q2827554,Q3304511,shared_education,1,universite de tunis
Q2827554,Q3318311,shared_education,1,universite de tunis
Q2827554,Q3318465,shared_education,1,universite de paris
Q2827554,Q3318509,shared_education,1,universite de tunis
Q2827554,Q3318530,shared_education,1,universite de tunis
Q2827554,Q3318757,shared_education,1,universite de tunis
Q2827554,Q3318781,shared_education,1,universite de tunis
Q2827554,Q3319366,shared_education,1,universite de tunis
Q2827554,Q3320644,shared_education,1,universite de paris
Q2827554,Q3358533,shared_education,1,universite de tunis
Q2827554,Q3417300,shared_education,1,universite de tunis
Q2827554,Q3417419,shared_education,1,universite de tunis
Q2827554,Q3423310,shared_education,1,universite de tunis
Q2827554,Q3430010,shared_birth_governorate,1,medenine
Q2827554,Q3431743,shared_education,1,universite de paris
Q2827554,Q3461164,shared_birth_governorate,1,medenine
Q2827554,Q3461169,shared_education,1,universite de tunis
Q2827554,Q3469690,shared_education,1,universite de tunis
Q2827554,Q3469772,shared_birth_governorate,1,medenine
Q2827554,Q3470859,shared_birth_governorate,1,medenine
Q2827554,Q3486507,shared_education,1,universite de tunis
Q2827554,Q3486512,shared_education,1,universite de tunis
Q2827554,Q3486689,shared_education,1,universite de tunis
Q2827554,Q3515404,shared_education,1,universite de tunis
Q2827554,Q431515,shared_education,1,universite de tunis
Q2827554,Q43654658,shared_education,2,universite de paris|universite de tunis
Q2827554,Q496042,shared_birth_governorate,1,medenine
Q2827554,Q51173119,shared_education,1,ecole nationale des ponts et chaussees
Q2827554,Q54875067,shared_birth_governorate,1,medenine
Q2827554,Q57699,shared_education,1,universite de tunis
Q2827554,Q60576591,shared_education,1,universite de paris
Q2827554,Q61598250,shared_birth_governorate,1,medenine
Q2827554,Q643348,shared_education,1,universite de paris
Q2827554,Q653162,shared_education,1,universite de paris
Q2827554,Q668526,shared_education,1,universite de tunis
Q2827554,Q85822499,shared_education,1,universite de tunis
Q2827587,Q2929679,shared_birth_governorate,1,medenine
Q2827587,Q29577510,shared_birth_governorate,1,medenine
Q2827587,Q30217461,shared_birth_governorate,1,medenine
Q2827587,Q30729047,shared_birth_governorate,1,medenine
Q2827587,Q3430010,shared_birth_governorate,1,medenine
Q2827587,Q3461164,shared_birth_governorate,1,medenine
Q2827587,Q3469772,shared_birth_governorate,1,medenine
Q2827587,Q3470859,shared_birth_governorate,1,medenine
Q2827587,Q496042,shared_birth_governorate,1,medenine
Q2827587,Q54875067,shared_birth_governorate,1,medenine
Q2827587,Q61598250,shared_birth_governorate,1,medenine
Q2827624,Q2827627,shared_parties,1,neo-destour
Q2827624,Q2855981,shared_parties,1,neo-destour
Q2827624,Q2875109,shared_education,1,جامعه السوربون
Q2827624,Q2875153,shared_education,1,faculte de droit et des sciences economiques de paris
Q2827624,Q2929686,shared_parties,1,neo-destour
Q2827624,Q29440996,shared_parties,1,parti socialiste destourien
Q2827624,Q3012366,shared_parties,1,neo-destour
Q2827624,Q3039490,shared_education,1,جامعه السوربون
Q2827624,Q3039490,shared_parties,1,neo-destour
Q2827624,Q3067195,shared_parties,2,neo-destour|parti socialiste destourien
Q2827624,Q308017,shared_parties,1,parti socialiste destourien
Q2827624,Q3128202,shared_education,1,faculte de droit et des sciences economiques de paris
Q2827624,Q3128202,shared_parties,1,neo-destour
Q2827624,Q3128235,shared_parties,2,neo-destour|parti socialiste destourien
Q2827624,Q3128291,shared_education,1,جامعه السوربون
Q2827624,Q313539,shared_education,1,faculte de droit et des sciences economiques de paris
Q2827624,Q3144591,shared_parties,1,neo-destour
Q2827624,Q3160736,shared_parties,1,neo-destour
Q2827624,Q3216753,shared_parties,1,neo-destour
Q2827624,Q3277799,shared_parties,1,neo-destour
Q2827624,Q3277819,shared_parties,1,neo-destour
Q2827624,Q3286574,shared_parties,1,parti socialiste destourien
Q2827624,Q3318475,shared_education,1,faculte de droit et des sciences economiques de paris
Q2827624,Q3318509,shared_education,1,جامعه السوربون
Q2827624,Q3318530,shared_parties,1,parti socialiste destourien
Q2827624,Q3318622,shared_parties,1,parti socialiste destourien
Q2827624,Q3320424,shared_education,1,faculte de droit et des sciences economiques de paris
Q2827624,Q3320424,shared_parties,1,neo-destour
Q2827624,Q3320538,shared_education,2,faculte de droit et des sciences economiques de paris|جامعه السوربون
Q2827624,Q3320538,shared_parties,1,parti socialiste destourien
Q2827624,Q3320650,shared_education,1,faculte de droit et des sciences economiques de paris
Q2827624,Q3320650,shared_parties,1,parti socialiste destourien
Q2827624,Q3328946,shared_education,1,جامعه السوربون
Q2827624,Q3328946,shared_parties,2,neo-destour|parti socialiste destourien
Q2827624,Q3331012,shared_parties,2,neo-destour|parti socialiste destourien
Q2827624,Q3331032,shared_parties,1,parti socialiste destourien
Q2827624,Q3344886,shared_parties,1,parti socialiste destourien
Q2827624,Q3357601,shared_parties,2,neo-destour|parti socialiste destourien
Q2827624,Q3431743,shared_education,3,institut d'etudes politiques de paris|جامعه السوربون|معهد الدراسات السياسيه بباريس
Q2827624,Q3461164,shared_parties,1,neo-destour
Q2827624,Q3461176,shared_parties,1,parti socialiste destourien
Q2827624,Q3469530,shared_education,1,جامعه السوربون
Q2827624,Q3483754,shared_education,1,جامعه السوربون
Q2827624,Q3516543,shared_parties,1,neo-destour
Q2827624,Q377921,shared_parties,1,parti socialiste destourien
Q2827624,Q3951110,shared_parties,1,parti socialiste destourien
Q2827624,Q4845531,shared_parties,1,mouvement des democrates socialistes
Q2827624,Q496042,shared_parties,1,neo-destour
Q2827624,Q496165,shared_education,1,جامعه السوربون
Q2827624,Q50285534,shared_parties,1,parti socialiste destourien
Q2827624,Q54875068,shared_parties,1,parti socialiste destourien
Q2827624,Q54875069,shared_parties,1,parti socialiste destourien
Q2827624,Q54875074,shared_parties,1,parti socialiste destourien
Q2827624,Q54875084,shared_parties,1,parti socialiste destourien
Q2827624,Q54875085,shared_parties,1,neo-destour
Q2827624,Q54875134,shared_parties,1,parti socialiste destourien
Q2827624,Q55167831,shared_parties,1,neo-destour
Q2827624,Q55196894,shared_parties,1,parti socialiste destourien
Q2827624,Q55392091,shared_parties,1,parti socialiste destourien
Q2827624,Q55392098,shared_parties,1,parti socialiste destourien
Q2827624,Q563204,shared_education,1,faculte de droit et des sciences economiques de paris
Q2827624,Q563204,shared_parties,1,neo-destour
Q2827624,Q586623,shared_education,1,faculte de droit et des sciences economiques de paris
Q2827624,Q60573416,shared_parties,1,parti socialiste destourien
Q2827624,Q60573536,shared_parties,1,parti socialiste destourien
Q2827624,Q643348,shared_education,2,جامعه السوربون|معهد الدراسات السياسيه بباريس
Q2827624,Q643348,shared_parties,1,neo-destour
Q2827624,Q653162,shared_parties,1,parti socialiste destourien
Q2827624,Q744499,shared_education,2,institut d'etudes politiques de paris|جامعه السوربون
Q2827624,Q800238,shared_parties,1,parti socialiste destourien
Q2827627,Q28465669,shared_birth_governorate,1,sousse
Q2827627,Q28502176,shared_birth_governorate,1,sousse
Q2827627,Q2855981,shared_parties,1,neo-destour
Q2827627,Q2929686,shared_parties,1,neo-destour
Q2827627,Q30118294,shared_birth_governorate,1,sousse
Q2827627,Q3012366,shared_parties,1,neo-destour
Q2827627,Q3039490,shared_parties,1,neo-destour
Q2827627,Q3067195,shared_parties,1,neo-destour
Q2827627,Q3125288,shared_birth_governorate,1,sousse
Q2827627,Q3125311,shared_birth_governorate,1,sousse
Q2827627,Q3128202,shared_parties,1,neo-destour
Q2827627,Q3128235,shared_parties,1,neo-destour
Q2827627,Q3144591,shared_parties,1,neo-destour
Q2827627,Q3160736,shared_parties,1,neo-destour
Q2827627,Q3216753,shared_parties,1,neo-destour
Q2827627,Q3277799,shared_parties,1,neo-destour
Q2827627,Q3277819,shared_parties,1,neo-destour
Q2827627,Q3318622,shared_birth_governorate,1,sousse
Q2827627,Q3320424,shared_parties,1,neo-destour
Q2827627,Q3328946,shared_parties,1,neo-destour
Q2827627,Q3331012,shared_parties,1,neo-destour
Q2827627,Q3357601,shared_parties,1,neo-destour
Q2827627,Q3431743,shared_birth_governorate,1,sousse
Q2827627,Q3461164,shared_parties,1,neo-destour
Q2827627,Q3516543,shared_parties,1,neo-destour
Q2827627,Q431515,shared_birth_governorate,1,sousse
Q2827627,Q496042,shared_parties,1,neo-destour
Q2827627,Q50099224,shared_birth_governorate,1,sousse
Q2827627,Q50285534,shared_birth_governorate,1,sousse
Q2827627,Q54875084,shared_birth_governorate,1,sousse
Q2827627,Q54875085,shared_parties,1,neo-destour
Q2827627,Q55167831,shared_parties,1,neo-destour
Q2827627,Q563204,shared_parties,1,neo-destour
Q2827627,Q57699,shared_birth_governorate,1,sousse
Q2827627,Q60576591,shared_birth_governorate,1,sousse
Q2827627,Q643348,shared_parties,1,neo-destour
Q2827627,Q88467296,shared_birth_governorate,1,sousse
Q2827633,Q3304511,shared_parties,1,parti democrate progressiste
Q2827633,Q3474776,shared_parties,1,al joumhouri
Q2827633,Q3571955,shared_parties,1,al joumhouri
Q2827633,Q60428357,shared_parties,1,al joumhouri
Q2827664,Q2836180,shared_parties,1,التجمع الدستوري الديمقراطي
Q2827664,Q2912277,shared_parties,1,التجمع الدستوري الديمقراطي
Q2827664,Q2929705,shared_parties,1,التجمع الدستوري الديمقراطي
Q2827664,Q29816892,shared_parties,1,التجمع الدستوري الديمقراطي
Q2827664,Q3012366,shared_parties,1,التجمع الدستوري الديمقراطي
Q2827664,Q30728289,shared_parties,1,التجمع الدستوري الديمقراطي
Q2827664,Q30728498,shared_parties,1,التجمع الدستوري الديمقراطي
Q2827664,Q313539,shared_parties,1,التجمع الدستوري الديمقراطي
Q2827664,Q3192376,shared_parties,1,التجمع الدستوري الديمقراطي
Q2827664,Q3318509,shared_parties,1,التجمع الدستوري الديمقراطي
Q2827664,Q3318622,shared_parties,1,التجمع الدستوري الديمقراطي
Q2827664,Q3320454,shared_parties,1,التجمع الدستوري الديمقراطي
Q2827664,Q3320544,shared_parties,1,التجمع الدستوري الديمقراطي
Q2827664,Q3334855,shared_parties,1,التجمع الدستوري الديمقراطي
Q2827664,Q3347261,shared_parties,1,التجمع الدستوري الديمقراطي
Q2827664,Q3417300,shared_parties,1,التجمع الدستوري الديمقراطي
Q2827664,Q3417419,shared_parties,1,التجمع الدستوري الديمقراطي
Q2827664,Q3431743,shared_parties,1,التجمع الدستوري الديمقراطي
Q2827664,Q3461164,shared_parties,1,التجمع الدستوري الديمقراطي
Q2827664,Q3461169,shared_parties,1,التجمع الدستوري الديمقراطي
Q2827664,Q3486513,shared_parties,1,التجمع الدستوري الديمقراطي
Q2827664,Q3515404,shared_parties,1,التجمع الدستوري الديمقراطي
Q2827664,Q38213221,shared_parties,1,التجمع الدستوري الديمقراطي
Q2827664,Q431515,shared_parties,1,التجمع الدستوري الديمقراطي
Q2827664,Q50285534,shared_parties,1,التجمع الدستوري الديمقراطي
Q2827664,Q54875068,shared_parties,1,التجمع الدستوري الديمقراطي
Q2827664,Q54875069,shared_parties,1,التجمع الدستوري الديمقراطي
Q2827664,Q54875086,shared_parties,1,التجمع الدستوري الديمقراطي
Q2827664,Q54875087,shared_parties,1,التجمع الدستوري الديمقراطي
Q2827664,Q54875092,shared_parties,1,التجمع الدستوري الديمقراطي
Q2827664,Q54875133,shared_parties,1,التجمع الدستوري الديمقراطي
Q2827664,Q55391329,shared_parties,1,التجمع الدستوري الديمقراطي
Q2827664,Q55392087,shared_parties,1,التجمع الدستوري الديمقراطي
Q2827664,Q55392103,shared_parties,1,التجمع الدستوري الديمقراطي
Q2827664,Q60573369,shared_parties,1,التجمع الدستوري الديمقراطي
Q2827664,Q60573379,shared_parties,1,التجمع الدستوري الديمقراطي
Q2827664,Q60573426,shared_parties,1,التجمع الدستوري الديمقراطي
Q2827664,Q60573536,shared_parties,1,التجمع الدستوري الديمقراطي
Q2827664,Q653162,shared_parties,1,التجمع الدستوري الديمقراطي
Q2827664,Q97961043,shared_parties,1,التجمع الدستوري الديمقراطي
Q2830956,Q30224903,shared_education,1,lycee carnot de tunis
Q2830956,Q3128202,shared_education,1,lycee carnot de tunis
Q2830956,Q4845531,shared_education,1,lycee carnot de tunis
Q2830956,Q60573008,shared_education,1,lycee carnot de tunis
Q2830956,Q643348,shared_education,1,lycee carnot de tunis
Q2836180,Q28869633,shared_education,2,universite de tunis|جامعه تونس
Q2836180,Q2912277,shared_parties,1,التجمع الدستوري الديمقراطي
Q2836180,Q2929705,shared_education,1,universite de tunis
Q2836180,Q2929705,shared_parties,1,التجمع الدستوري الديمقراطي
Q2836180,Q29816892,shared_parties,1,التجمع الدستوري الديمقراطي
Q2836180,Q3012366,shared_parties,1,التجمع الدستوري الديمقراطي
Q2836180,Q3066858,shared_education,1,universite de tunis
Q2836180,Q30728289,shared_parties,1,التجمع الدستوري الديمقراطي
Q2836180,Q30728498,shared_parties,1,التجمع الدستوري الديمقراطي
Q2836180,Q3125299,shared_education,2,universite de tunis|جامعه تونس
Q2836180,Q3125311,shared_education,1,universite de tunis
Q2836180,Q3125336,shared_education,2,universite de tunis|جامعه تونس
Q2836180,Q3128291,shared_education,2,universite de tunis|جامعه تونس
Q2836180,Q313539,shared_parties,1,التجمع الدستوري الديمقراطي
Q2836180,Q3141381,shared_education,1,universite de tunis
Q2836180,Q3192376,shared_parties,1,التجمع الدستوري الديمقراطي
Q2836180,Q3304511,shared_education,1,universite de tunis
Q2836180,Q3318311,shared_education,1,universite de tunis
Q2836180,Q3318509,shared_education,1,universite de tunis
Q2836180,Q3318509,shared_parties,1,التجمع الدستوري الديمقراطي
Q2836180,Q3318530,shared_education,2,universite de tunis|جامعه تونس
Q2836180,Q3318622,shared_parties,1,التجمع الدستوري الديمقراطي
Q2836180,Q3318757,shared_education,1,universite de tunis
Q2836180,Q3318781,shared_education,1,universite de tunis
Q2836180,Q3319366,shared_education,1,universite de tunis
Q2836180,Q3320454,shared_parties,1,التجمع الدستوري الديمقراطي
Q2836180,Q3320544,shared_parties,1,التجمع الدستوري الديمقراطي
Q2836180,Q3328959,shared_education,1,جامعه تونس
Q2836180,Q3334855,shared_parties,1,التجمع الدستوري الديمقراطي
Q2836180,Q3347261,shared_parties,1,التجمع الدستوري الديمقراطي
Q2836180,Q3358533,shared_education,2,universite de tunis|جامعه تونس
Q2836180,Q3417300,shared_education,1,universite de tunis
Q2836180,Q3417300,shared_parties,1,التجمع الدستوري الديمقراطي
Q2836180,Q3417419,shared_education,2,universite de tunis|جامعه تونس
Q2836180,Q3417419,shared_parties,1,التجمع الدستوري الديمقراطي
Q2836180,Q3423310,shared_education,1,universite de tunis
Q2836180,Q3431743,shared_parties,1,التجمع الدستوري الديمقراطي
Q2836180,Q3461164,shared_parties,1,التجمع الدستوري الديمقراطي
Q2836180,Q3461169,shared_education,2,universite de tunis|جامعه تونس
Q2836180,Q3461169,shared_parties,1,التجمع الدستوري الديمقراطي
Q2836180,Q3469690,shared_education,1,universite de tunis
Q2836180,Q3486507,shared_education,2,universite de tunis|جامعه تونس
Q2836180,Q3486512,shared_education,1,universite de tunis
Q2836180,Q3486513,shared_parties,1,التجمع الدستوري الديمقراطي
Q2836180,Q3486689,shared_education,2,universite de tunis|جامعه تونس
Q2836180,Q3515404,shared_education,1,universite de tunis
Q2836180,Q3515404,shared_parties,1,التجمع الدستوري الديمقراطي
Q2836180,Q38213221,shared_parties,1,التجمع الدستوري الديمقراطي
Q2836180,Q431515,shared_education,1,universite de tunis
Q2836180,Q431515,shared_parties,1,التجمع الدستوري الديمقراطي
Q2836180,Q43654658,shared_education,1,universite de tunis
Q2836180,Q50285534,shared_parties,1,التجمع الدستوري الديمقراطي
Q2836180,Q54875068,shared_parties,1,التجمع الدستوري الديمقراطي
Q2836180,Q54875069,shared_parties,1,التجمع الدستوري الديمقراطي
Q2836180,Q54875086,shared_parties,1,التجمع الدستوري الديمقراطي
Q2836180,Q54875087,shared_parties,1,التجمع الدستوري الديمقراطي
Q2836180,Q54875092,shared_parties,1,التجمع الدستوري الديمقراطي
Q2836180,Q54875133,shared_parties,1,التجمع الدستوري الديمقراطي
Q2836180,Q55391329,shared_parties,1,التجمع الدستوري الديمقراطي
Q2836180,Q55392087,shared_parties,1,التجمع الدستوري الديمقراطي
Q2836180,Q55392103,shared_parties,1,التجمع الدستوري الديمقراطي
Q2836180,Q57699,shared_education,2,universite de tunis|جامعه تونس
Q2836180,Q60573369,shared_parties,1,التجمع الدستوري الديمقراطي
Q2836180,Q60573379,shared_parties,1,التجمع الدستوري الديمقراطي
Q2836180,Q60573426,shared_parties,1,التجمع الدستوري الديمقراطي
Q2836180,Q60573536,shared_parties,1,التجمع الدستوري الديمقراطي
Q2836180,Q653162,shared_parties,1,التجمع الدستوري الديمقراطي
Q2836180,Q668526,shared_education,2,universite de tunis|جامعه تونس
Q2836180,Q85822499,shared_education,1,universite de tunis
Q2836180,Q86734094,shared_birth_governorate,1,siliana
Q2836180,Q89996191,shared_birth_governorate,1,siliana
Q2836180,Q97961043,shared_parties,1,التجمع الدستوري الديمقراطي
Q2836334,Q2875153,shared_education,1,college sadiki
Q2836334,Q2961945,shared_education,1,college sadiki
Q2836334,Q3067195,shared_education,1,college sadiki
Q2836334,Q313539,shared_education,1,college sadiki
Q2836334,Q3144594,shared_education,1,college sadiki
Q2836334,Q3196139,shared_education,1,college sadiki
Q2836334,Q3216753,shared_education,1,college sadiki
Q2836334,Q3320544,shared_education,1,college sadiki
Q2836334,Q3320644,shared_education,1,college sadiki
Q2836334,Q3320650,shared_education,1,college sadiki
Q2836334,Q3328933,shared_education,1,college sadiki
Q2836334,Q3328946,shared_education,1,college sadiki
Q2836334,Q3344886,shared_education,1,college sadiki
Q2836334,Q3461164,shared_education,1,college sadiki
Q2836334,Q3470003,shared_education,1,college sadiki
Q2836334,Q3516540,shared_education,1,college sadiki
Q2836334,Q3516543,shared_education,1,college sadiki
Q2836334,Q377921,shared_education,1,college sadiki
Q2836334,Q48757077,shared_education,1,college sadiki
Q2836334,Q495681,shared_education,1,college sadiki
Q2836334,Q496165,shared_education,1,college sadiki
Q2836334,Q507856,shared_education,1,college sadiki
Q2836334,Q586623,shared_education,1,college sadiki
Q2836334,Q643348,shared_education,1,college sadiki
Q2836334,Q800238,shared_education,1,college sadiki
Q28465669,Q28502176,shared_birth_governorate,1,sousse
Q28465669,Q29577458,shared_parties,1,nidaa tounes
Q28465669,Q29577522,shared_parties,1,nidaa tounes
Q28465669,Q29580435,shared_parties,1,nidaa tounes
Q28465669,Q29580475,shared_parties,1,nidaa tounes
Q28465669,Q29580479,shared_parties,1,nidaa tounes
Q28465669,Q30118294,shared_birth_governorate,1,sousse
Q28465669,Q30118294,shared_parties,1,nidaa tounes
Q28465669,Q30728498,shared_parties,1,nidaa tounes
Q28465669,Q30729169,shared_parties,1,nidaa tounes
Q28465669,Q3125288,shared_birth_governorate,1,sousse
Q28465669,Q3125311,shared_birth_governorate,1,sousse
Q28465669,Q3125311,shared_parties,1,nidaa tounes
Q28465669,Q313539,shared_parties,1,nidaa tounes
Q28465669,Q3141381,shared_parties,1,nidaa tounes
Q28465669,Q3196140,shared_parties,1,nidaa tounes
Q28465669,Q3220051,shared_parties,1,nidaa tounes
Q28465669,Q3318297,shared_education,1,universite de tunis - el manar
Q28465669,Q3318336,shared_education,1,universite de tunis - el manar
Q28465669,Q3318356,shared_parties,1,nidaa tounes
Q28465669,Q3318530,shared_parties,1,nidaa tounes
Q28465669,Q3318622,shared_birth_governorate,1,sousse
Q28465669,Q3331012,shared_parties,1,nidaa tounes
Q28465669,Q3333020,shared_education,1,universite de tunis - el manar
Q28465669,Q3417449,shared_parties,1,nidaa tounes
Q28465669,Q3431734,shared_parties,1,nidaa tounes
Q28465669,Q3431743,shared_birth_governorate,1,sousse
Q28465669,Q3474776,shared_parties,1,nidaa tounes
Q28465669,Q3486677,shared_parties,1,nidaa tounes
Q28465669,Q3490439,shared_education,1,universite de tunis - el manar
Q28465669,Q431515,shared_birth_governorate,1,sousse
Q28465669,Q43304124,shared_parties,1,nidaa tounes
Q28465669,Q50099224,shared_birth_governorate,1,sousse
Q28465669,Q50285534,shared_birth_governorate,1,sousse
Q28465669,Q517946,shared_parties,1,nidaa tounes
Q28465669,Q54875084,shared_birth_governorate,1,sousse
Q28465669,Q55381738,shared_parties,1,nidaa tounes
Q28465669,Q56309568,shared_education,1,universite de tunis - el manar
Q28465669,Q57699,shared_birth_governorate,1,sousse
Q28465669,Q60428357,shared_parties,1,nidaa tounes
Q28465669,Q60576591,shared_birth_governorate,1,sousse
Q28465669,Q88467296,shared_birth_governorate,1,sousse
Q28502176,Q30118294,shared_birth_governorate,1,sousse
Q28502176,Q3125288,shared_birth_governorate,1,sousse
Q28502176,Q3125311,shared_birth_governorate,1,sousse
Q28502176,Q3318530,shared_education,2,universite paris-i-pantheon-sorbonne|universite paris-sorbonne
Q28502176,Q3318622,shared_birth_governorate,1,sousse
Q28502176,Q3320454,shared_education,1,universite paris-i-pantheon-sorbonne
Q28502176,Q3320646,shared_education,1,universite paris-i-pantheon-sorbonne
Q28502176,Q3431743,shared_birth_governorate,1,sousse
Q28502176,Q3469772,shared_education,1,universite paris-descartes
Q28502176,Q3473691,shared_education,1,universite paris-descartes
Q28502176,Q3486507,shared_education,1,universite paris-sorbonne
Q28502176,Q431515,shared_birth_governorate,1,sousse
Q28502176,Q48757077,shared_education,1,universite paris-sorbonne
Q28502176,Q50099224,shared_birth_governorate,1,sousse
Q28502176,Q50285534,shared_birth_governorate,1,sousse
Q28502176,Q53015850,shared_education,1,universite paris-i-pantheon-sorbonne
Q28502176,Q54875084,shared_birth_governorate,1,sousse
Q28502176,Q57699,shared_birth_governorate,1,sousse
Q28502176,Q60573536,shared_education,1,universite paris-i-pantheon-sorbonne
Q28502176,Q60576591,shared_birth_governorate,1,sousse
Q28502176,Q88467296,shared_birth_governorate,1,sousse
Q28502176,Q89844681,shared_education,1,universite paris-i-pantheon-sorbonne
Q28502176,Q98828599,shared_education,1,universite paris-i-pantheon-sorbonne
Q2855981,Q2929686,shared_parties,1,neo-destour
Q2855981,Q3012366,shared_parties,1,neo-destour
Q2855981,Q3039490,shared_parties,1,neo-destour
Q2855981,Q3067195,shared_parties,1,neo-destour
Q2855981,Q3128202,shared_parties,1,neo-destour
Q2855981,Q3128235,shared_parties,1,neo-destour
Q2855981,Q3144591,shared_parties,1,neo-destour
Q2855981,Q3160736,shared_parties,1,neo-destour
Q2855981,Q3216753,shared_parties,1,neo-destour
Q2855981,Q3277799,shared_parties,1,neo-destour
Q2855981,Q3277819,shared_parties,1,neo-destour
Q2855981,Q3320424,shared_parties,1,neo-destour
Q2855981,Q3328946,shared_parties,1,neo-destour
Q2855981,Q3331012,shared_parties,1,neo-destour
Q2855981,Q3357601,shared_parties,1,neo-destour
Q2855981,Q3461164,shared_parties,1,neo-destour
Q2855981,Q3516543,shared_parties,1,neo-destour
Q2855981,Q496042,shared_parties,1,neo-destour
Q2855981,Q54875085,shared_parties,1,neo-destour
Q2855981,Q55167831,shared_parties,1,neo-destour
Q2855981,Q563204,shared_parties,1,neo-destour
Q2855981,Q643348,shared_parties,1,neo-destour
Q28653580,Q2912277,shared_education,1,faculte de medecine de tunis
Q28653580,Q29577522,shared_education,1,faculte de medecine de tunis
Q28653580,Q30729169,shared_parties,1,afek tounes
Q28653580,Q3318475,shared_birth_governorate,1,sfax
Q28653580,Q3320435,shared_birth_governorate,1,sfax
Q28653580,Q3331012,shared_birth_governorate,1,sfax
Q28653580,Q3344886,shared_birth_governorate,1,sfax
Q28653580,Q3461169,shared_birth_governorate,1,sfax
Q28653580,Q3469690,shared_birth_governorate,1,sfax
Q28653580,Q3470003,shared_education,1,faculte de medecine de tunis
Q28653580,Q3470859,shared_parties,1,afek tounes
Q28653580,Q3473691,shared_birth_governorate,1,sfax
Q28653580,Q3486512,shared_birth_governorate,1,sfax
Q28653580,Q3486677,shared_birth_governorate,1,sfax
Q28653580,Q3490439,shared_birth_governorate,1,sfax
Q28653580,Q3571955,shared_parties,1,afek tounes
Q28653580,Q42311056,shared_birth_governorate,1,sfax
Q28653580,Q43654658,shared_birth_governorate,1,sfax
Q28653580,Q49691191,shared_parties,1,afek tounes
Q28653580,Q54875067,shared_parties,1,afek tounes
Q28653580,Q55381738,shared_birth_governorate,1,sfax
Q28653580,Q668526,shared_birth_governorate,1,sfax
Q28653580,Q744499,shared_birth_governorate,1,sfax
Q28653580,Q86329266,shared_education,1,faculte de medecine de tunis
Q28653580,Q92316785,shared_birth_governorate,1,sfax
Q28653580,Q92354033,shared_birth_governorate,1,sfax
Q28653580,Q98828362,shared_parties,1,afek tounes
Q28653580,Q99539200,shared_birth_governorate,1,sfax
Q28654181,Q29440996,shared_birth_governorate,1,nabeul
Q28654181,Q3012366,shared_birth_governorate,1,nabeul
Q28654181,Q30729046,shared_birth_governorate,1,nabeul
Q28654181,Q3079840,shared_birth_governorate,1,nabeul
Q28654181,Q3217980,shared_birth_governorate,1,nabeul
Q28654181,Q3318311,shared_birth_governorate,1,nabeul
Q28654181,Q3318375,shared_birth_governorate,1,nabeul
Q28654181,Q3318731,shared_birth_governorate,1,nabeul
Q28654181,Q3318774,shared_birth_governorate,1,nabeul
Q28654181,Q3318800,shared_birth_governorate,1,nabeul
Q28654181,Q3320424,shared_birth_governorate,1,nabeul
Q28654181,Q3320644,shared_birth_governorate,1,nabeul
Q28654181,Q3486675,shared_education,1,universite toulouse-capitole
Q28654181,Q496165,shared_birth_governorate,1,nabeul
Q28654181,Q54875074,shared_birth_governorate,1,nabeul
Q28654181,Q60428357,shared_education,1,universite toulouse-capitole
Q28654181,Q65130650,shared_birth_governorate,1,nabeul
Q28654181,Q92332624,shared_birth_governorate,1,nabeul
Q28714939,Q2947600,shared_parties,1,ennahdha
Q28714939,Q29577510,shared_parties,2,ennahdha|حركه النهضه التونسيه
Q28714939,Q30217461,shared_parties,2,ennahdha|حركه النهضه التونسيه
Q28714939,Q3160876,shared_parties,2,ennahdha|حركه النهضه التونسيه
Q28714939,Q3318419,shared_parties,2,ennahdha|حركه النهضه التونسيه
Q28714939,Q3318652,shared_parties,2,ennahdha|حركه النهضه التونسيه
Q28714939,Q3318800,shared_parties,2,ennahdha|حركه النهضه التونسيه
Q28714939,Q3320435,shared_parties,2,ennahdha|حركه النهضه التونسيه
Q28714939,Q3417420,shared_parties,2,ennahdha|حركه النهضه التونسيه
Q28714939,Q3430010,shared_parties,2,ennahdha|حركه النهضه التونسيه
Q28714939,Q3431747,shared_parties,2,ennahdha|حركه النهضه التونسيه
Q28714939,Q3470837,shared_parties,2,ennahdha|حركه النهضه التونسيه
Q28714939,Q3486675,shared_parties,2,ennahdha|حركه النهضه التونسيه
Q28714939,Q55999324,shared_parties,2,ennahdha|حركه النهضه التونسيه
Q28714939,Q57699,shared_parties,2,ennahdha|حركه النهضه التونسيه
Q28714939,Q668526,shared_parties,2,ennahdha|حركه النهضه التونسيه
Q28714939,Q86734094,shared_parties,2,ennahdha|حركه النهضه التونسيه
Q28714939,Q92316785,shared_parties,1,حركه النهضه التونسيه
Q28714939,Q92332624,shared_parties,1,ennahdha
Q2875109,Q2875153,shared_education,1,المدرسه الصادقيه
Q2875109,Q2961945,shared_education,1,المدرسه الصادقيه
Q2875109,Q3039490,shared_education,2,المدرسه الصادقيه|جامعه السوربون
Q2875109,Q3067195,shared_education,1,المدرسه الصادقيه
Q2875109,Q3128291,shared_education,1,جامعه السوربون
Q2875109,Q313539,shared_education,1,المدرسه الصادقيه
Q2875109,Q3216753,shared_education,1,المدرسه الصادقيه
Q2875109,Q3277799,shared_education,1,المدرسه الصادقيه
Q2875109,Q3318509,shared_education,1,جامعه السوربون
Q2875109,Q3320538,shared_education,1,جامعه السوربون
Q2875109,Q3320544,shared_education,1,المدرسه الصادقيه
Q2875109,Q3320646,shared_education,1,المدرسه العليا للاساتذه
Q2875109,Q3320650,shared_education,1,المدرسه الصادقيه
Q2875109,Q3328946,shared_education,3,faculte des lettres de paris|المدرسه الصادقيه|جامعه السوربون
Q2875109,Q3431743,shared_education,1,جامعه السوربون
Q2875109,Q3461164,shared_education,1,المدرسه الصادقيه
Q2875109,Q3469530,shared_education,1,جامعه السوربون
Q2875109,Q3483754,shared_education,1,جامعه السوربون
Q2875109,Q377921,shared_education,1,المدرسه الصادقيه
Q2875109,Q495681,shared_education,1,المدرسه الصادقيه
Q2875109,Q496165,shared_education,2,المدرسه الصادقيه|جامعه السوربون
Q2875109,Q507856,shared_education,2,ecole pratique des hautes etudes|المدرسه الصادقيه
Q2875109,Q643348,shared_education,2,المدرسه الصادقيه|جامعه السوربون
Q2875109,Q744499,shared_education,1,جامعه السوربون
Q2875153,Q2961945,shared_education,2,college sadiki|المدرسه الصادقيه
Q2875153,Q3039490,shared_education,1,المدرسه الصادقيه
Q2875153,Q3067195,shared_education,2,college sadiki|المدرسه الصادقيه
Q2875153,Q3128202,shared_education,1,faculte de droit et des sciences economiques de paris
Q2875153,Q3128202,shared_parties,1,اعمال تونسيه في القرن 20
Q2875153,Q313539,shared_education,3,college sadiki|faculte de droit et des sciences economiques de paris|المدرسه الصادقيه
Q2875153,Q3144594,shared_education,1,college sadiki
Q2875153,Q3196139,shared_education,1,college sadiki
Q2875153,Q3216753,shared_education,2,college sadiki|المدرسه الصادقيه
Q2875153,Q3277799,shared_education,1,المدرسه الصادقيه
Q2875153,Q3318475,shared_education,1,faculte de droit et des sciences economiques de paris
Q2875153,Q3318622,shared_parties,1,اعمال تونسيه في القرن 20
Q2875153,Q3320424,shared_education,1,faculte de droit et des sciences economiques de paris
Q2875153,Q3320538,shared_education,1,faculte de droit et des sciences economiques de paris
Q2875153,Q3320544,shared_education,2,college sadiki|المدرسه الصادقيه
Q2875153,Q3320644,shared_education,1,college sadiki
Q2875153,Q3320650,shared_education,3,college sadiki|faculte de droit et des sciences economiques de paris|المدرسه الصادقيه
Q2875153,Q3328933,shared_education,1,college sadiki
Q2875153,Q3328946,shared_education,2,college sadiki|المدرسه الصادقيه
Q2875153,Q3344886,shared_education,1,college sadiki
Q2875153,Q3461164,shared_education,2,college sadiki|المدرسه الصادقيه
Q2875153,Q3470003,shared_education,1,college sadiki
Q2875153,Q3516540,shared_education,1,college sadiki
Q2875153,Q3516543,shared_education,1,college sadiki
Q2875153,Q377921,shared_education,2,college sadiki|المدرسه الصادقيه
Q2875153,Q48757077,shared_education,1,college sadiki
Q2875153,Q495681,shared_education,2,college sadiki|المدرسه الصادقيه
Q2875153,Q495681,shared_parties,2,اعمال تونسيه في القرن 20|اعمال من مدينه تونس
Q2875153,Q496165,shared_education,2,college sadiki|المدرسه الصادقيه
Q2875153,Q507856,shared_education,2,college sadiki|المدرسه الصادقيه
Q2875153,Q563204,shared_education,1,faculte de droit et des sciences economiques de paris
Q2875153,Q586623,shared_education,2,college sadiki|faculte de droit et des sciences economiques de paris
Q2875153,Q643348,shared_education,2,college sadiki|المدرسه الصادقيه
Q2875153,Q744499,shared_parties,1,اعمال تونسيه في القرن 20
Q2875153,Q800238,shared_education,1,college sadiki
Q28869633,Q2929705,shared_education,1,universite de tunis
Q28869633,Q3039490,shared_birth_governorate,1,beja
Q28869633,Q3066858,shared_education,1,universite de tunis
Q28869633,Q30728498,shared_birth_governorate,1,beja
Q28869633,Q3079840,shared_education,1,ecole nationale d'administration
Q28869633,Q3125299,shared_education,2,universite de tunis|جامعه تونس
Q28869633,Q3125311,shared_education,1,universite de tunis
Q28869633,Q3125336,shared_education,2,universite de tunis|جامعه تونس
Q28869633,Q3128291,shared_education,2,universite de tunis|جامعه تونس
Q28869633,Q3141381,shared_education,1,universite de tunis
Q28869633,Q3144577,shared_birth_governorate,1,beja
Q28869633,Q3304511,shared_education,1,universite de tunis
Q28869633,Q3318311,shared_education,1,universite de tunis
Q28869633,Q3318509,shared_education,1,universite de tunis
Q28869633,Q3318530,shared_education,2,universite de tunis|جامعه تونس
Q28869633,Q3318757,shared_education,1,universite de tunis
Q28869633,Q3318781,shared_education,1,universite de tunis
Q28869633,Q3319366,shared_education,1,universite de tunis
Q28869633,Q3328959,shared_education,1,جامعه تونس
Q28869633,Q3358533,shared_education,2,universite de tunis|جامعه تونس
Q28869633,Q3417300,shared_education,1,universite de tunis
Q28869633,Q3417419,shared_birth_governorate,1,beja
Q28869633,Q3417419,shared_education,2,universite de tunis|جامعه تونس
Q28869633,Q3423310,shared_education,1,universite de tunis
Q28869633,Q3431743,shared_education,1,ecole nationale d'administration
Q28869633,Q3461169,shared_education,2,universite de tunis|جامعه تونس
Q28869633,Q3469690,shared_education,1,universite de tunis
Q28869633,Q3486507,shared_education,2,universite de tunis|جامعه تونس
Q28869633,Q3486512,shared_education,1,universite de tunis
Q28869633,Q3486689,shared_education,2,universite de tunis|جامعه تونس
Q28869633,Q3490439,shared_education,1,faculte de droit et des sciences politiques de tunis
Q28869633,Q3515404,shared_education,1,universite de tunis
Q28869633,Q431515,shared_education,1,universite de tunis
Q28869633,Q43654658,shared_education,1,universite de tunis
Q28869633,Q57699,shared_education,2,universite de tunis|جامعه تونس
Q28869633,Q60573413,shared_education,1,ecole nationale d'administration
Q28869633,Q61598250,shared_education,1,ecole nationale d'administration
Q28869633,Q62601798,shared_birth_governorate,1,beja
Q28869633,Q65130650,shared_education,1,ecole nationale d'administration
Q28869633,Q668526,shared_education,2,universite de tunis|جامعه تونس
Q28869633,Q744499,shared_education,1,ecole nationale d'administration
Q28869633,Q85822499,shared_education,1,universite de tunis
Q28869633,Q88485687,shared_education,2,ecole nationale d'administration|faculte de droit et des sciences politiques de tunis
Q28869633,Q89996191,shared_education,1,ecole nationale d'administration
Q28869633,Q91626084,shared_education,1,ecole nationale d'administration
Q2912277,Q2929705,shared_birth_governorate,1,monastir
Q2912277,Q2929705,shared_parties,1,التجمع الدستوري الديمقراطي
Q2912277,Q2947600,shared_birth_governorate,1,monastir
Q2912277,Q29577522,shared_education,1,faculte de medecine de tunis
Q2912277,Q29580479,shared_birth_governorate,1,monastir
Q2912277,Q29816892,shared_parties,1,التجمع الدستوري الديمقراطي
Q2912277,Q3012366,shared_parties,1,التجمع الدستوري الديمقراطي
Q2912277,Q30728289,shared_parties,1,التجمع الدستوري الديمقراطي
Q2912277,Q30728498,shared_parties,1,التجمع الدستوري الديمقراطي
Q2912277,Q308017,shared_birth_governorate,1,monastir
Q2912277,Q3125835,shared_birth_governorate,1,monastir
Q2912277,Q313539,shared_parties,1,التجمع الدستوري الديمقراطي
Q2912277,Q3141381,shared_birth_governorate,1,monastir
Q2912277,Q3144591,shared_birth_governorate,1,monastir
Q2912277,Q3192376,shared_parties,1,التجمع الدستوري الديمقراطي
Q2912277,Q3286574,shared_birth_governorate,1,monastir
Q2912277,Q3318509,shared_parties,1,التجمع الدستوري الديمقراطي
Q2912277,Q3318622,shared_parties,1,التجمع الدستوري الديمقراطي
Q2912277,Q3318702,shared_birth_governorate,1,monastir
Q2912277,Q3318797,shared_birth_governorate,1,monastir
Q2912277,Q3320454,shared_parties,1,التجمع الدستوري الديمقراطي
Q2912277,Q3320544,shared_parties,1,التجمع الدستوري الديمقراطي
Q2912277,Q3320650,shared_birth_governorate,1,monastir
Q2912277,Q3328959,shared_birth_governorate,1,monastir
Q2912277,Q3331032,shared_birth_governorate,1,monastir
Q2912277,Q3334855,shared_parties,1,التجمع الدستوري الديمقراطي
Q2912277,Q3347261,shared_birth_governorate,1,monastir
Q2912277,Q3347261,shared_parties,1,التجمع الدستوري الديمقراطي
Q2912277,Q3417300,shared_parties,1,التجمع الدستوري الديمقراطي
Q2912277,Q3417419,shared_parties,1,التجمع الدستوري الديمقراطي
Q2912277,Q3431735,shared_birth_governorate,1,monastir
Q2912277,Q3431743,shared_parties,1,التجمع الدستوري الديمقراطي
Q2912277,Q3461164,shared_parties,1,التجمع الدستوري الديمقراطي
Q2912277,Q3461169,shared_parties,1,التجمع الدستوري الديمقراطي
Q2912277,Q3470003,shared_education,1,faculte de medecine de tunis
Q2912277,Q3486513,shared_parties,1,التجمع الدستوري الديمقراطي
Q2912277,Q3515404,shared_parties,1,التجمع الدستوري الديمقراطي
Q2912277,Q3516539,shared_birth_governorate,1,monastir
Q2912277,Q377921,shared_birth_governorate,1,monastir
Q2912277,Q38213221,shared_parties,1,التجمع الدستوري الديمقراطي
Q2912277,Q431515,shared_parties,1,التجمع الدستوري الديمقراطي
Q2912277,Q48757077,shared_birth_governorate,1,monastir
Q2912277,Q50285534,shared_parties,1,التجمع الدستوري الديمقراطي
Q2912277,Q54875068,shared_parties,1,التجمع الدستوري الديمقراطي
Q2912277,Q54875069,shared_parties,1,التجمع الدستوري الديمقراطي
Q2912277,Q54875086,shared_parties,1,التجمع الدستوري الديمقراطي
Q2912277,Q54875087,shared_parties,1,التجمع الدستوري الديمقراطي
Q2912277,Q54875092,shared_parties,1,التجمع الدستوري الديمقراطي
Q2912277,Q54875133,shared_parties,1,التجمع الدستوري الديمقراطي
Q2912277,Q55391329,shared_parties,1,التجمع الدستوري الديمقراطي
Q2912277,Q55392087,shared_parties,1,التجمع الدستوري الديمقراطي
Q2912277,Q55392103,shared_parties,1,التجمع الدستوري الديمقراطي
Q2912277,Q60573369,shared_parties,1,التجمع الدستوري الديمقراطي
Q2912277,Q60573379,shared_parties,1,التجمع الدستوري الديمقراطي
Q2912277,Q60573426,shared_parties,1,التجمع الدستوري الديمقراطي
Q2912277,Q60573536,shared_parties,1,التجمع الدستوري الديمقراطي
Q2912277,Q643348,shared_birth_governorate,1,monastir
Q2912277,Q653162,shared_parties,1,التجمع الدستوري الديمقراطي
Q2912277,Q86329266,shared_education,1,faculte de medecine de tunis
Q2912277,Q97961043,shared_parties,1,التجمع الدستوري الديمقراطي
Q2912277,Q98828346,shared_birth_governorate,1,monastir
Q2929679,Q29577510,shared_birth_governorate,1,medenine
Q2929679,Q30217461,shared_birth_governorate,1,medenine
Q2929679,Q30729047,shared_birth_governorate,1,medenine
Q2929679,Q3430010,shared_birth_governorate,1,medenine
Q2929679,Q3461164,shared_birth_governorate,1,medenine
Q2929679,Q3469772,shared_birth_governorate,1,medenine
Q2929679,Q3470859,shared_birth_governorate,1,medenine
Q2929679,Q496042,shared_birth_governorate,1,medenine
Q2929679,Q54875067,shared_birth_governorate,1,medenine
Q2929679,Q61598250,shared_birth_governorate,1,medenine
Q2929679,Q97961043,shared_education,2,hec paris|معهد الدراسات العليا التجاريه في باريس
Q2929686,Q29577458,shared_birth_governorate,1,kairouan
Q2929686,Q3012366,shared_parties,1,neo-destour
Q2929686,Q3039490,shared_parties,1,neo-destour
Q2929686,Q3067195,shared_parties,1,neo-destour
Q2929686,Q3128202,shared_parties,1,neo-destour
Q2929686,Q3128235,shared_parties,1,neo-destour
Q2929686,Q3144591,shared_parties,1,neo-destour
Q2929686,Q3160736,shared_parties,1,neo-destour
Q2929686,Q3196140,shared_birth_governorate,1,kairouan
Q2929686,Q3216753,shared_parties,1,neo-destour
Q2929686,Q3277799,shared_parties,1,neo-destour
Q2929686,Q3277819,shared_parties,1,neo-destour
Q2929686,Q3318545,shared_birth_governorate,1,kairouan
Q2929686,Q3320424,shared_parties,1,neo-destour
Q2929686,Q3328946,shared_birth_governorate,1,kairouan
Q2929686,Q3328946,shared_parties,1,neo-destour
Q2929686,Q3331012,shared_parties,1,neo-destour
Q2929686,Q3334747,shared_birth_governorate,1,kairouan
Q2929686,Q3357601,shared_birth_governorate,1,kairouan
Q2929686,Q3357601,shared_parties,1,neo-destour
Q2929686,Q3461164,shared_parties,1,neo-destour
Q2929686,Q3486507,shared_birth_governorate,1,kairouan
Q2929686,Q3486513,shared_birth_governorate,1,kairouan
Q2929686,Q3516543,shared_parties,1,neo-destour
Q2929686,Q496042,shared_parties,1,neo-destour
Q2929686,Q54875085,shared_parties,1,neo-destour
Q2929686,Q55167831,shared_parties,1,neo-destour
Q2929686,Q563204,shared_parties,1,neo-destour
Q2929686,Q643348,shared_parties,1,neo-destour
Q2929698,Q29580351,shared_birth_governorate,1,sidi bouzid
Q2929698,Q55392087,shared_birth_governorate,1,sidi bouzid
Q2929705,Q2947600,shared_birth_governorate,1,monastir
Q2929705,Q29580479,shared_birth_governorate,1,monastir
Q2929705,Q29816892,shared_parties,1,التجمع الدستوري الديمقراطي
Q2929705,Q3012366,shared_parties,1,التجمع الدستوري الديمقراطي
Q2929705,Q3066858,shared_education,1,universite de tunis
Q2929705,Q30728289,shared_parties,1,التجمع الدستوري الديمقراطي
Q2929705,Q30728498,shared_parties,1,التجمع الدستوري الديمقراطي
Q2929705,Q308017,shared_birth_governorate,1,monastir
Q2929705,Q3125299,shared_education,1,universite de tunis
Q2929705,Q3125311,shared_education,1,universite de tunis
Q2929705,Q3125336,shared_education,1,universite de tunis
Q2929705,Q3125835,shared_birth_governorate,1,monastir
Q2929705,Q3128291,shared_education,1,universite de tunis
Q2929705,Q313539,shared_parties,1,التجمع الدستوري الديمقراطي
Q2929705,Q3141381,shared_birth_governorate,1,monastir
Q2929705,Q3141381,shared_education,1,universite de tunis
Q2929705,Q3144591,shared_birth_governorate,1,monastir
Q2929705,Q3192376,shared_parties,1,التجمع الدستوري الديمقراطي
Q2929705,Q3286574,shared_birth_governorate,1,monastir
Q2929705,Q3304511,shared_education,1,universite de tunis
Q2929705,Q3318311,shared_education,1,universite de tunis
Q2929705,Q3318509,shared_education,1,universite de tunis
Q2929705,Q3318509,shared_parties,1,التجمع الدستوري الديمقراطي
Q2929705,Q3318530,shared_education,1,universite de tunis
Q2929705,Q3318622,shared_parties,1,التجمع الدستوري الديمقراطي
Q2929705,Q3318702,shared_birth_governorate,1,monastir
Q2929705,Q3318757,shared_education,1,universite de tunis
Q2929705,Q3318781,shared_education,1,universite de tunis
Q2929705,Q3318797,shared_birth_governorate,1,monastir
Q2929705,Q3319366,shared_education,1,universite de tunis
Q2929705,Q3320454,shared_parties,1,التجمع الدستوري الديمقراطي
Q2929705,Q3320544,shared_parties,1,التجمع الدستوري الديمقراطي
Q2929705,Q3320650,shared_birth_governorate,1,monastir
Q2929705,Q3328959,shared_birth_governorate,1,monastir
Q2929705,Q3331032,shared_birth_governorate,1,monastir
Q2929705,Q3334855,shared_parties,1,التجمع الدستوري الديمقراطي
Q2929705,Q3347261,shared_birth_governorate,1,monastir
Q2929705,Q3347261,shared_parties,1,التجمع الدستوري الديمقراطي
Q2929705,Q3358533,shared_education,1,universite de tunis
Q2929705,Q3417300,shared_education,1,universite de tunis
Q2929705,Q3417300,shared_parties,1,التجمع الدستوري الديمقراطي
Q2929705,Q3417419,shared_education,1,universite de tunis
Q2929705,Q3417419,shared_parties,1,التجمع الدستوري الديمقراطي
Q2929705,Q3423310,shared_education,1,universite de tunis
Q2929705,Q3431735,shared_birth_governorate,1,monastir
Q2929705,Q3431743,shared_parties,1,التجمع الدستوري الديمقراطي
Q2929705,Q3461164,shared_parties,1,التجمع الدستوري الديمقراطي
Q2929705,Q3461169,shared_education,1,universite de tunis
Q2929705,Q3461169,shared_parties,1,التجمع الدستوري الديمقراطي
Q2929705,Q3469690,shared_education,1,universite de tunis
Q2929705,Q3486507,shared_education,1,universite de tunis
Q2929705,Q3486512,shared_education,1,universite de tunis
Q2929705,Q3486513,shared_parties,1,التجمع الدستوري الديمقراطي
Q2929705,Q3486689,shared_education,1,universite de tunis
Q2929705,Q3515404,shared_education,1,universite de tunis
Q2929705,Q3515404,shared_parties,1,التجمع الدستوري الديمقراطي
Q2929705,Q3516539,shared_birth_governorate,1,monastir
Q2929705,Q377921,shared_birth_governorate,1,monastir
Q2929705,Q38213221,shared_parties,1,التجمع الدستوري الديمقراطي
Q2929705,Q431515,shared_education,1,universite de tunis
Q2929705,Q431515,shared_parties,1,التجمع الدستوري الديمقراطي
Q2929705,Q43654658,shared_education,1,universite de tunis
Q2929705,Q48757077,shared_birth_governorate,1,monastir
Q2929705,Q50285534,shared_parties,1,التجمع الدستوري الديمقراطي
Q2929705,Q54875068,shared_parties,1,التجمع الدستوري الديمقراطي
Q2929705,Q54875069,shared_parties,1,التجمع الدستوري الديمقراطي
Q2929705,Q54875086,shared_parties,1,التجمع الدستوري الديمقراطي
Q2929705,Q54875087,shared_parties,1,التجمع الدستوري الديمقراطي
Q2929705,Q54875092,shared_parties,1,التجمع الدستوري الديمقراطي
Q2929705,Q54875133,shared_parties,1,التجمع الدستوري الديمقراطي
Q2929705,Q55391329,shared_parties,1,التجمع الدستوري الديمقراطي
Q2929705,Q55392087,shared_parties,1,التجمع الدستوري الديمقراطي
Q2929705,Q55392103,shared_parties,1,التجمع الدستوري الديمقراطي
Q2929705,Q57699,shared_education,1,universite de tunis
Q2929705,Q60573369,shared_parties,1,التجمع الدستوري الديمقراطي
Q2929705,Q60573379,shared_parties,1,التجمع الدستوري الديمقراطي
Q2929705,Q60573426,shared_parties,1,التجمع الدستوري الديمقراطي
Q2929705,Q60573536,shared_parties,1,التجمع الدستوري الديمقراطي
Q2929705,Q643348,shared_birth_governorate,1,monastir
Q2929705,Q653162,shared_parties,1,التجمع الدستوري الديمقراطي
Q2929705,Q668526,shared_education,1,universite de tunis
Q2929705,Q85822499,shared_education,1,universite de tunis
Q2929705,Q97961043,shared_parties,1,التجمع الدستوري الديمقراطي
Q2929705,Q98828346,shared_birth_governorate,1,monastir
Q29440996,Q3012366,shared_birth_governorate,1,nabeul
Q29440996,Q3067195,shared_parties,1,parti socialiste destourien
Q29440996,Q30729046,shared_birth_governorate,1,nabeul
Q29440996,Q3079840,shared_birth_governorate,1,nabeul
Q29440996,Q308017,shared_parties,1,parti socialiste destourien
Q29440996,Q3128235,shared_parties,1,parti socialiste destourien
Q29440996,Q3217980,shared_birth_governorate,1,nabeul
Q29440996,Q3286574,shared_parties,1,parti socialiste destourien
Q29440996,Q3318311,shared_birth_governorate,1,nabeul
Q29440996,Q3318375,shared_birth_governorate,1,nabeul
Q29440996,Q3318530,shared_parties,1,parti socialiste destourien
Q29440996,Q3318622,shared_parties,1,parti socialiste destourien
Q29440996,Q3318731,shared_birth_governorate,1,nabeul
Q29440996,Q3318774,shared_birth_governorate,1,nabeul
Q29440996,Q3318800,shared_birth_governorate,1,nabeul
Q29440996,Q3320424,shared_birth_governorate,1,nabeul
Q29440996,Q3320538,shared_parties,1,parti socialiste destourien
Q29440996,Q3320644,shared_birth_governorate,1,nabeul
Q29440996,Q3320650,shared_parties,1,parti socialiste destourien
Q29440996,Q3328946,shared_parties,1,parti socialiste destourien
Q29440996,Q3331012,shared_parties,1,parti socialiste destourien
Q29440996,Q3331032,shared_parties,1,parti socialiste destourien
Q29440996,Q3344886,shared_parties,1,parti socialiste destourien
Q29440996,Q3357601,shared_parties,1,parti socialiste destourien
Q29440996,Q3461176,shared_parties,1,parti socialiste destourien
Q29440996,Q377921,shared_parties,1,parti socialiste destourien
Q29440996,Q3951110,shared_parties,1,parti socialiste destourien
Q29440996,Q496165,shared_birth_governorate,1,nabeul
Q29440996,Q50285534,shared_parties,1,parti socialiste destourien
Q29440996,Q54875068,shared_parties,1,parti socialiste destourien
Q29440996,Q54875069,shared_parties,1,parti socialiste destourien
Q29440996,Q54875074,shared_birth_governorate,1,nabeul
Q29440996,Q54875074,shared_parties,1,parti socialiste destourien
Q29440996,Q54875084,shared_parties,1,parti socialiste destourien
Q29440996,Q54875134,shared_parties,1,parti socialiste destourien
Q29440996,Q55196894,shared_parties,1,parti socialiste destourien
Q29440996,Q55392091,shared_parties,1,parti socialiste destourien
Q29440996,Q55392098,shared_parties,1,parti socialiste destourien
Q29440996,Q60573416,shared_parties,1,parti socialiste destourien
Q29440996,Q60573536,shared_parties,1,parti socialiste destourien
Q29440996,Q65130650,shared_birth_governorate,1,nabeul
Q29440996,Q653162,shared_parties,1,parti socialiste destourien
Q29440996,Q800238,shared_parties,1,parti socialiste destourien
Q29440996,Q92332624,shared_birth_governorate,1,nabeul
Q2947600,Q29577510,shared_parties,1,ennahdha
Q2947600,Q29580479,shared_birth_governorate,1,monastir
Q2947600,Q30217461,shared_parties,1,ennahdha
Q2947600,Q308017,shared_birth_governorate,1,monastir
Q2947600,Q3125835,shared_birth_governorate,1,monastir
Q2947600,Q3141381,shared_birth_governorate,1,monastir
Q2947600,Q3144591,shared_birth_governorate,1,monastir
Q2947600,Q3160876,shared_parties,1,ennahdha
Q2947600,Q3286574,shared_birth_governorate,1,monastir
Q2947600,Q3318419,shared_parties,1,ennahdha
Q2947600,Q3318652,shared_parties,1,ennahdha
Q2947600,Q3318702,shared_birth_governorate,1,monastir
Q2947600,Q3318797,shared_birth_governorate,1,monastir
Q2947600,Q3318800,shared_parties,1,ennahdha
Q2947600,Q3320435,shared_parties,1,ennahdha
Q2947600,Q3320650,shared_birth_governorate,1,monastir
Q2947600,Q3328959,shared_birth_governorate,1,monastir
Q2947600,Q3331032,shared_birth_governorate,1,monastir
Q2947600,Q3347261,shared_birth_governorate,1,monastir
Q2947600,Q3417420,shared_parties,1,ennahdha
Q2947600,Q3430010,shared_parties,1,ennahdha
Q2947600,Q3431735,shared_birth_governorate,1,monastir
Q2947600,Q3431747,shared_parties,1,ennahdha
Q2947600,Q3470837,shared_parties,1,ennahdha
Q2947600,Q3486675,shared_parties,1,ennahdha
Q2947600,Q3516539,shared_birth_governorate,1,monastir
Q2947600,Q377921,shared_birth_governorate,1,monastir
Q2947600,Q48757077,shared_birth_governorate,1,monastir
Q2947600,Q55999324,shared_parties,1,ennahdha
Q2947600,Q57699,shared_parties,1,ennahdha
Q2947600,Q643348,shared_birth_governorate,1,monastir
Q2947600,Q668526,shared_parties,1,ennahdha
Q2947600,Q86734094,shared_parties,1,ennahdha
Q2947600,Q92332624,shared_parties,1,ennahdha
Q2947600,Q98828346,shared_birth_governorate,1,monastir
Q29577458,Q29577522,shared_parties,1,nidaa tounes
Q29577458,Q29580435,shared_parties,1,nidaa tounes
Q29577458,Q29580475,shared_parties,1,nidaa tounes
Q29577458,Q29580479,shared_parties,1,nidaa tounes
Q29577458,Q30118294,shared_parties,1,nidaa tounes
Q29577458,Q30728498,shared_parties,1,nidaa tounes
Q29577458,Q30729169,shared_parties,1,nidaa tounes
Q29577458,Q3125311,shared_parties,1,nidaa tounes
Q29577458,Q313539,shared_parties,1,nidaa tounes
Q29577458,Q3141381,shared_parties,1,nidaa tounes
Q29577458,Q3196140,shared_birth_governorate,1,kairouan
Q29577458,Q3196140,shared_parties,1,nidaa tounes
Q29577458,Q3220051,shared_parties,1,nidaa tounes
Q29577458,Q3318356,shared_parties,1,nidaa tounes
Q29577458,Q3318530,shared_parties,1,nidaa tounes
Q29577458,Q3318545,shared_birth_governorate,1,kairouan
Q29577458,Q3328946,shared_birth_governorate,1,kairouan
Q29577458,Q3331012,shared_parties,1,nidaa tounes
Q29577458,Q3334747,shared_birth_governorate,1,kairouan
Q29577458,Q3357601,shared_birth_governorate,1,kairouan
Q29577458,Q3417449,shared_parties,1,nidaa tounes
Q29577458,Q3431734,shared_parties,1,nidaa tounes
Q29577458,Q3474776,shared_parties,1,nidaa tounes
Q29577458,Q3486507,shared_birth_governorate,1,kairouan
Q29577458,Q3486513,shared_birth_governorate,1,kairouan
Q29577458,Q3486677,shared_parties,1,nidaa tounes
Q29577458,Q43304124,shared_parties,1,nidaa tounes
Q29577458,Q517946,shared_parties,1,nidaa tounes
Q29577458,Q55381738,shared_parties,1,nidaa tounes
Q29577458,Q60428357,shared_parties,1,nidaa tounes
Q29577510,Q30217461,shared_birth_governorate,1,medenine
Q29577510,Q30217461,shared_parties,2,ennahdha|حركه النهضه التونسيه
Q29577510,Q30729047,shared_birth_governorate,1,medenine
Q29577510,Q3160876,shared_parties,2,ennahdha|حركه النهضه التونسيه
Q29577510,Q3318419,shared_parties,2,ennahdha|حركه النهضه التونسيه
Q29577510,Q3318652,shared_parties,2,ennahdha|حركه النهضه التونسيه
Q29577510,Q3318800,shared_parties,2,ennahdha|حركه النهضه التونسيه
Q29577510,Q3320435,shared_parties,2,ennahdha|حركه النهضه التونسيه
Q29577510,Q3417420,shared_parties,2,ennahdha|حركه النهضه التونسيه
Q29577510,Q3430010,shared_birth_governorate,1,medenine
Q29577510,Q3430010,shared_parties,2,ennahdha|حركه النهضه التونسيه
Q29577510,Q3431747,shared_parties,2,ennahdha|حركه النهضه التونسيه
Q29577510,Q3461164,shared_birth_governorate,1,medenine
Q29577510,Q3469772,shared_birth_governorate,1,medenine
Q29577510,Q3470837,shared_parties,2,ennahdha|حركه النهضه التونسيه
Q29577510,Q3470859,shared_birth_governorate,1,medenine
Q29577510,Q3486675,shared_parties,2,ennahdha|حركه النهضه التونسيه
Q29577510,Q496042,shared_birth_governorate,1,medenine
Q29577510,Q54875067,shared_birth_governorate,1,medenine
Q29577510,Q55999324,shared_parties,2,ennahdha|حركه النهضه التونسيه
Q29577510,Q57699,shared_parties,2,ennahdha|حركه النهضه التونسيه
Q29577510,Q61598250,shared_birth_governorate,1,medenine
Q29577510,Q668526,shared_parties,2,ennahdha|حركه النهضه التونسيه
Q29577510,Q86734094,shared_parties,2,ennahdha|حركه النهضه التونسيه
Q29577510,Q92316785,shared_parties,1,حركه النهضه التونسيه
Q29577510,Q92332624,shared_parties,1,ennahdha
Q29577522,Q29580435,shared_parties,1,nidaa tounes
Q29577522,Q29580475,shared_parties,1,nidaa tounes
Q29577522,Q29580479,shared_parties,1,nidaa tounes
Q29577522,Q30118294,shared_parties,1,nidaa tounes
Q29577522,Q30728289,shared_birth_governorate,1,tozeur
Q29577522,Q30728498,shared_parties,1,nidaa tounes
Q29577522,Q30729169,shared_parties,1,nidaa tounes
Q29577522,Q3125311,shared_parties,1,nidaa tounes
Q29577522,Q313539,shared_parties,1,nidaa tounes
Q29577522,Q3141381,shared_parties,1,nidaa tounes
Q29577522,Q3196140,shared_parties,1,nidaa tounes
Q29577522,Q3220051,shared_parties,1,nidaa tounes
Q29577522,Q3318356,shared_parties,1,nidaa tounes
Q29577522,Q3318530,shared_parties,1,nidaa tounes
Q29577522,Q3320454,shared_birth_governorate,1,tozeur
Q29577522,Q3331012,shared_parties,1,nidaa tounes
Q29577522,Q3417449,shared_parties,1,nidaa tounes
Q29577522,Q3431734,shared_parties,1,nidaa tounes
Q29577522,Q3470003,shared_education,1,faculte de medecine de tunis
Q29577522,Q3474776,shared_parties,1,nidaa tounes
Q29577522,Q3483754,shared_birth_governorate,1,tozeur
Q29577522,Q3486677,shared_parties,1,nidaa tounes
Q29577522,Q43304124,shared_parties,1,nidaa tounes
Q29577522,Q517946,shared_birth_governorate,1,tozeur
Q29577522,Q517946,shared_parties,1,nidaa tounes
Q29577522,Q55381738,shared_parties,1,nidaa tounes
Q29577522,Q60428357,shared_parties,1,nidaa tounes
Q29577522,Q86329266,shared_education,1,faculte de medecine de tunis
Q29580351,Q55392087,shared_birth_governorate,1,sidi bouzid
Q29580435,Q29580475,shared_parties,1,nidaa tounes
Q29580435,Q29580479,shared_parties,1,nidaa tounes
Q29580435,Q30118294,shared_parties,1,nidaa tounes
Q29580435,Q30728498,shared_parties,1,nidaa tounes
Q29580435,Q30729169,shared_parties,1,nidaa tounes
Q29580435,Q3125311,shared_parties,1,nidaa tounes
Q29580435,Q313539,shared_parties,1,nidaa tounes
Q29580435,Q3141381,shared_parties,1,nidaa tounes
Q29580435,Q3196140,shared_parties,1,nidaa tounes
Q29580435,Q3220051,shared_parties,1,nidaa tounes
Q29580435,Q3240795,shared_birth_governorate,1,ben arous
Q29580435,Q3318356,shared_parties,1,nidaa tounes
Q29580435,Q3318530,shared_parties,1,nidaa tounes
Q29580435,Q3331012,shared_parties,1,nidaa tounes
Q29580435,Q3417449,shared_parties,1,nidaa tounes
Q29580435,Q3423310,shared_birth_governorate,1,ben arous
Q29580435,Q3431734,shared_parties,1,nidaa tounes
Q29580435,Q3474776,shared_parties,1,nidaa tounes
Q29580435,Q3486677,shared_parties,1,nidaa tounes
Q29580435,Q43304124,shared_parties,1,nidaa tounes
Q29580435,Q517946,shared_parties,1,nidaa tounes
Q29580435,Q55381738,shared_parties,1,nidaa tounes
Q29580435,Q60428357,shared_parties,1,nidaa tounes
Q29580435,Q98828570,shared_birth_governorate,1,ben arous
Q29580435,Q98828591,shared_birth_governorate,1,ben arous
Q29580435,Q99542892,shared_birth_governorate,1,ben arous
Q29580475,Q29580479,shared_parties,1,nidaa tounes
Q29580475,Q30118294,shared_parties,1,nidaa tounes
Q29580475,Q30728498,shared_parties,1,nidaa tounes
Q29580475,Q30729169,shared_parties,1,nidaa tounes
Q29580475,Q3125311,shared_parties,1,nidaa tounes
Q29580475,Q313539,shared_parties,1,nidaa tounes
Q29580475,Q3141381,shared_parties,1,nidaa tounes
Q29580475,Q3196140,shared_parties,1,nidaa tounes
Q29580475,Q3220051,shared_parties,1,nidaa tounes
Q29580475,Q3318356,shared_parties,1,nidaa tounes
Q29580475,Q3318530,shared_parties,1,nidaa tounes
Q29580475,Q3331012,shared_parties,1,nidaa tounes
Q29580475,Q3417449,shared_parties,1,nidaa tounes
Q29580475,Q3431734,shared_parties,1,nidaa tounes
Q29580475,Q3474776,shared_parties,1,nidaa tounes
Q29580475,Q3486677,shared_parties,1,nidaa tounes
Q29580475,Q43304124,shared_parties,1,nidaa tounes
Q29580475,Q517946,shared_parties,1,nidaa tounes
Q29580475,Q55381738,shared_parties,1,nidaa tounes
Q29580475,Q60428357,shared_parties,1,nidaa tounes
Q29580479,Q30118294,shared_parties,1,nidaa tounes
Q29580479,Q30728498,shared_parties,1,nidaa tounes
Q29580479,Q30729169,shared_parties,1,nidaa tounes
Q29580479,Q308017,shared_birth_governorate,1,monastir
Q29580479,Q3125311,shared_parties,1,nidaa tounes
Q29580479,Q3125835,shared_birth_governorate,1,monastir
Q29580479,Q313539,shared_parties,1,nidaa tounes
Q29580479,Q3141381,shared_birth_governorate,1,monastir
Q29580479,Q3141381,shared_parties,1,nidaa tounes
Q29580479,Q3144591,shared_birth_governorate,1,monastir
Q29580479,Q3196140,shared_parties,1,nidaa tounes
Q29580479,Q3220051,shared_parties,1,nidaa tounes
Q29580479,Q3286574,shared_birth_governorate,1,monastir
Q29580479,Q3318356,shared_parties,1,nidaa tounes
Q29580479,Q3318530,shared_parties,1,nidaa tounes
Q29580479,Q3318702,shared_birth_governorate,1,monastir
Q29580479,Q3318797,shared_birth_governorate,1,monastir
Q29580479,Q3320650,shared_birth_governorate,1,monastir
Q29580479,Q3328959,shared_birth_governorate,1,monastir
Q29580479,Q3331012,shared_parties,1,nidaa tounes
Q29580479,Q3331032,shared_birth_governorate,1,monastir
Q29580479,Q3347261,shared_birth_governorate,1,monastir
Q29580479,Q3417449,shared_parties,1,nidaa tounes
Q29580479,Q3431734,shared_parties,1,nidaa tounes
Q29580479,Q3431735,shared_birth_governorate,1,monastir
Q29580479,Q3474776,shared_parties,1,nidaa tounes
Q29580479,Q3486677,shared_parties,1,nidaa tounes
Q29580479,Q3516539,shared_birth_governorate,1,monastir
Q29580479,Q377921,shared_birth_governorate,1,monastir
Q29580479,Q43304124,shared_parties,1,nidaa tounes
Q29580479,Q48757077,shared_birth_governorate,1,monastir
Q29580479,Q517946,shared_parties,1,nidaa tounes
Q29580479,Q55381738,shared_parties,1,nidaa tounes
Q29580479,Q60428357,shared_parties,1,nidaa tounes
Q29580479,Q643348,shared_birth_governorate,1,monastir
Q29580479,Q98828346,shared_birth_governorate,1,monastir
Q2961945,Q3039490,shared_education,1,المدرسه الصادقيه
Q2961945,Q3067195,shared_education,2,college sadiki|المدرسه الصادقيه
Q2961945,Q313539,shared_education,2,college sadiki|المدرسه الصادقيه
Q2961945,Q3144594,shared_education,1,college sadiki
Q2961945,Q3196139,shared_education,1,college sadiki
Q2961945,Q3216753,shared_education,2,college sadiki|المدرسه الصادقيه
Q2961945,Q3277799,shared_education,1,المدرسه الصادقيه
Q2961945,Q3318465,shared_education,1,universite de paris
Q2961945,Q3320544,shared_education,2,college sadiki|المدرسه الصادقيه
Q2961945,Q3320644,shared_education,2,college sadiki|universite de paris
Q2961945,Q3320650,shared_education,2,college sadiki|المدرسه الصادقيه
Q2961945,Q3328933,shared_education,1,college sadiki
Q2961945,Q3328946,shared_education,2,college sadiki|المدرسه الصادقيه
Q2961945,Q3344886,shared_education,1,college sadiki
Q2961945,Q3431743,shared_education,1,universite de paris
Q2961945,Q3461164,shared_education,2,college sadiki|المدرسه الصادقيه
Q2961945,Q3470003,shared_education,1,college sadiki
Q2961945,Q3516540,shared_education,1,college sadiki
Q2961945,Q3516543,shared_education,1,college sadiki
Q2961945,Q377921,shared_education,2,college sadiki|المدرسه الصادقيه
Q2961945,Q43654658,shared_education,1,universite de paris
Q2961945,Q48757077,shared_education,1,college sadiki
Q2961945,Q495681,shared_education,2,college sadiki|المدرسه الصادقيه
Q2961945,Q496165,shared_education,2,college sadiki|المدرسه الصادقيه
Q2961945,Q507856,shared_education,2,college sadiki|المدرسه الصادقيه
Q2961945,Q586623,shared_education,1,college sadiki
Q2961945,Q60576591,shared_education,1,universite de paris
Q2961945,Q643348,shared_education,3,college sadiki|universite de paris|المدرسه الصادقيه
Q2961945,Q653162,shared_education,1,universite de paris
Q2961945,Q800238,shared_education,1,college sadiki
Q2972023,Q3160736,shared_birth_governorate,1,gabes
Q2972023,Q3216753,shared_birth_governorate,1,gabes
Q2972023,Q3318356,shared_birth_governorate,1,gabes
Q2972023,Q3320655,shared_birth_governorate,1,gabes
Q2972023,Q3358533,shared_birth_governorate,1,gabes
Q2972023,Q3417420,shared_birth_governorate,1,gabes
Q2972023,Q3431745,shared_birth_governorate,1,gabes
Q2972023,Q54875069,shared_birth_governorate,1,gabes
Q2972023,Q92199953,shared_birth_governorate,1,gabes
Q29816892,Q3012366,shared_parties,1,التجمع الدستوري الديمقراطي
Q29816892,Q30728289,shared_parties,1,التجمع الدستوري الديمقراطي
Q29816892,Q30728498,shared_parties,1,التجمع الدستوري الديمقراطي
Q29816892,Q313539,shared_parties,1,التجمع الدستوري الديمقراطي
Q29816892,Q3192376,shared_parties,1,التجمع الدستوري الديمقراطي
Q29816892,Q3318509,shared_parties,1,التجمع الدستوري الديمقراطي
Q29816892,Q3318622,shared_parties,1,التجمع الدستوري الديمقراطي
Q29816892,Q3320454,shared_parties,1,التجمع الدستوري الديمقراطي
Q29816892,Q3320544,shared_parties,1,التجمع الدستوري الديمقراطي
Q29816892,Q3334855,shared_parties,1,التجمع الدستوري الديمقراطي
Q29816892,Q3347261,shared_parties,1,التجمع الدستوري الديمقراطي
Q29816892,Q3417300,shared_parties,1,التجمع الدستوري الديمقراطي
Q29816892,Q3417419,shared_parties,1,التجمع الدستوري الديمقراطي
Q29816892,Q3431743,shared_parties,1,التجمع الدستوري الديمقراطي
Q29816892,Q3461164,shared_parties,1,التجمع الدستوري الديمقراطي
Q29816892,Q3461169,shared_parties,1,التجمع الدستوري الديمقراطي
Q29816892,Q3486513,shared_parties,1,التجمع الدستوري الديمقراطي
Q29816892,Q3515404,shared_parties,1,التجمع الدستوري الديمقراطي
Q29816892,Q38213221,shared_parties,1,التجمع الدستوري الديمقراطي
Q29816892,Q431515,shared_parties,1,التجمع الدستوري الديمقراطي
Q29816892,Q50285534,shared_parties,1,التجمع الدستوري الديمقراطي
Q29816892,Q54875068,shared_parties,1,التجمع الدستوري الديمقراطي
Q29816892,Q54875069,shared_parties,1,التجمع الدستوري الديمقراطي
Q29816892,Q54875086,shared_parties,1,التجمع الدستوري الديمقراطي
Q29816892,Q54875087,shared_parties,1,التجمع الدستوري الديمقراطي
Q29816892,Q54875092,shared_parties,1,التجمع الدستوري الديمقراطي
Q29816892,Q54875133,shared_parties,1,التجمع الدستوري الديمقراطي
Q29816892,Q55391329,shared_parties,1,التجمع الدستوري الديمقراطي
Q29816892,Q55392087,shared_parties,1,التجمع الدستوري الديمقراطي
Q29816892,Q55392103,shared_parties,1,التجمع الدستوري الديمقراطي
Q29816892,Q60573369,shared_parties,1,التجمع الدستوري الديمقراطي
Q29816892,Q60573379,shared_parties,1,التجمع الدستوري الديمقراطي
Q29816892,Q60573426,shared_parties,1,التجمع الدستوري الديمقراطي
Q29816892,Q60573536,shared_parties,1,التجمع الدستوري الديمقراطي
Q29816892,Q653162,shared_parties,1,التجمع الدستوري الديمقراطي
Q29816892,Q97961043,shared_parties,1,التجمع الدستوري الديمقراطي
Q30104283,Q3125307,shared_birth_governorate,1,gafsa
Q30104283,Q3125336,shared_birth_governorate,1,gafsa
Q30104283,Q3220051,shared_birth_governorate,1,gafsa
Q30104283,Q3220052,shared_birth_governorate,1,gafsa
Q30104283,Q3431740,shared_birth_governorate,1,gafsa
Q30104283,Q3470845,shared_birth_governorate,1,gafsa
Q30104283,Q3951110,shared_birth_governorate,1,gafsa
Q30104283,Q51460814,shared_birth_governorate,1,gafsa
Q30118294,Q30728498,shared_parties,1,nidaa tounes
Q30118294,Q30729169,shared_parties,1,nidaa tounes
Q30118294,Q3125288,shared_birth_governorate,1,sousse
Q30118294,Q3125311,shared_birth_governorate,1,sousse
Q30118294,Q3125311,shared_parties,1,nidaa tounes
Q30118294,Q313539,shared_parties,1,nidaa tounes
Q30118294,Q3141381,shared_parties,1,nidaa tounes
Q30118294,Q3196140,shared_parties,1,nidaa tounes
Q30118294,Q3220051,shared_parties,1,nidaa tounes
Q30118294,Q3318356,shared_parties,1,nidaa tounes
Q30118294,Q3318530,shared_parties,1,nidaa tounes
Q30118294,Q3318622,shared_birth_governorate,1,sousse
Q30118294,Q3331012,shared_parties,1,nidaa tounes
Q30118294,Q3417449,shared_parties,1,nidaa tounes
Q30118294,Q3431734,shared_parties,1,nidaa tounes
Q30118294,Q3431743,shared_birth_governorate,1,sousse
Q30118294,Q3474776,shared_parties,1,nidaa tounes
Q30118294,Q3486677,shared_parties,1,nidaa tounes
Q30118294,Q431515,shared_birth_governorate,1,sousse
Q30118294,Q43304124,shared_parties,1,nidaa tounes
Q30118294,Q50099224,shared_birth_governorate,1,sousse
Q30118294,Q50285534,shared_birth_governorate,1,sousse
Q30118294,Q517946,shared_parties,1,nidaa tounes
Q30118294,Q54875084,shared_birth_governorate,1,sousse
Q30118294,Q55381738,shared_parties,1,nidaa tounes
Q30118294,Q57699,shared_birth_governorate,1,sousse
Q30118294,Q60428357,shared_parties,1,nidaa tounes
Q30118294,Q60576591,shared_birth_governorate,1,sousse
Q30118294,Q88467296,shared_birth_governorate,1,sousse
Q3012366,Q3039490,shared_parties,1,neo-destour
Q3012366,Q3067195,shared_parties,1,neo-destour
Q3012366,Q30728289,shared_parties,1,التجمع الدستوري الديمقراطي
Q3012366,Q30728498,shared_parties,1,التجمع الدستوري الديمقراطي
Q3012366,Q30729046,shared_birth_governorate,1,nabeul
Q3012366,Q3079840,shared_birth_governorate,1,nabeul
Q3012366,Q3128202,shared_parties,1,neo-destour
Q3012366,Q3128235,shared_parties,1,neo-destour
Q3012366,Q313539,shared_parties,1,التجمع الدستوري الديمقراطي
Q3012366,Q3144591,shared_parties,1,neo-destour
Q3012366,Q3160736,shared_parties,1,neo-destour
Q3012366,Q3192369,shared_education,2,universite paris-pantheon-assas|جامعه باريس 2
Q3012366,Q3192376,shared_parties,1,التجمع الدستوري الديمقراطي
Q3012366,Q3216753,shared_parties,1,neo-destour
Q3012366,Q3217980,shared_birth_governorate,1,nabeul
Q3012366,Q3277799,shared_parties,1,neo-destour
Q3012366,Q3277819,shared_parties,1,neo-destour
Q3012366,Q3318311,shared_birth_governorate,1,nabeul
Q3012366,Q3318375,shared_birth_governorate,1,nabeul
Q3012366,Q3318509,shared_parties,1,التجمع الدستوري الديمقراطي
Q3012366,Q3318622,shared_parties,1,التجمع الدستوري الديمقراطي
Q3012366,Q3318731,shared_birth_governorate,1,nabeul
Q3012366,Q3318774,shared_birth_governorate,1,nabeul
Q3012366,Q3318800,shared_birth_governorate,1,nabeul
Q3012366,Q3320424,shared_birth_governorate,1,nabeul
Q3012366,Q3320424,shared_parties,1,neo-destour
Q3012366,Q3320454,shared_parties,1,التجمع الدستوري الديمقراطي
Q3012366,Q3320544,shared_parties,1,التجمع الدستوري الديمقراطي
Q3012366,Q3320644,shared_birth_governorate,1,nabeul
Q3012366,Q3328946,shared_parties,1,neo-destour
Q3012366,Q3331012,shared_parties,1,neo-destour
Q3012366,Q3334855,shared_parties,1,التجمع الدستوري الديمقراطي
Q3012366,Q3347261,shared_parties,1,التجمع الدستوري الديمقراطي
Q3012366,Q3357601,shared_parties,1,neo-destour
Q3012366,Q3417300,shared_parties,1,التجمع الدستوري الديمقراطي
Q3012366,Q3417419,shared_parties,1,التجمع الدستوري الديمقراطي
Q3012366,Q3431743,shared_parties,1,التجمع الدستوري الديمقراطي
Q3012366,Q3461164,shared_parties,2,neo-destour|التجمع الدستوري الديمقراطي
Q3012366,Q3461169,shared_parties,1,التجمع الدستوري الديمقراطي
Q3012366,Q3486513,shared_parties,1,التجمع الدستوري الديمقراطي
Q3012366,Q3515404,shared_parties,1,التجمع الدستوري الديمقراطي
Q3012366,Q3516543,shared_parties,1,neo-destour
Q3012366,Q38213221,shared_parties,1,التجمع الدستوري الديمقراطي
Q3012366,Q431515,shared_parties,1,التجمع الدستوري الديمقراطي
Q3012366,Q496042,shared_parties,1,neo-destour
Q3012366,Q496165,shared_birth_governorate,1,nabeul
Q3012366,Q50285534,shared_parties,1,التجمع الدستوري الديمقراطي
Q3012366,Q54875068,shared_parties,1,التجمع الدستوري الديمقراطي
Q3012366,Q54875069,shared_parties,1,التجمع الدستوري الديمقراطي
Q3012366,Q54875074,shared_birth_governorate,1,nabeul
Q3012366,Q54875085,shared_parties,1,neo-destour
Q3012366,Q54875086,shared_parties,1,التجمع الدستوري الديمقراطي
Q3012366,Q54875087,shared_parties,1,التجمع الدستوري الديمقراطي
Q3012366,Q54875092,shared_parties,1,التجمع الدستوري الديمقراطي
Q3012366,Q54875133,shared_parties,1,التجمع الدستوري الديمقراطي
Q3012366,Q55167831,shared_parties,1,neo-destour
Q3012366,Q55391329,shared_parties,1,التجمع الدستوري الديمقراطي
Q3012366,Q55392087,shared_parties,1,التجمع الدستوري الديمقراطي
Q3012366,Q55392103,shared_parties,1,التجمع الدستوري الديمقراطي
Q3012366,Q563204,shared_parties,1,neo-destour
Q3012366,Q60573369,shared_parties,1,التجمع الدستوري الديمقراطي
Q3012366,Q60573379,shared_parties,1,التجمع الدستوري الديمقراطي
Q3012366,Q60573426,shared_parties,1,التجمع الدستوري الديمقراطي
Q3012366,Q60573536,shared_education,1,universite paris-pantheon-assas
Q3012366,Q60573536,shared_parties,1,التجمع الدستوري الديمقراطي
Q3012366,Q643348,shared_parties,1,neo-destour
Q3012366,Q65130650,shared_birth_governorate,1,nabeul
Q3012366,Q653162,shared_parties,1,التجمع الدستوري الديمقراطي
Q3012366,Q92332624,shared_birth_governorate,1,nabeul
Q3012366,Q97961043,shared_parties,1,التجمع الدستوري الديمقراطي
Q30217461,Q30729047,shared_birth_governorate,1,medenine
Q30217461,Q3160876,shared_parties,2,ennahdha|حركه النهضه التونسيه
Q30217461,Q3318419,shared_parties,2,ennahdha|حركه النهضه التونسيه
Q30217461,Q3318652,shared_parties,2,ennahdha|حركه النهضه التونسيه
Q30217461,Q3318800,shared_parties,2,ennahdha|حركه النهضه التونسيه
Q30217461,Q3320435,shared_parties,2,ennahdha|حركه النهضه التونسيه
Q30217461,Q3417420,shared_parties,2,ennahdha|حركه النهضه التونسيه
Q30217461,Q3430010,shared_birth_governorate,1,medenine
Q30217461,Q3430010,shared_parties,2,ennahdha|حركه النهضه التونسيه
Q30217461,Q3431747,shared_parties,2,ennahdha|حركه النهضه التونسيه
Q30217461,Q3461164,shared_birth_governorate,1,medenine
Q30217461,Q3469772,shared_birth_governorate,1,medenine
Q30217461,Q3470837,shared_parties,2,ennahdha|حركه النهضه التونسيه
Q30217461,Q3470859,shared_birth_governorate,1,medenine
Q30217461,Q3486675,shared_parties,2,ennahdha|حركه النهضه التونسيه
Q30217461,Q496042,shared_birth_governorate,1,medenine
Q30217461,Q54875067,shared_birth_governorate,1,medenine
Q30217461,Q55999324,shared_parties,2,ennahdha|حركه النهضه التونسيه
Q30217461,Q57699,shared_parties,2,ennahdha|حركه النهضه التونسيه
Q30217461,Q61598250,shared_birth_governorate,1,medenine
Q30217461,Q668526,shared_parties,2,ennahdha|حركه النهضه التونسيه
Q30217461,Q86734094,shared_parties,2,ennahdha|حركه النهضه التونسيه
Q30217461,Q92316785,shared_parties,1,حركه النهضه التونسيه
Q30217461,Q92332624,shared_parties,1,ennahdha
Q30224903,Q3128202,shared_education,1,lycee carnot de tunis
Q30224903,Q4845531,shared_education,1,lycee carnot de tunis
Q30224903,Q60573008,shared_education,1,lycee carnot de tunis
Q30224903,Q643348,shared_education,1,lycee carnot de tunis
Q3039490,Q3067195,shared_education,1,المدرسه الصادقيه
Q3039490,Q3067195,shared_parties,1,neo-destour
Q3039490,Q30728498,shared_birth_governorate,1,beja
Q3039490,Q3128202,shared_parties,1,neo-destour
Q3039490,Q3128235,shared_parties,1,neo-destour
Q3039490,Q3128291,shared_education,1,جامعه السوربون
Q3039490,Q313539,shared_education,1,المدرسه الصادقيه
Q3039490,Q3144577,shared_birth_governorate,1,beja
Q3039490,Q3144591,shared_parties,1,neo-destour
Q3039490,Q3160736,shared_parties,1,neo-destour
Q3039490,Q3216753,shared_education,1,المدرسه الصادقيه
Q3039490,Q3216753,shared_parties,1,neo-destour
Q3039490,Q3277799,shared_education,1,المدرسه الصادقيه
Q3039490,Q3277799,shared_parties,1,neo-destour
Q3039490,Q3277819,shared_parties,1,neo-destour
Q3039490,Q3318509,shared_education,1,جامعه السوربون
Q3039490,Q3320424,shared_parties,1,neo-destour
Q3039490,Q3320538,shared_education,2,جامعه السوربون|جامعه السوربون من تونس
Q3039490,Q3320544,shared_education,1,المدرسه الصادقيه
Q3039490,Q3320650,shared_education,1,المدرسه الصادقيه
Q3039490,Q3328946,shared_education,2,المدرسه الصادقيه|جامعه السوربون
Q3039490,Q3328946,shared_parties,1,neo-destour
Q3039490,Q3331012,shared_parties,1,neo-destour
Q3039490,Q3357601,shared_parties,1,neo-destour
Q3039490,Q3417419,shared_birth_governorate,1,beja
Q3039490,Q3431743,shared_education,1,جامعه السوربون
Q3039490,Q3461164,shared_education,1,المدرسه الصادقيه
Q3039490,Q3461164,shared_parties,1,neo-destour
Q3039490,Q3469530,shared_education,3,universite d'alger|جامعه الجزاير|جامعه السوربون
Q3039490,Q3483754,shared_education,1,جامعه السوربون
Q3039490,Q3486507,shared_education,1,جامعه السوربون من تونس
Q3039490,Q3516543,shared_parties,1,neo-destour
Q3039490,Q377921,shared_education,1,المدرسه الصادقيه
Q3039490,Q495681,shared_education,1,المدرسه الصادقيه
Q3039490,Q496042,shared_parties,1,neo-destour
Q3039490,Q496165,shared_education,2,المدرسه الصادقيه|جامعه السوربون
Q3039490,Q507856,shared_education,1,المدرسه الصادقيه
Q3039490,Q54875085,shared_parties,1,neo-destour
Q3039490,Q55167831,shared_parties,1,neo-destour
Q3039490,Q563204,shared_parties,1,neo-destour
Q3039490,Q62601798,shared_birth_governorate,1,beja
Q3039490,Q643348,shared_education,3,المدرسه الصادقيه|جامعه السوربون|جامعه السوربون من تونس
Q3039490,Q643348,shared_parties,1,neo-destour
Q3039490,Q744499,shared_education,1,جامعه السوربون
Q3051875,Q3196042,shared_parties,1,ettakatol
Q3051875,Q3257623,shared_education,1,institut national des sciences appliquees de lyon
Q3051875,Q3257623,shared_parties,1,ettakatol
Q3051875,Q3333020,shared_parties,1,ettakatol
Q3051875,Q3470003,shared_parties,1,ettakatol
Q3066858,Q3125299,shared_education,1,universite de tunis
Q3066858,Q3125311,shared_education,1,universite de tunis
Q3066858,Q3125336,shared_education,1,universite de tunis
Q3066858,Q3128291,shared_education,1,universite de tunis
Q3066858,Q3141381,shared_education,1,universite de tunis
Q3066858,Q3304511,shared_education,1,universite de tunis
Q3066858,Q3318311,shared_education,1,universite de tunis
Q3066858,Q3318509,shared_education,1,universite de tunis
Q3066858,Q3318530,shared_education,1,universite de tunis
Q3066858,Q3318757,shared_education,1,universite de tunis
Q3066858,Q3318781,shared_education,1,universite de tunis
Q3066858,Q3319366,shared_education,1,universite de tunis
Q3066858,Q3358533,shared_education,1,universite de tunis
Q3066858,Q3417300,shared_education,1,universite de tunis
Q3066858,Q3417419,shared_education,1,universite de tunis
Q3066858,Q3423310,shared_education,1,universite de tunis
Q3066858,Q3461169,shared_education,1,universite de tunis
Q3066858,Q3469690,shared_education,1,universite de tunis
Q3066858,Q3486507,shared_education,1,universite de tunis
Q3066858,Q3486512,shared_education,1,universite de tunis
Q3066858,Q3486689,shared_education,1,universite de tunis
Q3066858,Q3515404,shared_education,1,universite de tunis
Q3066858,Q431515,shared_education,1,universite de tunis
Q3066858,Q43654658,shared_education,1,universite de tunis
Q3066858,Q57699,shared_education,1,universite de tunis
Q3066858,Q668526,shared_education,1,universite de tunis
Q3066858,Q85822499,shared_education,1,universite de tunis
Q3067195,Q308017,shared_parties,1,parti socialiste destourien
Q3067195,Q3128202,shared_parties,1,neo-destour
Q3067195,Q3128235,shared_parties,2,neo-destour|parti socialiste destourien
Q3067195,Q313539,shared_education,2,college sadiki|المدرسه الصادقيه
Q3067195,Q3144591,shared_parties,1,neo-destour
Q3067195,Q3144594,shared_education,1,college sadiki
Q3067195,Q3160736,shared_parties,1,neo-destour
Q3067195,Q3196139,shared_education,1,college sadiki
Q3067195,Q3216753,shared_education,2,college sadiki|المدرسه الصادقيه
Q3067195,Q3216753,shared_parties,1,neo-destour
Q3067195,Q3277799,shared_education,1,المدرسه الصادقيه
Q3067195,Q3277799,shared_parties,1,neo-destour
Q3067195,Q3277819,shared_parties,1,neo-destour
Q3067195,Q3286574,shared_parties,1,parti socialiste destourien
Q3067195,Q3318530,shared_parties,1,parti socialiste destourien
Q3067195,Q3318622,shared_parties,1,parti socialiste destourien
Q3067195,Q3320424,shared_parties,1,neo-destour
Q3067195,Q3320538,shared_parties,1,parti socialiste destourien
Q3067195,Q3320544,shared_education,2,college sadiki|المدرسه الصادقيه
Q3067195,Q3320644,shared_education,1,college sadiki
Q3067195,Q3320650,shared_education,2,college sadiki|المدرسه الصادقيه
Q3067195,Q3320650,shared_parties,1,parti socialiste destourien
Q3067195,Q3328933,shared_education,1,college sadiki
Q3067195,Q3328946,shared_education,2,college sadiki|المدرسه الصادقيه
Q3067195,Q3328946,shared_parties,2,neo-destour|parti socialiste destourien
Q3067195,Q3331012,shared_parties,2,neo-destour|parti socialiste destourien
Q3067195,Q3331032,shared_parties,1,parti socialiste destourien
Q3067195,Q3344886,shared_education,1,college sadiki
Q3067195,Q3344886,shared_parties,1,parti socialiste destourien
Q3067195,Q3357601,shared_parties,2,neo-destour|parti socialiste destourien
Q3067195,Q3461164,shared_education,2,college sadiki|المدرسه الصادقيه
Q3067195,Q3461164,shared_parties,1,neo-destour
Q3067195,Q3461176,shared_parties,1,parti socialiste destourien
Q3067195,Q3470003,shared_education,1,college sadiki
Q3067195,Q3516540,shared_education,1,college sadiki
Q3067195,Q3516543,shared_education,1,college sadiki
Q3067195,Q3516543,shared_parties,1,neo-destour
Q3067195,Q377921,shared_education,2,college sadiki|المدرسه الصادقيه
Q3067195,Q377921,shared_parties,1,parti socialiste destourien
Q3067195,Q3951110,shared_parties,1,parti socialiste destourien
Q3067195,Q48757077,shared_education,1,college sadiki
Q3067195,Q495681,shared_education,2,college sadiki|المدرسه الصادقيه
Q3067195,Q496042,shared_parties,1,neo-destour
Q3067195,Q496165,shared_education,2,college sadiki|المدرسه الصادقيه
Q3067195,Q50285534,shared_parties,1,parti socialiste destourien
Q3067195,Q507856,shared_education,2,college sadiki|المدرسه الصادقيه
Q3067195,Q54875068,shared_parties,1,parti socialiste destourien
Q3067195,Q54875069,shared_parties,1,parti socialiste destourien
Q3067195,Q54875074,shared_parties,1,parti socialiste destourien
Q3067195,Q54875084,shared_parties,1,parti socialiste destourien
Q3067195,Q54875085,shared_parties,1,neo-destour
Q3067195,Q54875134,shared_parties,1,parti socialiste destourien
Q3067195,Q55167831,shared_parties,1,neo-destour
Q3067195,Q55196894,shared_parties,1,parti socialiste destourien
Q3067195,Q55392091,shared_parties,1,parti socialiste destourien
Q3067195,Q55392098,shared_parties,1,parti socialiste destourien
Q3067195,Q563204,shared_parties,1,neo-destour
Q3067195,Q586623,shared_education,1,college sadiki
Q3067195,Q60573416,shared_parties,1,parti socialiste destourien
Q3067195,Q60573536,shared_parties,1,parti socialiste destourien
Q3067195,Q643348,shared_education,2,college sadiki|المدرسه الصادقيه
Q3067195,Q643348,shared_parties,1,neo-destour
Q3067195,Q653162,shared_parties,1,parti socialiste destourien
Q3067195,Q800238,shared_education,1,college sadiki
Q3067195,Q800238,shared_parties,1,parti socialiste destourien
Q30728289,Q30728498,shared_parties,1,التجمع الدستوري الديمقراطي
Q30728289,Q313539,shared_parties,1,التجمع الدستوري الديمقراطي
Q30728289,Q3192376,shared_parties,1,التجمع الدستوري الديمقراطي
Q30728289,Q3318509,shared_parties,1,التجمع الدستوري الديمقراطي
Q30728289,Q3318622,shared_parties,1,التجمع الدستوري الديمقراطي
Q30728289,Q3320454,shared_birth_governorate,1,tozeur
Q30728289,Q3320454,shared_parties,1,التجمع الدستوري الديمقراطي
Q30728289,Q3320544,shared_parties,1,التجمع الدستوري الديمقراطي
Q30728289,Q3334855,shared_parties,1,التجمع الدستوري الديمقراطي
Q30728289,Q3347261,shared_parties,1,التجمع الدستوري الديمقراطي
Q30728289,Q3417300,shared_parties,1,التجمع الدستوري الديمقراطي
Q30728289,Q3417419,shared_parties,1,التجمع الدستوري الديمقراطي
Q30728289,Q3431743,shared_parties,1,التجمع الدستوري الديمقراطي
Q30728289,Q3461164,shared_parties,1,التجمع الدستوري الديمقراطي
Q30728289,Q3461169,shared_parties,1,التجمع الدستوري الديمقراطي
Q30728289,Q3483754,shared_birth_governorate,1,tozeur
Q30728289,Q3486513,shared_parties,1,التجمع الدستوري الديمقراطي
Q30728289,Q3515404,shared_parties,1,التجمع الدستوري الديمقراطي
Q30728289,Q38213221,shared_parties,1,التجمع الدستوري الديمقراطي
Q30728289,Q431515,shared_parties,1,التجمع الدستوري الديمقراطي
Q30728289,Q50285534,shared_parties,1,التجمع الدستوري الديمقراطي
Q30728289,Q517946,shared_birth_governorate,1,tozeur
Q30728289,Q54875068,shared_parties,1,التجمع الدستوري الديمقراطي
Q30728289,Q54875069,shared_parties,1,التجمع الدستوري الديمقراطي
Q30728289,Q54875086,shared_parties,1,التجمع الدستوري الديمقراطي
Q30728289,Q54875087,shared_parties,1,التجمع الدستوري الديمقراطي
Q30728289,Q54875092,shared_parties,1,التجمع الدستوري الديمقراطي
Q30728289,Q54875133,shared_parties,1,التجمع الدستوري الديمقراطي
Q30728289,Q55391329,shared_parties,1,التجمع الدستوري الديمقراطي
Q30728289,Q55392087,shared_parties,1,التجمع الدستوري الديمقراطي
Q30728289,Q55392103,shared_parties,1,التجمع الدستوري الديمقراطي
Q30728289,Q60573369,shared_parties,1,التجمع الدستوري الديمقراطي
Q30728289,Q60573379,shared_parties,1,التجمع الدستوري الديمقراطي
Q30728289,Q60573426,shared_parties,1,التجمع الدستوري الديمقراطي
Q30728289,Q60573536,shared_parties,1,التجمع الدستوري الديمقراطي
Q30728289,Q653162,shared_parties,1,التجمع الدستوري الديمقراطي
Q30728289,Q97961043,shared_parties,1,التجمع الدستوري الديمقراطي
Q30728498,Q30729169,shared_parties,1,nidaa tounes
Q30728498,Q3125311,shared_parties,1,nidaa tounes
Q30728498,Q313539,shared_parties,2,nidaa tounes|التجمع الدستوري الديمقراطي
Q30728498,Q3141381,shared_parties,1,nidaa tounes
Q30728498,Q3144577,shared_birth_governorate,1,beja
Q30728498,Q3192376,shared_parties,1,التجمع الدستوري الديمقراطي
Q30728498,Q3196140,shared_parties,1,nidaa tounes
Q30728498,Q3220051,shared_parties,1,nidaa tounes
Q30728498,Q3318356,shared_parties,1,nidaa tounes
Q30728498,Q3318509,shared_parties,1,التجمع الدستوري الديمقراطي
Q30728498,Q3318530,shared_parties,1,nidaa tounes
Q30728498,Q3318622,shared_parties,1,التجمع الدستوري الديمقراطي
Q30728498,Q3320454,shared_parties,1,التجمع الدستوري الديمقراطي
Q30728498,Q3320544,shared_parties,1,التجمع الدستوري الديمقراطي
Q30728498,Q3331012,shared_parties,1,nidaa tounes
Q30728498,Q3334855,shared_parties,1,التجمع الدستوري الديمقراطي
Q30728498,Q3347261,shared_parties,1,التجمع الدستوري الديمقراطي
Q30728498,Q3417300,shared_parties,1,التجمع الدستوري الديمقراطي
Q30728498,Q3417419,shared_birth_governorate,1,beja
Q30728498,Q3417419,shared_parties,1,التجمع الدستوري الديمقراطي
Q30728498,Q3417449,shared_parties,1,nidaa tounes
Q30728498,Q3431734,shared_parties,1,nidaa tounes
Q30728498,Q3431743,shared_parties,1,التجمع الدستوري الديمقراطي
Q30728498,Q3461164,shared_parties,1,التجمع الدستوري الديمقراطي
Q30728498,Q3461169,shared_parties,1,التجمع الدستوري الديمقراطي
Q30728498,Q3474776,shared_parties,1,nidaa tounes
Q30728498,Q3486513,shared_parties,1,التجمع الدستوري الديمقراطي
Q30728498,Q3486677,shared_parties,1,nidaa tounes
Q30728498,Q3515404,shared_parties,1,التجمع الدستوري الديمقراطي
Q30728498,Q38213221,shared_parties,1,التجمع الدستوري الديمقراطي
Q30728498,Q431515,shared_parties,1,التجمع الدستوري الديمقراطي
Q30728498,Q43304124,shared_parties,1,nidaa tounes
Q30728498,Q50285534,shared_parties,1,التجمع الدستوري الديمقراطي
Q30728498,Q517946,shared_parties,1,nidaa tounes
Q30728498,Q54875068,shared_parties,1,التجمع الدستوري الديمقراطي
Q30728498,Q54875069,shared_parties,1,التجمع الدستوري الديمقراطي
Q30728498,Q54875086,shared_parties,1,التجمع الدستوري الديمقراطي
Q30728498,Q54875087,shared_parties,1,التجمع الدستوري الديمقراطي
Q30728498,Q54875092,shared_parties,1,التجمع الدستوري الديمقراطي
Q30728498,Q54875133,shared_parties,1,التجمع الدستوري الديمقراطي
Q30728498,Q55381738,shared_parties,1,nidaa tounes
Q30728498,Q55391329,shared_parties,1,التجمع الدستوري الديمقراطي
Q30728498,Q55392087,shared_parties,1,التجمع الدستوري الديمقراطي
Q30728498,Q55392103,shared_parties,1,التجمع الدستوري الديمقراطي
Q30728498,Q60428357,shared_parties,1,nidaa tounes
Q30728498,Q60573369,shared_parties,1,التجمع الدستوري الديمقراطي
Q30728498,Q60573379,shared_parties,1,التجمع الدستوري الديمقراطي
Q30728498,Q60573426,shared_parties,1,التجمع الدستوري الديمقراطي
Q30728498,Q60573536,shared_parties,1,التجمع الدستوري الديمقراطي
Q30728498,Q62601798,shared_birth_governorate,1,beja
Q30728498,Q653162,shared_parties,1,التجمع الدستوري الديمقراطي
Q30728498,Q97961043,shared_parties,1,التجمع الدستوري الديمقراطي
Q30729046,Q3079840,shared_birth_governorate,1,nabeul
Q30729046,Q3217980,shared_birth_governorate,1,nabeul
Q30729046,Q3318311,shared_birth_governorate,1,nabeul
Q30729046,Q3318375,shared_birth_governorate,1,nabeul
Q30729046,Q3318731,shared_birth_governorate,1,nabeul
Q30729046,Q3318774,shared_birth_governorate,1,nabeul
Q30729046,Q3318800,shared_birth_governorate,1,nabeul
Q30729046,Q3320424,shared_birth_governorate,1,nabeul
Q30729046,Q3320644,shared_birth_governorate,1,nabeul
Q30729046,Q496165,shared_birth_governorate,1,nabeul
Q30729046,Q54875074,shared_birth_governorate,1,nabeul
Q30729046,Q65130650,shared_birth_governorate,1,nabeul
Q30729046,Q92332624,shared_birth_governorate,1,nabeul
Q30729047,Q3430010,shared_birth_governorate,1,medenine
Q30729047,Q3461164,shared_birth_governorate,1,medenine
Q30729047,Q3469772,shared_birth_governorate,1,medenine
Q30729047,Q3470859,shared_birth_governorate,1,medenine
Q30729047,Q496042,shared_birth_governorate,1,medenine
Q30729047,Q54875067,shared_birth_governorate,1,medenine
Q30729047,Q61598250,shared_birth_governorate,1,medenine
Q30729047,Q92199953,shared_parties,1,mouvement du peuple
Q30729047,Q96473313,shared_parties,1,mouvement du peuple
Q30729169,Q3125311,shared_parties,1,nidaa tounes
Q30729169,Q3128202,shared_birth_governorate,1,bizerte
Q30729169,Q313539,shared_parties,1,nidaa tounes
Q30729169,Q3141381,shared_parties,1,nidaa tounes
Q30729169,Q3196140,shared_parties,1,nidaa tounes
Q30729169,Q3220051,shared_parties,1,nidaa tounes
Q30729169,Q3318356,shared_parties,1,nidaa tounes
Q30729169,Q3318530,shared_parties,1,nidaa tounes
Q30729169,Q3328917,shared_birth_governorate,1,bizerte
Q30729169,Q3331012,shared_parties,1,nidaa tounes
Q30729169,Q3417300,shared_birth_governorate,1,bizerte
Q30729169,Q3417449,shared_parties,1,nidaa tounes
Q30729169,Q3431734,shared_parties,1,nidaa tounes
Q30729169,Q3431747,shared_birth_governorate,1,bizerte
Q30729169,Q3470859,shared_parties,1,afek tounes
Q30729169,Q3474776,shared_parties,1,nidaa tounes
Q30729169,Q3486677,shared_parties,1,nidaa tounes
Q30729169,Q3571955,shared_parties,1,afek tounes
Q30729169,Q43304124,shared_parties,1,nidaa tounes
Q30729169,Q49691191,shared_parties,1,afek tounes
Q30729169,Q517946,shared_parties,1,nidaa tounes
Q30729169,Q54875067,shared_parties,1,afek tounes
Q30729169,Q55381738,shared_parties,1,nidaa tounes
Q30729169,Q60428357,shared_parties,1,nidaa tounes
Q30729169,Q60573013,shared_birth_governorate,1,bizerte
Q30729169,Q98828362,shared_parties,1,afek tounes
Q3079840,Q3217980,shared_birth_governorate,1,nabeul
Q3079840,Q3318311,shared_birth_governorate,1,nabeul
Q3079840,Q3318375,shared_birth_governorate,1,nabeul
Q3079840,Q3318731,shared_birth_governorate,1,nabeul
Q3079840,Q3318774,shared_birth_governorate,1,nabeul
Q3079840,Q3318800,shared_birth_governorate,1,nabeul
Q3079840,Q3320424,shared_birth_governorate,1,nabeul
Q3079840,Q3320644,shared_birth_governorate,1,nabeul
Q3079840,Q3431743,shared_education,1,ecole nationale d'administration
Q3079840,Q496165,shared_birth_governorate,1,nabeul
Q3079840,Q54875074,shared_birth_governorate,1,nabeul
Q3079840,Q60573413,shared_education,1,ecole nationale d'administration
Q3079840,Q61598250,shared_education,1,ecole nationale d'administration
Q3079840,Q65130650,shared_birth_governorate,1,nabeul
Q3079840,Q65130650,shared_education,1,ecole nationale d'administration
Q3079840,Q744499,shared_education,1,ecole nationale d'administration
Q3079840,Q88485687,shared_education,1,ecole nationale d'administration
Q3079840,Q89996191,shared_education,1,ecole nationale d'administration
Q3079840,Q91626084,shared_education,1,ecole nationale d'administration
Q3079840,Q92332624,shared_birth_governorate,1,nabeul
Q308017,Q3125835,shared_birth_governorate,1,monastir
Q308017,Q3128235,shared_parties,1,parti socialiste destourien
Q308017,Q3141381,shared_birth_governorate,1,monastir
Q308017,Q3144591,shared_birth_governorate,1,monastir
Q308017,Q3286574,shared_birth_governorate,1,monastir
Q308017,Q3286574,shared_parties,1,parti socialiste destourien
Q308017,Q3318530,shared_parties,1,parti socialiste destourien
Q308017,Q3318622,shared_parties,1,parti socialiste destourien
Q308017,Q3318702,shared_birth_governorate,1,monastir
Q308017,Q3318797,shared_birth_governorate,1,monastir
Q308017,Q3320538,shared_parties,1,parti socialiste destourien
Q308017,Q3320650,shared_birth_governorate,1,monastir
Q308017,Q3320650,shared_parties,1,parti socialiste destourien
Q308017,Q3328946,shared_parties,1,parti socialiste destourien
Q308017,Q3328959,shared_birth_governorate,1,monastir
Q308017,Q3331012,shared_parties,1,parti socialiste destourien
Q308017,Q3331032,shared_birth_governorate,1,monastir
Q308017,Q3331032,shared_parties,1,parti socialiste destourien
Q308017,Q3344886,shared_parties,1,parti socialiste destourien
Q308017,Q3347261,shared_birth_governorate,1,monastir
Q308017,Q3357601,shared_parties,1,parti socialiste destourien
Q308017,Q3431735,shared_birth_governorate,1,monastir
Q308017,Q3461176,shared_parties,1,parti socialiste destourien
Q308017,Q3516539,shared_birth_governorate,1,monastir
Q308017,Q377921,shared_birth_governorate,1,monastir
Q308017,Q377921,shared_parties,1,parti socialiste destourien
Q308017,Q3951110,shared_parties,1,parti socialiste destourien
Q308017,Q48757077,shared_birth_governorate,1,monastir
Q308017,Q50285534,shared_parties,1,parti socialiste destourien
Q308017,Q54875068,shared_parties,1,parti socialiste destourien
Q308017,Q54875069,shared_parties,1,parti socialiste destourien
Q308017,Q54875074,shared_parties,1,parti socialiste destourien
Q308017,Q54875084,shared_parties,1,parti socialiste destourien
Q308017,Q54875134,shared_parties,1,parti socialiste destourien
Q308017,Q55196894,shared_parties,1,parti socialiste destourien
Q308017,Q55392091,shared_parties,1,parti socialiste destourien
Q308017,Q55392098,shared_parties,1,parti socialiste destourien
Q308017,Q60573416,shared_parties,1,parti socialiste destourien
Q308017,Q60573536,shared_parties,1,parti socialiste destourien
Q308017,Q643348,shared_birth_governorate,1,monastir
Q308017,Q653162,shared_parties,1,parti socialiste destourien
Q308017,Q800238,shared_parties,1,parti socialiste destourien
Q308017,Q98828346,shared_birth_governorate,1,monastir
Q3125288,Q3125311,shared_birth_governorate,1,sousse
Q3125288,Q3318622,shared_birth_governorate,1,sousse
Q3125288,Q3431743,shared_birth_governorate,1,sousse
Q3125288,Q431515,shared_birth_governorate,1,sousse
Q3125288,Q50099224,shared_birth_governorate,1,sousse
Q3125288,Q50285534,shared_birth_governorate,1,sousse
Q3125288,Q54875084,shared_birth_governorate,1,sousse
Q3125288,Q57699,shared_birth_governorate,1,sousse
Q3125288,Q60576591,shared_birth_governorate,1,sousse
Q3125288,Q88467296,shared_birth_governorate,1,sousse
Q3125299,Q3125311,shared_education,1,universite de tunis
Q3125299,Q3125336,shared_education,2,universite de tunis|جامعه تونس
Q3125299,Q3128291,shared_education,2,universite de tunis|جامعه تونس
Q3125299,Q3141381,shared_education,1,universite de tunis
Q3125299,Q3304511,shared_education,1,universite de tunis
Q3125299,Q3318311,shared_education,1,universite de tunis
Q3125299,Q3318509,shared_education,1,universite de tunis
Q3125299,Q3318530,shared_education,2,universite de tunis|جامعه تونس
Q3125299,Q3318757,shared_education,1,universite de tunis
Q3125299,Q3318781,shared_education,1,universite de tunis
Q3125299,Q3319366,shared_education,1,universite de tunis
Q3125299,Q3328959,shared_education,1,جامعه تونس
Q3125299,Q3358533,shared_education,2,universite de tunis|جامعه تونس
Q3125299,Q3417300,shared_education,1,universite de tunis
Q3125299,Q3417419,shared_education,2,universite de tunis|جامعه تونس
Q3125299,Q3423310,shared_education,1,universite de tunis
Q3125299,Q3461169,shared_education,2,universite de tunis|جامعه تونس
Q3125299,Q3469690,shared_education,1,universite de tunis
Q3125299,Q3486507,shared_education,2,universite de tunis|جامعه تونس
Q3125299,Q3486512,shared_education,1,universite de tunis
Q3125299,Q3486689,shared_education,2,universite de tunis|جامعه تونس
Q3125299,Q3515404,shared_education,1,universite de tunis
Q3125299,Q431515,shared_education,1,universite de tunis
Q3125299,Q43654658,shared_education,1,universite de tunis
Q3125299,Q57699,shared_education,2,universite de tunis|جامعه تونس
Q3125299,Q668526,shared_education,2,universite de tunis|جامعه تونس
Q3125299,Q85822499,shared_education,1,universite de tunis
Q3125307,Q3125336,shared_birth_governorate,1,gafsa
Q3125307,Q3220051,shared_birth_governorate,1,gafsa
Q3125307,Q3220052,shared_birth_governorate,1,gafsa
Q3125307,Q3431740,shared_birth_governorate,1,gafsa
Q3125307,Q3470845,shared_birth_governorate,1,gafsa
Q3125307,Q3951110,shared_birth_governorate,1,gafsa
Q3125307,Q51460814,shared_birth_governorate,1,gafsa
Q3125307,Q86734094,shared_education,1,جامعه بوردو
Q3125311,Q3125336,shared_education,1,universite de tunis
Q3125311,Q3128291,shared_education,1,universite de tunis
Q3125311,Q313539,shared_parties,1,nidaa tounes
Q3125311,Q3141381,shared_education,1,universite de tunis
Q3125311,Q3141381,shared_parties,1,nidaa tounes
Q3125311,Q3196140,shared_parties,1,nidaa tounes
Q3125311,Q3220051,shared_parties,1,nidaa tounes
Q3125311,Q3304511,shared_education,1,universite de tunis
Q3125311,Q3318311,shared_education,1,universite de tunis
Q3125311,Q3318356,shared_parties,1,nidaa tounes
Q3125311,Q3318509,shared_education,1,universite de tunis
Q3125311,Q3318530,shared_education,1,universite de tunis
Q3125311,Q3318530,shared_parties,1,nidaa tounes
Q3125311,Q3318622,shared_birth_governorate,1,sousse
Q3125311,Q3318757,shared_education,1,universite de tunis
Q3125311,Q3318781,shared_education,1,universite de tunis
Q3125311,Q3319366,shared_education,1,universite de tunis
Q3125311,Q3331012,shared_parties,1,nidaa tounes
Q3125311,Q3358533,shared_education,1,universite de tunis
Q3125311,Q3417300,shared_education,1,universite de tunis
Q3125311,Q3417419,shared_education,1,universite de tunis
Q3125311,Q3417449,shared_parties,1,nidaa tounes
Q3125311,Q3423310,shared_education,1,universite de tunis
Q3125311,Q3431734,shared_parties,1,nidaa tounes
Q3125311,Q3431743,shared_birth_governorate,1,sousse
Q3125311,Q3461169,shared_education,1,universite de tunis
Q3125311,Q3469690,shared_education,1,universite de tunis
Q3125311,Q3474776,shared_parties,1,nidaa tounes
Q3125311,Q3486507,shared_education,1,universite de tunis
Q3125311,Q3486512,shared_education,1,universite de tunis
Q3125311,Q3486677,shared_parties,1,nidaa tounes
Q3125311,Q3486689,shared_education,1,universite de tunis
Q3125311,Q3515404,shared_education,1,universite de tunis
Q3125311,Q431515,shared_birth_governorate,1,sousse
Q3125311,Q431515,shared_education,1,universite de tunis
Q3125311,Q43304124,shared_parties,1,nidaa tounes
Q3125311,Q43654658,shared_education,1,universite de tunis
Q3125311,Q50099224,shared_birth_governorate,1,sousse
Q3125311,Q50285534,shared_birth_governorate,1,sousse
Q3125311,Q517946,shared_parties,1,nidaa tounes
Q3125311,Q54875084,shared_birth_governorate,1,sousse
Q3125311,Q55381738,shared_parties,1,nidaa tounes
Q3125311,Q57699,shared_birth_governorate,1,sousse
Q3125311,Q57699,shared_education,1,universite de tunis
Q3125311,Q60428357,shared_parties,1,nidaa tounes
Q3125311,Q60576591,shared_birth_governorate,1,sousse
Q3125311,Q668526,shared_education,1,universite de tunis
Q3125311,Q85822499,shared_education,1,universite de tunis
Q3125311,Q88467296,shared_birth_governorate,1,sousse
Q3125336,Q3128291,shared_education,2,universite de tunis|جامعه تونس
Q3125336,Q3141381,shared_education,1,universite de tunis
Q3125336,Q3220051,shared_birth_governorate,1,gafsa
Q3125336,Q3220052,shared_birth_governorate,1,gafsa
Q3125336,Q3304511,shared_education,1,universite de tunis
Q3125336,Q3318311,shared_education,1,universite de tunis
Q3125336,Q3318509,shared_education,1,universite de tunis
Q3125336,Q3318530,shared_education,2,universite de tunis|جامعه تونس
Q3125336,Q3318757,shared_education,1,universite de tunis
Q3125336,Q3318781,shared_education,1,universite de tunis
Q3125336,Q3319366,shared_education,1,universite de tunis
Q3125336,Q3328959,shared_education,1,جامعه تونس
Q3125336,Q3358533,shared_education,2,universite de tunis|جامعه تونس
Q3125336,Q3417300,shared_education,1,universite de tunis
Q3125336,Q3417419,shared_education,2,universite de tunis|جامعه تونس
Q3125336,Q3423310,shared_education,1,universite de tunis
Q3125336,Q3431740,shared_birth_governorate,1,gafsa
Q3125336,Q3461169,shared_education,2,universite de tunis|جامعه تونس
Q3125336,Q3469690,shared_education,1,universite de tunis
Q3125336,Q3470845,shared_birth_governorate,1,gafsa
Q3125336,Q3486507,shared_education,2,universite de tunis|جامعه تونس
Q3125336,Q3486512,shared_education,1,universite de tunis
Q3125336,Q3486689,shared_education,2,universite de tunis|جامعه تونس
Q3125336,Q3515404,shared_education,1,universite de tunis
Q3125336,Q3951110,shared_birth_governorate,1,gafsa
Q3125336,Q431515,shared_education,1,universite de tunis
Q3125336,Q43654658,shared_education,1,universite de tunis
Q3125336,Q51460814,shared_birth_governorate,1,gafsa
Q3125336,Q57699,shared_education,2,universite de tunis|جامعه تونس
Q3125336,Q668526,shared_education,2,universite de tunis|جامعه تونس
Q3125336,Q85822499,shared_education,1,universite de tunis
Q3125835,Q3141381,shared_birth_governorate,1,monastir
Q3125835,Q3144591,shared_birth_governorate,1,monastir
Q3125835,Q3286574,shared_birth_governorate,1,monastir
Q3125835,Q3318702,shared_birth_governorate,1,monastir
Q3125835,Q3318797,shared_birth_governorate,1,monastir
Q3125835,Q3320650,shared_birth_governorate,1,monastir
Q3125835,Q3328959,shared_birth_governorate,1,monastir
Q3125835,Q3331032,shared_birth_governorate,1,monastir
Q3125835,Q3347261,shared_birth_governorate,1,monastir
Q3125835,Q3431735,shared_birth_governorate,1,monastir
Q3125835,Q3516539,shared_birth_governorate,1,monastir
Q3125835,Q377921,shared_birth_governorate,1,monastir
Q3125835,Q48757077,shared_birth_governorate,1,monastir
Q3125835,Q643348,shared_birth_governorate,1,monastir
Q3125835,Q98828346,shared_birth_governorate,1,monastir
Q3128202,Q3128235,shared_parties,1,neo-destour
Q3128202,Q313539,shared_education,1,faculte de droit et des sciences economiques de paris
Q3128202,Q3144591,shared_parties,1,neo-destour
Q3128202,Q3160736,shared_parties,1,neo-destour
Q3128202,Q3216753,shared_parties,1,neo-destour
Q3128202,Q3277799,shared_parties,1,neo-destour
Q3128202,Q3277819,shared_parties,1,neo-destour
Q3128202,Q3318475,shared_education,1,faculte de droit et des sciences economiques de paris
Q3128202,Q3318622,shared_parties,1,اعمال تونسيه في القرن 20
Q3128202,Q3320424,shared_education,1,faculte de droit et des sciences economiques de paris
Q3128202,Q3320424,shared_parties,1,neo-destour
Q3128202,Q3320538,shared_education,1,faculte de droit et des sciences economiques de paris
Q3128202,Q3320650,shared_education,1,faculte de droit et des sciences economiques de paris
Q3128202,Q3328917,shared_birth_governorate,1,bizerte
Q3128202,Q3328946,shared_parties,1,neo-destour
Q3128202,Q3331012,shared_parties,1,neo-destour
Q3128202,Q3357601,shared_parties,1,neo-destour
Q3128202,Q3417300,shared_birth_governorate,1,bizerte
Q3128202,Q3431747,shared_birth_governorate,1,bizerte
Q3128202,Q3461164,shared_parties,1,neo-destour
Q3128202,Q3516543,shared_parties,1,neo-destour
Q3128202,Q4845531,shared_education,1,lycee carnot de tunis
Q3128202,Q495681,shared_parties,1,اعمال تونسيه في القرن 20
Q3128202,Q496042,shared_parties,1,neo-destour
Q3128202,Q54875085,shared_parties,1,neo-destour
Q3128202,Q55167831,shared_parties,1,neo-destour
Q3128202,Q563204,shared_education,1,faculte de droit et des sciences economiques de paris
Q3128202,Q563204,shared_parties,1,neo-destour
Q3128202,Q586623,shared_education,1,faculte de droit et des sciences economiques de paris
Q3128202,Q60573008,shared_education,1,lycee carnot de tunis
Q3128202,Q60573013,shared_birth_governorate,1,bizerte
Q3128202,Q643348,shared_education,1,lycee carnot de tunis
Q3128202,Q643348,shared_parties,1,neo-destour
Q3128202,Q744499,shared_parties,1,اعمال تونسيه في القرن 20
Q3128235,Q3144591,shared_parties,1,neo-destour
Q3128235,Q3160736,shared_parties,1,neo-destour
Q3128235,Q3216753,shared_parties,1,neo-destour
Q3128235,Q3277799,shared_parties,1,neo-destour
Q3128235,Q3277819,shared_parties,1,neo-destour
Q3128235,Q3286574,shared_parties,1,parti socialiste destourien
Q3128235,Q3318530,shared_parties,1,parti socialiste destourien
Q3128235,Q3318622,shared_parties,1,parti socialiste destourien
Q3128235,Q3320424,shared_parties,1,neo-destour
Q3128235,Q3320538,shared_parties,1,parti socialiste destourien
Q3128235,Q3320650,shared_parties,1,parti socialiste destourien
Q3128235,Q3328946,shared_parties,2,neo-destour|parti socialiste destourien
Q3128235,Q3331012,shared_parties,2,neo-destour|parti socialiste destourien
Q3128235,Q3331032,shared_parties,1,parti socialiste destourien
Q3128235,Q3344886,shared_parties,1,parti socialiste destourien
Q3128235,Q3357601,shared_parties,2,neo-destour|parti socialiste destourien
Q3128235,Q3461164,shared_parties,1,neo-destour
Q3128235,Q3461176,shared_parties,1,parti socialiste destourien
Q3128235,Q3516543,shared_parties,1,neo-destour
Q3128235,Q377921,shared_parties,1,parti socialiste destourien
Q3128235,Q3951110,shared_parties,1,parti socialiste destourien
Q3128235,Q496042,shared_parties,1,neo-destour
Q3128235,Q50285534,shared_parties,1,parti socialiste destourien
Q3128235,Q54875068,shared_parties,1,parti socialiste destourien
Q3128235,Q54875069,shared_parties,1,parti socialiste destourien
Q3128235,Q54875074,shared_parties,1,parti socialiste destourien
Q3128235,Q54875084,shared_parties,1,parti socialiste destourien
Q3128235,Q54875085,shared_parties,1,neo-destour
Q3128235,Q54875134,shared_parties,1,parti socialiste destourien
Q3128235,Q55167831,shared_parties,1,neo-destour
Q3128235,Q55196894,shared_parties,1,parti socialiste destourien
Q3128235,Q55392091,shared_parties,1,parti socialiste destourien
Q3128235,Q55392098,shared_parties,1,parti socialiste destourien
Q3128235,Q563204,shared_parties,1,neo-destour
Q3128235,Q60573416,shared_parties,1,parti socialiste destourien
Q3128235,Q60573536,shared_parties,1,parti socialiste destourien
Q3128235,Q643348,shared_parties,1,neo-destour
Q3128235,Q653162,shared_parties,1,parti socialiste destourien
Q3128235,Q800238,shared_parties,1,parti socialiste destourien
Q3128291,Q3141381,shared_education,1,universite de tunis
Q3128291,Q3304511,shared_education,1,universite de tunis
Q3128291,Q3318311,shared_education,1,universite de tunis
Q3128291,Q3318509,shared_education,2,universite de tunis|جامعه السوربون
Q3128291,Q3318530,shared_education,3,universite de tunis|جامعه باريس|جامعه تونس
Q3128291,Q3318757,shared_education,1,universite de tunis
Q3128291,Q3318781,shared_education,1,universite de tunis
Q3128291,Q3319366,shared_education,1,universite de tunis
Q3128291,Q3320538,shared_education,1,جامعه السوربون
Q3128291,Q3328946,shared_education,1,جامعه السوربون
Q3128291,Q3328959,shared_education,1,جامعه تونس
Q3128291,Q3358533,shared_education,2,universite de tunis|جامعه تونس
Q3128291,Q3417300,shared_education,1,universite de tunis
Q3128291,Q3417419,shared_education,2,universite de tunis|جامعه تونس
Q3128291,Q3423310,shared_education,1,universite de tunis
Q3128291,Q3431743,shared_education,1,جامعه السوربون
Q3128291,Q3461169,shared_education,2,universite de tunis|جامعه تونس
Q3128291,Q3469530,shared_education,1,جامعه السوربون
Q3128291,Q3469690,shared_education,1,universite de tunis
Q3128291,Q3483754,shared_education,1,جامعه السوربون
Q3128291,Q3486507,shared_education,2,universite de tunis|جامعه تونس
Q3128291,Q3486512,shared_education,1,universite de tunis
Q3128291,Q3486689,shared_education,2,universite de tunis|جامعه تونس
Q3128291,Q3515404,shared_education,1,universite de tunis
Q3128291,Q431515,shared_education,1,universite de tunis
Q3128291,Q43654658,shared_education,1,universite de tunis
Q3128291,Q496165,shared_education,1,جامعه السوربون
Q3128291,Q57699,shared_education,2,universite de tunis|جامعه تونس
Q3128291,Q643348,shared_education,1,جامعه السوربون
Q3128291,Q668526,shared_education,2,universite de tunis|جامعه تونس
Q3128291,Q744499,shared_education,1,جامعه السوربون
Q3128291,Q85822499,shared_education,1,universite de tunis
Q313539,Q3141381,shared_parties,1,nidaa tounes
Q313539,Q3144594,shared_education,1,college sadiki
Q313539,Q3192376,shared_parties,1,التجمع الدستوري الديمقراطي
Q313539,Q3196139,shared_education,1,college sadiki
Q313539,Q3196140,shared_parties,1,nidaa tounes
Q313539,Q3216753,shared_education,2,college sadiki|المدرسه الصادقيه
Q313539,Q3220051,shared_parties,1,nidaa tounes
Q313539,Q3277799,shared_education,1,المدرسه الصادقيه
Q313539,Q3318356,shared_parties,1,nidaa tounes
Q313539,Q3318475,shared_education,1,faculte de droit et des sciences economiques de paris
Q313539,Q3318509,shared_parties,1,التجمع الدستوري الديمقراطي
Q313539,Q3318530,shared_parties,1,nidaa tounes
Q313539,Q3318622,shared_parties,1,التجمع الدستوري الديمقراطي
Q313539,Q3320424,shared_education,1,faculte de droit et des sciences economiques de paris
Q313539,Q3320454,shared_parties,1,التجمع الدستوري الديمقراطي
Q313539,Q3320538,shared_education,1,faculte de droit et des sciences economiques de paris
Q313539,Q3320544,shared_education,2,college sadiki|المدرسه الصادقيه
Q313539,Q3320544,shared_parties,1,التجمع الدستوري الديمقراطي
Q313539,Q3320644,shared_education,1,college sadiki
Q313539,Q3320650,shared_education,3,college sadiki|faculte de droit et des sciences economiques de paris|المدرسه الصادقيه
Q313539,Q3328933,shared_education,1,college sadiki
Q313539,Q3328946,shared_education,2,college sadiki|المدرسه الصادقيه
Q313539,Q3331012,shared_parties,1,nidaa tounes
Q313539,Q3334855,shared_parties,1,التجمع الدستوري الديمقراطي
Q313539,Q3344886,shared_education,1,college sadiki
Q313539,Q3347261,shared_parties,1,التجمع الدستوري الديمقراطي
Q313539,Q3417300,shared_parties,1,التجمع الدستوري الديمقراطي
Q313539,Q3417419,shared_parties,1,التجمع الدستوري الديمقراطي
Q313539,Q3417449,shared_parties,1,nidaa tounes
Q313539,Q3431734,shared_parties,1,nidaa tounes
Q313539,Q3431743,shared_parties,1,التجمع الدستوري الديمقراطي
Q313539,Q3461164,shared_education,2,college sadiki|المدرسه الصادقيه
Q313539,Q3461164,shared_parties,1,التجمع الدستوري الديمقراطي
Q313539,Q3461169,shared_parties,1,التجمع الدستوري الديمقراطي
Q313539,Q3470003,shared_education,1,college sadiki
Q313539,Q3474776,shared_parties,1,nidaa tounes
Q313539,Q3486513,shared_parties,1,التجمع الدستوري الديمقراطي
Q313539,Q3486677,shared_parties,1,nidaa tounes
Q313539,Q3515404,shared_parties,1,التجمع الدستوري الديمقراطي
Q313539,Q3516540,shared_education,1,college sadiki
Q313539,Q3516543,shared_education,1,college sadiki
Q313539,Q377921,shared_education,2,college sadiki|المدرسه الصادقيه
Q313539,Q38213221,shared_parties,1,التجمع الدستوري الديمقراطي
Q313539,Q431515,shared_parties,1,التجمع الدستوري الديمقراطي
Q313539,Q43304124,shared_parties,1,nidaa tounes
Q313539,Q48757077,shared_education,1,college sadiki
Q313539,Q495681,shared_education,2,college sadiki|المدرسه الصادقيه
Q313539,Q496165,shared_education,2,college sadiki|المدرسه الصادقيه
Q313539,Q50285534,shared_parties,1,التجمع الدستوري الديمقراطي
Q313539,Q507856,shared_education,2,college sadiki|المدرسه الصادقيه
Q313539,Q517946,shared_parties,1,nidaa tounes
Q313539,Q54875068,shared_parties,1,التجمع الدستوري الديمقراطي
Q313539,Q54875069,shared_parties,1,التجمع الدستوري الديمقراطي
Q313539,Q54875086,shared_parties,1,التجمع الدستوري الديمقراطي
Q313539,Q54875087,shared_parties,1,التجمع الدستوري الديمقراطي
Q313539,Q54875092,shared_parties,1,التجمع الدستوري الديمقراطي
Q313539,Q54875133,shared_parties,1,التجمع الدستوري الديمقراطي
Q313539,Q55381738,shared_parties,1,nidaa tounes
Q313539,Q55391329,shared_parties,1,التجمع الدستوري الديمقراطي
Q313539,Q55392087,shared_parties,1,التجمع الدستوري الديمقراطي
Q313539,Q55392103,shared_parties,1,التجمع الدستوري الديمقراطي
Q313539,Q563204,shared_education,1,faculte de droit et des sciences economiques de paris
Q313539,Q586623,shared_education,2,college sadiki|faculte de droit et des sciences economiques de paris
Q313539,Q60428357,shared_parties,1,nidaa tounes
Q313539,Q60573369,shared_parties,1,التجمع الدستوري الديمقراطي
Q313539,Q60573379,shared_parties,1,التجمع الدستوري الديمقراطي
Q313539,Q60573426,shared_parties,1,التجمع الدستوري الديمقراطي
Q313539,Q60573536,shared_parties,1,التجمع الدستوري الديمقراطي
Q313539,Q643348,shared_education,2,college sadiki|المدرسه الصادقيه
Q313539,Q653162,shared_parties,1,التجمع الدستوري الديمقراطي
Q313539,Q800238,shared_education,1,college sadiki
Q313539,Q97961043,shared_parties,1,التجمع الدستوري الديمقراطي
Q3141381,Q3144591,shared_birth_governorate,1,monastir
Q3141381,Q3196140,shared_parties,1,nidaa tounes
Q3141381,Q3220051,shared_parties,1,nidaa tounes
Q3141381,Q3286574,shared_birth_governorate,1,monastir
Q3141381,Q3304511,shared_education,1,universite de tunis
Q3141381,Q3318311,shared_education,1,universite de tunis
Q3141381,Q3318356,shared_parties,1,nidaa tounes
Q3141381,Q3318509,shared_education,1,universite de tunis
Q3141381,Q3318530,shared_education,1,universite de tunis
Q3141381,Q3318530,shared_parties,1,nidaa tounes
Q3141381,Q3318702,shared_birth_governorate,1,monastir
Q3141381,Q3318757,shared_education,1,universite de tunis
Q3141381,Q3318781,shared_education,1,universite de tunis
Q3141381,Q3318797,shared_birth_governorate,1,monastir
Q3141381,Q3319366,shared_education,1,universite de tunis
Q3141381,Q3320650,shared_birth_governorate,1,monastir
Q3141381,Q3328959,shared_birth_governorate,1,monastir
Q3141381,Q3331012,shared_parties,1,nidaa tounes
Q3141381,Q3331032,shared_birth_governorate,1,monastir
Q3141381,Q3347261,shared_birth_governorate,1,monastir
Q3141381,Q3358533,shared_education,1,universite de tunis
Q3141381,Q3417300,shared_education,1,universite de tunis
Q3141381,Q3417419,shared_education,1,universite de tunis
Q3141381,Q3417449,shared_parties,1,nidaa tounes
Q3141381,Q3423310,shared_education,1,universite de tunis
Q3141381,Q3431734,shared_parties,1,nidaa tounes
Q3141381,Q3431735,shared_birth_governorate,1,monastir
Q3141381,Q3461169,shared_education,1,universite de tunis
Q3141381,Q3469690,shared_education,1,universite de tunis
Q3141381,Q3474776,shared_parties,1,nidaa tounes
Q3141381,Q3486507,shared_education,1,universite de tunis
Q3141381,Q3486512,shared_education,1,universite de tunis
Q3141381,Q3486677,shared_parties,1,nidaa tounes
Q3141381,Q3486689,shared_education,1,universite de tunis
Q3141381,Q3515404,shared_education,1,universite de tunis
Q3141381,Q3516539,shared_birth_governorate,1,monastir
Q3141381,Q377921,shared_birth_governorate,1,monastir
Q3141381,Q431515,shared_education,1,universite de tunis
Q3141381,Q43304124,shared_parties,1,nidaa tounes
Q3141381,Q43654658,shared_education,1,universite de tunis
Q3141381,Q48757077,shared_birth_governorate,1,monastir
Q3141381,Q517946,shared_parties,1,nidaa tounes
Q3141381,Q55381738,shared_parties,1,nidaa tounes
Q3141381,Q57699,shared_education,1,universite de tunis
Q3141381,Q60428357,shared_parties,1,nidaa tounes
Q3141381,Q643348,shared_birth_governorate,1,monastir
Q3141381,Q668526,shared_education,1,universite de tunis
Q3141381,Q85822499,shared_education,1,universite de tunis
Q3141381,Q98828346,shared_birth_governorate,1,monastir
Q3144577,Q3318297,shared_parties,1,congres pour la republique
Q3144577,Q3417419,shared_birth_governorate,1,beja
Q3144577,Q3469772,shared_parties,1,congres pour la republique
Q3144577,Q3483754,shared_parties,1,congres pour la republique
Q3144577,Q62601798,shared_birth_governorate,1,beja
Q3144591,Q3160736,shared_parties,1,neo-destour
Q3144591,Q3216753,shared_parties,1,neo-destour
Q3144591,Q3277799,shared_parties,1,neo-destour
Q3144591,Q3277819,shared_parties,1,neo-destour
Q3144591,Q3286574,shared_birth_governorate,1,monastir
Q3144591,Q3318702,shared_birth_governorate,1,monastir
Q3144591,Q3318797,shared_birth_governorate,1,monastir
Q3144591,Q3320424,shared_parties,1,neo-destour
Q3144591,Q3320650,shared_birth_governorate,1,monastir
Q3144591,Q3328946,shared_parties,1,neo-destour
Q3144591,Q3328959,shared_birth_governorate,1,monastir
Q3144591,Q3331012,shared_parties,1,neo-destour
Q3144591,Q3331032,shared_birth_governorate,1,monastir
Q3144591,Q3347261,shared_birth_governorate,1,monastir
Q3144591,Q3357601,shared_parties,1,neo-destour
Q3144591,Q3431735,shared_birth_governorate,1,monastir
Q3144591,Q3461164,shared_parties,1,neo-destour
Q3144591,Q3516539,shared_birth_governorate,1,monastir
Q3144591,Q3516543,shared_parties,1,neo-destour
Q3144591,Q377921,shared_birth_governorate,1,monastir
Q3144591,Q48757077,shared_birth_governorate,1,monastir
Q3144591,Q496042,shared_parties,1,neo-destour
Q3144591,Q54875085,shared_parties,1,neo-destour
Q3144591,Q55167831,shared_parties,1,neo-destour
Q3144591,Q563204,shared_parties,1,neo-destour
Q3144591,Q643348,shared_birth_governorate,1,monastir
Q3144591,Q643348,shared_parties,1,neo-destour
Q3144591,Q98828346,shared_birth_governorate,1,monastir
Q3144594,Q3196139,shared_education,1,college sadiki
Q3144594,Q3216753,shared_education,1,college sadiki
Q3144594,Q3320544,shared_education,1,college sadiki
Q3144594,Q3320644,shared_education,1,college sadiki
Q3144594,Q3320650,shared_education,1,college sadiki
Q3144594,Q3328933,shared_education,1,college sadiki
Q3144594,Q3328946,shared_education,1,college sadiki
Q3144594,Q3344886,shared_education,1,college sadiki
Q3144594,Q3461164,shared_education,1,college sadiki
Q3144594,Q3470003,shared_education,1,college sadiki
Q3144594,Q3516540,shared_education,1,college sadiki
Q3144594,Q3516543,shared_education,1,college sadiki
Q3144594,Q377921,shared_education,1,college sadiki
Q3144594,Q48757077,shared_education,1,college sadiki
Q3144594,Q495681,shared_education,1,college sadiki
Q3144594,Q496165,shared_education,1,college sadiki
Q3144594,Q507856,shared_education,1,college sadiki
Q3144594,Q586623,shared_education,1,college sadiki
Q3144594,Q643348,shared_education,1,college sadiki
Q3144594,Q800238,shared_education,1,college sadiki
Q3160736,Q3216753,shared_birth_governorate,1,gabes
Q3160736,Q3216753,shared_parties,1,neo-destour
Q3160736,Q3277799,shared_parties,1,neo-destour
Q3160736,Q3277819,shared_parties,1,neo-destour
Q3160736,Q3318356,shared_birth_governorate,1,gabes
Q3160736,Q3320424,shared_parties,1,neo-destour
Q3160736,Q3320655,shared_birth_governorate,1,gabes
Q3160736,Q3328946,shared_parties,1,neo-destour
Q3160736,Q3331012,shared_parties,1,neo-destour
Q3160736,Q3357601,shared_parties,1,neo-destour
Q3160736,Q3358533,shared_birth_governorate,1,gabes
Q3160736,Q3417420,shared_birth_governorate,1,gabes
Q3160736,Q3431745,shared_birth_governorate,1,gabes
Q3160736,Q3461164,shared_parties,1,neo-destour
Q3160736,Q3516543,shared_parties,1,neo-destour
Q3160736,Q496042,shared_parties,1,neo-destour
Q3160736,Q54875069,shared_birth_governorate,1,gabes
Q3160736,Q54875085,shared_parties,1,neo-destour
Q3160736,Q55167831,shared_parties,1,neo-destour
Q3160736,Q563204,shared_parties,1,neo-destour
Q3160736,Q643348,shared_parties,1,neo-destour
Q3160736,Q92199953,shared_birth_governorate,1,gabes
Q3160876,Q3318419,shared_parties,2,ennahdha|حركه النهضه التونسيه
Q3160876,Q3318652,shared_parties,2,ennahdha|حركه النهضه التونسيه
Q3160876,Q3318800,shared_parties,2,ennahdha|حركه النهضه التونسيه
Q3160876,Q3320435,shared_parties,2,ennahdha|حركه النهضه التونسيه
Q3160876,Q3417420,shared_parties,2,ennahdha|حركه النهضه التونسيه
Q3160876,Q3430010,shared_parties,2,ennahdha|حركه النهضه التونسيه
Q3160876,Q3431747,shared_parties,2,ennahdha|حركه النهضه التونسيه
Q3160876,Q3470837,shared_parties,2,ennahdha|حركه النهضه التونسيه
Q3160876,Q3486675,shared_parties,2,ennahdha|حركه النهضه التونسيه
Q3160876,Q51460814,shared_education,1,hec montreal
Q3160876,Q55999324,shared_parties,2,ennahdha|حركه النهضه التونسيه
Q3160876,Q57699,shared_parties,2,ennahdha|حركه النهضه التونسيه
Q3160876,Q668526,shared_parties,2,ennahdha|حركه النهضه التونسيه
Q3160876,Q86734094,shared_parties,2,ennahdha|حركه النهضه التونسيه
Q3160876,Q88485687,shared_birth_governorate,1,jendouba
Q3160876,Q92316785,shared_parties,1,حركه النهضه التونسيه
Q3160876,Q92332624,shared_parties,1,ennahdha
Q3192369,Q60573536,shared_education,1,universite paris-pantheon-assas
Q3192376,Q3318509,shared_parties,1,التجمع الدستوري الديمقراطي
Q3192376,Q3318622,shared_parties,1,التجمع الدستوري الديمقراطي
Q3192376,Q3320454,shared_parties,1,التجمع الدستوري الديمقراطي
Q3192376,Q3320544,shared_parties,1,التجمع الدستوري الديمقراطي
Q3192376,Q3334855,shared_parties,1,التجمع الدستوري الديمقراطي
Q3192376,Q3347261,shared_parties,1,التجمع الدستوري الديمقراطي
Q3192376,Q3357601,shared_education,1,ecole normale superieure de tunis
Q3192376,Q3417300,shared_parties,1,التجمع الدستوري الديمقراطي
Q3192376,Q3417419,shared_parties,1,التجمع الدستوري الديمقراطي
Q3192376,Q3431743,shared_parties,1,التجمع الدستوري الديمقراطي
Q3192376,Q3461164,shared_parties,1,التجمع الدستوري الديمقراطي
Q3192376,Q3461169,shared_parties,1,التجمع الدستوري الديمقراطي
Q3192376,Q3486513,shared_parties,1,التجمع الدستوري الديمقراطي
Q3192376,Q3486677,shared_education,1,ecole normale superieure de tunis
Q3192376,Q3515404,shared_parties,1,التجمع الدستوري الديمقراطي
Q3192376,Q38213221,shared_parties,1,التجمع الدستوري الديمقراطي
Q3192376,Q431515,shared_parties,1,التجمع الدستوري الديمقراطي
Q3192376,Q50285534,shared_parties,1,التجمع الدستوري الديمقراطي
Q3192376,Q54875068,shared_parties,1,التجمع الدستوري الديمقراطي
Q3192376,Q54875069,shared_parties,1,التجمع الدستوري الديمقراطي
Q3192376,Q54875086,shared_parties,1,التجمع الدستوري الديمقراطي
Q3192376,Q54875087,shared_parties,1,التجمع الدستوري الديمقراطي
Q3192376,Q54875092,shared_parties,1,التجمع الدستوري الديمقراطي
Q3192376,Q54875133,shared_parties,1,التجمع الدستوري الديمقراطي
Q3192376,Q55391329,shared_parties,1,التجمع الدستوري الديمقراطي
Q3192376,Q55392087,shared_parties,1,التجمع الدستوري الديمقراطي
Q3192376,Q55392103,shared_parties,1,التجمع الدستوري الديمقراطي
Q3192376,Q60573369,shared_parties,1,التجمع الدستوري الديمقراطي
Q3192376,Q60573379,shared_parties,1,التجمع الدستوري الديمقراطي
Q3192376,Q60573426,shared_parties,1,التجمع الدستوري الديمقراطي
Q3192376,Q60573536,shared_parties,1,التجمع الدستوري الديمقراطي
Q3192376,Q60576591,shared_education,1,ecole normale superieure de tunis
Q3192376,Q653162,shared_parties,1,التجمع الدستوري الديمقراطي
Q3192376,Q97961043,shared_parties,1,التجمع الدستوري الديمقراطي
Q3196042,Q3257623,shared_parties,1,ettakatol
Q3196042,Q3333020,shared_parties,1,ettakatol
Q3196042,Q3470003,shared_parties,1,ettakatol
Q3196139,Q3216753,shared_education,1,college sadiki
Q3196139,Q3320544,shared_education,1,college sadiki
Q3196139,Q3320644,shared_education,1,college sadiki
Q3196139,Q3320650,shared_education,1,college sadiki
Q3196139,Q3328933,shared_education,1,college sadiki
Q3196139,Q3328946,shared_education,1,college sadiki
Q3196139,Q3344886,shared_education,1,college sadiki
Q3196139,Q3461164,shared_education,1,college sadiki
Q3196139,Q3470003,shared_education,1,college sadiki
Q3196139,Q3516540,shared_education,1,college sadiki
Q3196139,Q3516543,shared_education,1,college sadiki
Q3196139,Q377921,shared_education,1,college sadiki
Q3196139,Q48757077,shared_education,1,college sadiki
Q3196139,Q495681,shared_education,1,college sadiki
Q3196139,Q496165,shared_education,1,college sadiki
Q3196139,Q507856,shared_education,1,college sadiki
Q3196139,Q586623,shared_education,1,college sadiki
Q3196139,Q643348,shared_education,1,college sadiki
Q3196139,Q800238,shared_education,1,college sadiki
Q3196140,Q3220051,shared_parties,1,nidaa tounes
Q3196140,Q3318356,shared_parties,1,nidaa tounes
Q3196140,Q3318530,shared_parties,1,nidaa tounes
Q3196140,Q3318545,shared_birth_governorate,1,kairouan
Q3196140,Q3328946,shared_birth_governorate,1,kairouan
Q3196140,Q3331012,shared_parties,1,nidaa tounes
Q3196140,Q3334747,shared_birth_governorate,1,kairouan
Q3196140,Q3357601,shared_birth_governorate,1,kairouan
Q3196140,Q3417449,shared_parties,1,nidaa tounes
Q3196140,Q3431734,shared_parties,1,nidaa tounes
Q3196140,Q3474776,shared_parties,1,nidaa tounes
Q3196140,Q3486507,shared_birth_governorate,1,kairouan
Q3196140,Q3486513,shared_birth_governorate,1,kairouan
Q3196140,Q3486677,shared_parties,1,nidaa tounes
Q3196140,Q43304124,shared_parties,1,nidaa tounes
Q3196140,Q517946,shared_parties,1,nidaa tounes
Q3196140,Q55381738,shared_parties,1,nidaa tounes
Q3196140,Q60428357,shared_parties,1,nidaa tounes
Q3216753,Q3277799,shared_education,1,المدرسه الصادقيه
Q3216753,Q3277799,shared_parties,1,neo-destour
Q3216753,Q3277819,shared_parties,1,neo-destour
Q3216753,Q3318356,shared_birth_governorate,1,gabes
Q3216753,Q3320424,shared_parties,1,neo-destour
Q3216753,Q3320544,shared_education,2,college sadiki|المدرسه الصادقيه
Q3216753,Q3320644,shared_education,1,college sadiki
Q3216753,Q3320650,shared_education,2,college sadiki|المدرسه الصادقيه
Q3216753,Q3320655,shared_birth_governorate,1,gabes
Q3216753,Q3328933,shared_education,1,college sadiki
Q3216753,Q3328946,shared_education,2,college sadiki|المدرسه الصادقيه
Q3216753,Q3328946,shared_parties,1,neo-destour
Q3216753,Q3331012,shared_parties,1,neo-destour
Q3216753,Q3344886,shared_education,1,college sadiki
Q3216753,Q3357601,shared_parties,1,neo-destour
Q3216753,Q3358533,shared_birth_governorate,1,gabes
Q3216753,Q3417420,shared_birth_governorate,1,gabes
Q3216753,Q3431745,shared_birth_governorate,1,gabes
Q3216753,Q3461164,shared_education,2,college sadiki|المدرسه الصادقيه
Q3216753,Q3461164,shared_parties,1,neo-destour
Q3216753,Q3470003,shared_education,1,college sadiki
Q3216753,Q3516540,shared_education,1,college sadiki
Q3216753,Q3516543,shared_education,1,college sadiki
Q3216753,Q3516543,shared_parties,1,neo-destour
Q3216753,Q377921,shared_education,2,college sadiki|المدرسه الصادقيه
Q3216753,Q48757077,shared_education,1,college sadiki
Q3216753,Q495681,shared_education,2,college sadiki|المدرسه الصادقيه
Q3216753,Q496042,shared_parties,1,neo-destour
Q3216753,Q496165,shared_education,2,college sadiki|المدرسه الصادقيه
Q3216753,Q507856,shared_education,2,college sadiki|المدرسه الصادقيه
Q3216753,Q54875069,shared_birth_governorate,1,gabes
Q3216753,Q54875085,shared_parties,1,neo-destour
Q3216753,Q55167831,shared_parties,1,neo-destour
Q3216753,Q563204,shared_parties,1,neo-destour
Q3216753,Q586623,shared_education,1,college sadiki
Q3216753,Q643348,shared_education,2,college sadiki|المدرسه الصادقيه
Q3216753,Q643348,shared_parties,1,neo-destour
Q3216753,Q800238,shared_education,1,college sadiki
Q3216753,Q92199953,shared_birth_governorate,1,gabes
Q3216760,Q3318336,shared_birth_governorate,1,kasserine
Q3216760,Q3318652,shared_birth_governorate,1,kasserine
Q3216760,Q3344889,shared_birth_governorate,1,kasserine
Q3216760,Q49691191,shared_birth_governorate,1,kasserine
Q3216760,Q7480522,shared_birth_governorate,1,kasserine
Q3217980,Q3318311,shared_birth_governorate,1,nabeul
Q3217980,Q3318375,shared_birth_governorate,1,nabeul
Q3217980,Q3318731,shared_birth_governorate,1,nabeul
Q3217980,Q3318774,shared_birth_governorate,1,nabeul
Q3217980,Q3318800,shared_birth_governorate,1,nabeul
Q3217980,Q3320424,shared_birth_governorate,1,nabeul
Q3217980,Q3320644,shared_birth_governorate,1,nabeul
Q3217980,Q3326203,shared_education,1,universite zitouna
Q3217980,Q3344889,shared_education,2,universite zitouna|جامعه الزيتونه
Q3217980,Q3469530,shared_education,1,جامعه الزيتونه
Q3217980,Q473394,shared_education,1,universite zitouna
Q3217980,Q496165,shared_birth_governorate,1,nabeul
Q3217980,Q54875074,shared_birth_governorate,1,nabeul
Q3217980,Q65130650,shared_birth_governorate,1,nabeul
Q3217980,Q92332624,shared_birth_governorate,1,nabeul
Q3220051,Q3220052,shared_birth_governorate,1,gafsa
Q3220051,Q3318356,shared_parties,1,nidaa tounes
Q3220051,Q3318530,shared_parties,1,nidaa tounes
Q3220051,Q3331012,shared_parties,1,nidaa tounes
Q3220051,Q3417449,shared_parties,1,nidaa tounes
Q3220051,Q3431734,shared_parties,1,nidaa tounes
Q3220051,Q3431740,shared_birth_governorate,1,gafsa
Q3220051,Q3470845,shared_birth_governorate,1,gafsa
Q3220051,Q3474776,shared_parties,1,nidaa tounes
Q3220051,Q3486677,shared_parties,1,nidaa tounes
Q3220051,Q3951110,shared_birth_governorate,1,gafsa
Q3220051,Q43304124,shared_parties,1,nidaa tounes
Q3220051,Q51460814,shared_birth_governorate,1,gafsa
Q3220051,Q517946,shared_parties,1,nidaa tounes
Q3220051,Q55381738,shared_parties,1,nidaa tounes
Q3220051,Q60428357,shared_parties,1,nidaa tounes
Q3220052,Q3431740,shared_birth_governorate,1,gafsa
Q3220052,Q3470845,shared_birth_governorate,1,gafsa
Q3220052,Q3951110,shared_birth_governorate,1,gafsa
Q3220052,Q51460814,shared_birth_governorate,1,gafsa
Q3240795,Q3423310,shared_birth_governorate,1,ben arous
Q3240795,Q3483754,shared_education,1,universite paris-diderot
Q3240795,Q98828570,shared_birth_governorate,1,ben arous
Q3240795,Q98828591,shared_birth_governorate,1,ben arous
Q3240795,Q99542892,shared_birth_governorate,1,ben arous
Q3257623,Q3333020,shared_parties,1,ettakatol
Q3257623,Q3470003,shared_parties,1,ettakatol
Q3277799,Q3277819,shared_parties,1,neo-destour
Q3277799,Q3320424,shared_parties,1,neo-destour
Q3277799,Q3320544,shared_education,1,المدرسه الصادقيه
Q3277799,Q3320650,shared_education,1,المدرسه الصادقيه
Q3277799,Q3328946,shared_education,1,المدرسه الصادقيه
Q3277799,Q3328946,shared_parties,1,neo-destour
Q3277799,Q3331012,shared_parties,1,neo-destour
Q3277799,Q3331032,shared_education,1,faculte de medecine de paris
Q3277799,Q3357601,shared_parties,1,neo-destour
Q3277799,Q3461164,shared_education,1,المدرسه الصادقيه
Q3277799,Q3461164,shared_parties,1,neo-destour
Q3277799,Q3516543,shared_parties,1,neo-destour
Q3277799,Q377921,shared_education,1,المدرسه الصادقيه
Q3277799,Q4845531,shared_education,1,faculte de medecine de paris
Q3277799,Q495676,shared_parties,1,destour
Q3277799,Q495681,shared_education,1,المدرسه الصادقيه
Q3277799,Q495681,shared_parties,1,destour
Q3277799,Q496042,shared_parties,1,neo-destour
Q3277799,Q496165,shared_education,1,المدرسه الصادقيه
Q3277799,Q507856,shared_education,1,المدرسه الصادقيه
Q3277799,Q54875085,shared_parties,1,neo-destour
Q3277799,Q55167831,shared_parties,1,neo-destour
Q3277799,Q563204,shared_parties,1,neo-destour
Q3277799,Q643348,shared_education,1,المدرسه الصادقيه
Q3277799,Q643348,shared_parties,1,neo-destour
Q3277819,Q3320424,shared_parties,1,neo-destour
Q3277819,Q3328946,shared_parties,1,neo-destour
Q3277819,Q3331012,shared_parties,1,neo-destour
Q3277819,Q3357601,shared_parties,1,neo-destour
Q3277819,Q3461164,shared_parties,1,neo-destour
Q3277819,Q3516543,shared_parties,1,neo-destour
Q3277819,Q496042,shared_parties,1,neo-destour
Q3277819,Q54875085,shared_parties,1,neo-destour
Q3277819,Q55167831,shared_parties,1,neo-destour
Q3277819,Q563204,shared_parties,1,neo-destour
Q3277819,Q643348,shared_parties,1,neo-destour
Q3286574,Q3318530,shared_parties,1,parti socialiste destourien
Q3286574,Q3318622,shared_parties,1,parti socialiste destourien
Q3286574,Q3318702,shared_birth_governorate,1,monastir
Q3286574,Q3318797,shared_birth_governorate,1,monastir
Q3286574,Q3320538,shared_parties,1,parti socialiste destourien
Q3286574,Q3320650,shared_birth_governorate,1,monastir
Q3286574,Q3320650,shared_parties,1,parti socialiste destourien
Q3286574,Q3328946,shared_parties,1,parti socialiste destourien
Q3286574,Q3328959,shared_birth_governorate,1,monastir
Q3286574,Q3331012,shared_parties,1,parti socialiste destourien
Q3286574,Q3331032,shared_birth_governorate,1,monastir
Q3286574,Q3331032,shared_parties,1,parti socialiste destourien
Q3286574,Q3344886,shared_parties,1,parti socialiste destourien
Q3286574,Q3347261,shared_birth_governorate,1,monastir
Q3286574,Q3357601,shared_parties,1,parti socialiste destourien
Q3286574,Q3431735,shared_birth_governorate,1,monastir
Q3286574,Q3461176,shared_parties,1,parti socialiste destourien
Q3286574,Q3516539,shared_birth_governorate,1,monastir
Q3286574,Q377921,shared_birth_governorate,1,monastir
Q3286574,Q377921,shared_parties,1,parti socialiste destourien
Q3286574,Q3951110,shared_parties,1,parti socialiste destourien
Q3286574,Q48757077,shared_birth_governorate,1,monastir
Q3286574,Q50285534,shared_parties,1,parti socialiste destourien
Q3286574,Q54875068,shared_parties,1,parti socialiste destourien
Q3286574,Q54875069,shared_parties,1,parti socialiste destourien
Q3286574,Q54875074,shared_parties,1,parti socialiste destourien
Q3286574,Q54875084,shared_parties,1,parti socialiste destourien
Q3286574,Q54875134,shared_parties,1,parti socialiste destourien
Q3286574,Q55196894,shared_parties,1,parti socialiste destourien
Q3286574,Q55392091,shared_parties,1,parti socialiste destourien
Q3286574,Q55392098,shared_parties,1,parti socialiste destourien
Q3286574,Q60573416,shared_parties,1,parti socialiste destourien
Q3286574,Q60573536,shared_parties,1,parti socialiste destourien
Q3286574,Q643348,shared_birth_governorate,1,monastir
Q3286574,Q653162,shared_parties,1,parti socialiste destourien
Q3286574,Q800238,shared_parties,1,parti socialiste destourien
Q3286574,Q98828346,shared_birth_governorate,1,monastir
Q3304500,Q91669922,shared_education,1,telecom paris
Q3304511,Q3318311,shared_education,1,universite de tunis
Q3304511,Q3318509,shared_education,1,universite de tunis
Q3304511,Q3318530,shared_birth_governorate,1,mahdia
Q3304511,Q3318530,shared_education,1,universite de tunis
Q3304511,Q3318757,shared_education,1,universite de tunis
Q3304511,Q3318781,shared_education,1,universite de tunis
Q3304511,Q3319366,shared_education,1,universite de tunis
Q3304511,Q3358533,shared_education,1,universite de tunis
Q3304511,Q3417300,shared_education,1,universite de tunis
Q3304511,Q3417419,shared_education,1,universite de tunis
Q3304511,Q3423310,shared_education,1,universite de tunis
Q3304511,Q3461169,shared_education,1,universite de tunis
Q3304511,Q3469690,shared_education,1,universite de tunis
Q3304511,Q3486507,shared_education,1,universite de tunis
Q3304511,Q3486512,shared_education,1,universite de tunis
Q3304511,Q3486689,shared_education,1,universite de tunis
Q3304511,Q3515404,shared_education,1,universite de tunis
Q3304511,Q3571955,shared_birth_governorate,1,mahdia
Q3304511,Q431515,shared_education,1,universite de tunis
Q3304511,Q43654658,shared_education,1,universite de tunis
Q3304511,Q57699,shared_education,1,universite de tunis
Q3304511,Q60572709,shared_birth_governorate,1,mahdia
Q3304511,Q653162,shared_birth_governorate,1,mahdia
Q3304511,Q668526,shared_education,1,universite de tunis
Q3304511,Q85822499,shared_education,1,universite de tunis
Q3318297,Q3318336,shared_education,1,universite de tunis - el manar
Q3318297,Q3333020,shared_education,1,universite de tunis - el manar
Q3318297,Q3469772,shared_parties,2,congres pour la republique|الموتمر من اجل الجمهوريه
Q3318297,Q3483754,shared_parties,1,congres pour la republique
Q3318297,Q3490439,shared_education,1,universite de tunis - el manar
Q3318297,Q56309568,shared_education,1,universite de tunis - el manar
Q3318311,Q3318375,shared_birth_governorate,1,nabeul
Q3318311,Q3318509,shared_education,1,universite de tunis
Q3318311,Q3318530,shared_education,1,universite de tunis
Q3318311,Q3318731,shared_birth_governorate,1,nabeul
Q3318311,Q3318757,shared_education,1,universite de tunis
Q3318311,Q3318774,shared_birth_governorate,1,nabeul
Q3318311,Q3318781,shared_education,1,universite de tunis
Q3318311,Q3318800,shared_birth_governorate,1,nabeul
Q3318311,Q3319366,shared_education,1,universite de tunis
Q3318311,Q3320424,shared_birth_governorate,1,nabeul
Q3318311,Q3320644,shared_birth_governorate,1,nabeul
Q3318311,Q3358533,shared_education,1,universite de tunis
Q3318311,Q3417300,shared_education,1,universite de tunis
Q3318311,Q3417419,shared_education,1,universite de tunis
Q3318311,Q3423310,shared_education,1,universite de tunis
Q3318311,Q3461169,shared_education,1,universite de tunis
Q3318311,Q3469690,shared_education,1,universite de tunis
Q3318311,Q3486507,shared_education,1,universite de tunis
Q3318311,Q3486512,shared_education,1,universite de tunis
Q3318311,Q3486689,shared_education,1,universite de tunis
Q3318311,Q3515404,shared_education,1,universite de tunis
Q3318311,Q431515,shared_education,1,universite de tunis
Q3318311,Q43654658,shared_education,1,universite de tunis
Q3318311,Q496165,shared_birth_governorate,1,nabeul
Q3318311,Q54875074,shared_birth_governorate,1,nabeul
Q3318311,Q57699,shared_education,1,universite de tunis
Q3318311,Q65130650,shared_birth_governorate,1,nabeul
Q3318311,Q668526,shared_education,1,universite de tunis
Q3318311,Q85822499,shared_education,1,universite de tunis
Q3318311,Q92332624,shared_birth_governorate,1,nabeul
Q3318336,Q3318652,shared_birth_governorate,1,kasserine
Q3318336,Q3333020,shared_education,1,universite de tunis - el manar
Q3318336,Q3344889,shared_birth_governorate,1,kasserine
Q3318336,Q3490439,shared_education,1,universite de tunis - el manar
Q3318336,Q49691191,shared_birth_governorate,1,kasserine
Q3318336,Q56309568,shared_education,1,universite de tunis - el manar
Q3318336,Q7480522,shared_birth_governorate,1,kasserine
Q3318356,Q3318530,shared_parties,1,nidaa tounes
Q3318356,Q3320655,shared_birth_governorate,1,gabes
Q3318356,Q3331012,shared_parties,1,nidaa tounes
Q3318356,Q3331032,shared_education,1,universite de strasbourg
Q3318356,Q3358533,shared_birth_governorate,1,gabes
Q3318356,Q3417420,shared_birth_governorate,1,gabes
Q3318356,Q3417449,shared_parties,1,nidaa tounes
Q3318356,Q3431734,shared_parties,1,nidaa tounes
Q3318356,Q3431745,shared_birth_governorate,1,gabes
Q3318356,Q3474776,shared_parties,1,nidaa tounes
Q3318356,Q3486677,shared_parties,1,nidaa tounes
Q3318356,Q43304124,shared_parties,1,nidaa tounes
Q3318356,Q507856,shared_education,2,universite de strasbourg|جامعه ستراسبورغ
Q3318356,Q517946,shared_parties,1,nidaa tounes
Q3318356,Q54875069,shared_birth_governorate,1,gabes
Q3318356,Q55381738,shared_parties,1,nidaa tounes
Q3318356,Q60428357,shared_parties,1,nidaa tounes
Q3318356,Q92199953,shared_birth_governorate,1,gabes
Q3318356,Q980071,shared_education,2,universite de strasbourg|جامعه ستراسبورغ
Q3318375,Q3318731,shared_birth_governorate,1,nabeul
Q3318375,Q3318774,shared_birth_governorate,1,nabeul
Q3318375,Q3318800,shared_birth_governorate,1,nabeul
Q3318375,Q3320424,shared_birth_governorate,1,nabeul
Q3318375,Q3320644,shared_birth_governorate,1,nabeul
Q3318375,Q496165,shared_birth_governorate,1,nabeul
Q3318375,Q54875074,shared_birth_governorate,1,nabeul
Q3318375,Q65130650,shared_birth_governorate,1,nabeul
Q3318375,Q92332624,shared_birth_governorate,1,nabeul
Q3318419,Q3318652,shared_parties,2,ennahdha|حركه النهضه التونسيه
Q3318419,Q3318800,shared_parties,2,ennahdha|حركه النهضه التونسيه
Q3318419,Q3320435,shared_parties,2,ennahdha|حركه النهضه التونسيه
Q3318419,Q3417420,shared_parties,2,ennahdha|حركه النهضه التونسيه
Q3318419,Q3430010,shared_parties,2,ennahdha|حركه النهضه التونسيه
Q3318419,Q3431747,shared_parties,2,ennahdha|حركه النهضه التونسيه
Q3318419,Q3470837,shared_parties,2,ennahdha|حركه النهضه التونسيه
Q3318419,Q3486675,shared_parties,2,ennahdha|حركه النهضه التونسيه
Q3318419,Q55999324,shared_parties,2,ennahdha|حركه النهضه التونسيه
Q3318419,Q57699,shared_parties,2,ennahdha|حركه النهضه التونسيه
Q3318419,Q668526,shared_parties,2,ennahdha|حركه النهضه التونسيه
Q3318419,Q86734094,shared_parties,2,ennahdha|حركه النهضه التونسيه
Q3318419,Q92316785,shared_parties,1,حركه النهضه التونسيه
Q3318419,Q92332624,shared_parties,1,ennahdha
Q3318465,Q3320644,shared_education,1,universite de paris
Q3318465,Q3431743,shared_education,1,universite de paris
Q3318465,Q43654658,shared_education,1,universite de paris
Q3318465,Q54875178,shared_education,1,faculte des sciences humaines et sociales de tunis
Q3318465,Q60576591,shared_education,1,universite de paris
Q3318465,Q643348,shared_education,1,universite de paris
Q3318465,Q653162,shared_education,1,universite de paris
Q3318475,Q3320424,shared_education,1,faculte de droit et des sciences economiques de paris
Q3318475,Q3320435,shared_birth_governorate,1,sfax
Q3318475,Q3320538,shared_education,1,faculte de droit et des sciences economiques de paris
Q3318475,Q3320650,shared_education,1,faculte de droit et des sciences economiques de paris
Q3318475,Q3331012,shared_birth_governorate,1,sfax
Q3318475,Q3344886,shared_birth_governorate,1,sfax
Q3318475,Q3461169,shared_birth_governorate,1,sfax
Q3318475,Q3469690,shared_birth_governorate,1,sfax
Q3318475,Q3473691,shared_birth_governorate,1,sfax
Q3318475,Q3486512,shared_birth_governorate,1,sfax
Q3318475,Q3486677,shared_birth_governorate,1,sfax
Q3318475,Q3490439,shared_birth_governorate,1,sfax
Q3318475,Q42311056,shared_birth_governorate,1,sfax
Q3318475,Q43654658,shared_birth_governorate,1,sfax
Q3318475,Q55381738,shared_birth_governorate,1,sfax
Q3318475,Q563204,shared_education,1,faculte de droit et des sciences economiques de paris
Q3318475,Q586623,shared_education,1,faculte de droit et des sciences economiques de paris
Q3318475,Q668526,shared_birth_governorate,1,sfax
Q3318475,Q744499,shared_birth_governorate,1,sfax
Q3318475,Q92316785,shared_birth_governorate,1,sfax
Q3318475,Q92354033,shared_birth_governorate,1,sfax
Q3318475,Q99539200,shared_birth_governorate,1,sfax
Q3318509,Q3318530,shared_education,1,universite de tunis
Q3318509,Q3318622,shared_parties,1,التجمع الدستوري الديمقراطي
Q3318509,Q3318757,shared_education,1,universite de tunis
Q3318509,Q3318781,shared_education,1,universite de tunis
Q3318509,Q3319366,shared_education,1,universite de tunis
Q3318509,Q3320454,shared_parties,1,التجمع الدستوري الديمقراطي
Q3318509,Q3320538,shared_education,1,جامعه السوربون
Q3318509,Q3320544,shared_parties,1,التجمع الدستوري الديمقراطي
Q3318509,Q3328946,shared_education,1,جامعه السوربون
Q3318509,Q3334855,shared_parties,1,التجمع الدستوري الديمقراطي
Q3318509,Q3347261,shared_parties,1,التجمع الدستوري الديمقراطي
Q3318509,Q3358533,shared_education,1,universite de tunis
Q3318509,Q3417300,shared_education,1,universite de tunis
Q3318509,Q3417300,shared_parties,1,التجمع الدستوري الديمقراطي
Q3318509,Q3417419,shared_education,1,universite de tunis
Q3318509,Q3417419,shared_parties,1,التجمع الدستوري الديمقراطي
Q3318509,Q3423310,shared_education,1,universite de tunis
Q3318509,Q3431743,shared_education,1,جامعه السوربون
Q3318509,Q3431743,shared_parties,1,التجمع الدستوري الديمقراطي
Q3318509,Q3461164,shared_parties,1,التجمع الدستوري الديمقراطي
Q3318509,Q3461169,shared_education,1,universite de tunis
Q3318509,Q3461169,shared_parties,1,التجمع الدستوري الديمقراطي
Q3318509,Q3469530,shared_education,1,جامعه السوربون
Q3318509,Q3469690,shared_education,1,universite de tunis
Q3318509,Q3483754,shared_education,1,جامعه السوربون
Q3318509,Q3486507,shared_education,1,universite de tunis
Q3318509,Q3486512,shared_education,1,universite de tunis
Q3318509,Q3486513,shared_parties,1,التجمع الدستوري الديمقراطي
Q3318509,Q3486689,shared_education,1,universite de tunis
Q3318509,Q3515404,shared_education,1,universite de tunis
Q3318509,Q3515404,shared_parties,1,التجمع الدستوري الديمقراطي
Q3318509,Q38213221,shared_parties,1,التجمع الدستوري الديمقراطي
Q3318509,Q431515,shared_education,1,universite de tunis
Q3318509,Q431515,shared_parties,1,التجمع الدستوري الديمقراطي
Q3318509,Q43654658,shared_education,1,universite de tunis
Q3318509,Q496165,shared_education,1,جامعه السوربون
Q3318509,Q50285534,shared_parties,1,التجمع الدستوري الديمقراطي
Q3318509,Q54875068,shared_parties,1,التجمع الدستوري الديمقراطي
Q3318509,Q54875069,shared_parties,1,التجمع الدستوري الديمقراطي
Q3318509,Q54875086,shared_parties,1,التجمع الدستوري الديمقراطي
Q3318509,Q54875087,shared_parties,1,التجمع الدستوري الديمقراطي
Q3318509,Q54875092,shared_parties,1,التجمع الدستوري الديمقراطي
Q3318509,Q54875133,shared_parties,1,التجمع الدستوري الديمقراطي
Q3318509,Q55391329,shared_parties,1,التجمع الدستوري الديمقراطي
Q3318509,Q55392087,shared_parties,1,التجمع الدستوري الديمقراطي
Q3318509,Q55392103,shared_parties,1,التجمع الدستوري الديمقراطي
Q3318509,Q57699,shared_education,1,universite de tunis
Q3318509,Q60573369,shared_parties,1,التجمع الدستوري الديمقراطي
Q3318509,Q60573379,shared_parties,1,التجمع الدستوري الديمقراطي
Q3318509,Q60573426,shared_parties,1,التجمع الدستوري الديمقراطي
Q3318509,Q60573536,shared_parties,1,التجمع الدستوري الديمقراطي
Q3318509,Q643348,shared_education,1,جامعه السوربون
Q3318509,Q653162,shared_parties,1,التجمع الدستوري الديمقراطي
Q3318509,Q668526,shared_education,1,universite de tunis
Q3318509,Q744499,shared_education,1,جامعه السوربون
Q3318509,Q85822499,shared_education,1,universite de tunis
Q3318509,Q97961043,shared_parties,1,التجمع الدستوري الديمقراطي
Q3318530,Q3318622,shared_parties,1,parti socialiste destourien
Q3318530,Q3318757,shared_education,1,universite de tunis
Q3318530,Q3318781,shared_education,1,universite de tunis
Q3318530,Q3319366,shared_education,1,universite de tunis
Q3318530,Q3320454,shared_education,1,universite paris-i-pantheon-sorbonne
Q3318530,Q3320538,shared_parties,1,parti socialiste destourien
Q3318530,Q3320646,shared_education,1,universite paris-i-pantheon-sorbonne
Q3318530,Q3320650,shared_parties,1,parti socialiste destourien
Q3318530,Q3328946,shared_parties,1,parti socialiste destourien
Q3318530,Q3328959,shared_education,1,جامعه تونس
Q3318530,Q3331012,shared_parties,2,nidaa tounes|parti socialiste destourien
Q3318530,Q3331032,shared_parties,1,parti socialiste destourien
Q3318530,Q3344886,shared_parties,1,parti socialiste destourien
Q3318530,Q3357601,shared_parties,1,parti socialiste destourien
Q3318530,Q3358533,shared_education,2,universite de tunis|جامعه تونس
Q3318530,Q3417300,shared_education,1,universite de tunis
Q3318530,Q3417419,shared_education,2,universite de tunis|جامعه تونس
Q3318530,Q3417449,shared_parties,1,nidaa tounes
Q3318530,Q3423310,shared_education,1,universite de tunis
Q3318530,Q3431734,shared_parties,1,nidaa tounes
Q3318530,Q3461169,shared_education,2,universite de tunis|جامعه تونس
Q3318530,Q3461176,shared_parties,1,parti socialiste destourien
Q3318530,Q3469690,shared_education,1,universite de tunis
Q3318530,Q3474776,shared_parties,1,nidaa tounes
Q3318530,Q3486507,shared_education,3,universite de tunis|universite paris-sorbonne|جامعه تونس
Q3318530,Q3486512,shared_education,1,universite de tunis
Q3318530,Q3486677,shared_parties,1,nidaa tounes
Q3318530,Q3486689,shared_education,2,universite de tunis|جامعه تونس
Q3318530,Q3515404,shared_education,1,universite de tunis
Q3318530,Q3571955,shared_birth_governorate,1,mahdia
Q3318530,Q377921,shared_parties,1,parti socialiste destourien
Q3318530,Q3951110,shared_parties,1,parti socialiste destourien
Q3318530,Q431515,shared_education,1,universite de tunis
Q3318530,Q43304124,shared_parties,1,nidaa tounes
Q3318530,Q43654658,shared_education,1,universite de tunis
Q3318530,Q48757077,shared_education,1,universite paris-sorbonne
Q3318530,Q50285534,shared_parties,1,parti socialiste destourien
Q3318530,Q517946,shared_parties,1,nidaa tounes
Q3318530,Q53015850,shared_education,1,universite paris-i-pantheon-sorbonne
Q3318530,Q54875068,shared_parties,1,parti socialiste destourien
Q3318530,Q54875069,shared_parties,1,parti socialiste destourien
Q3318530,Q54875074,shared_parties,1,parti socialiste destourien
Q3318530,Q54875084,shared_parties,1,parti socialiste destourien
Q3318530,Q54875134,shared_parties,1,parti socialiste destourien
Q3318530,Q55196894,shared_parties,1,parti socialiste destourien
Q3318530,Q55381738,shared_parties,1,nidaa tounes
Q3318530,Q55392091,shared_parties,1,parti socialiste destourien
Q3318530,Q55392098,shared_parties,1,parti socialiste destourien
Q3318530,Q57699,shared_education,2,universite de tunis|جامعه تونس
Q3318530,Q60428357,shared_parties,1,nidaa tounes
Q3318530,Q60572709,shared_birth_governorate,1,mahdia
Q3318530,Q60573416,shared_parties,1,parti socialiste destourien
Q3318530,Q60573536,shared_education,1,universite paris-i-pantheon-sorbonne
Q3318530,Q60573536,shared_parties,1,parti socialiste destourien
Q3318530,Q653162,shared_birth_governorate,1,mahdia
Q3318530,Q653162,shared_parties,1,parti socialiste destourien
Q3318530,Q668526,shared_education,2,universite de tunis|جامعه تونس
Q3318530,Q800238,shared_parties,1,parti socialiste destourien
Q3318530,Q85822499,shared_education,1,universite de tunis
Q3318530,Q89844681,shared_education,1,universite paris-i-pantheon-sorbonne
Q3318530,Q98828599,shared_education,1,universite paris-i-pantheon-sorbonne
Q3318545,Q3328946,shared_birth_governorate,1,kairouan
Q3318545,Q3334747,shared_birth_governorate,1,kairouan
Q3318545,Q3357601,shared_birth_governorate,1,kairouan
Q3318545,Q3486507,shared_birth_governorate,1,kairouan
Q3318545,Q3486513,shared_birth_governorate,1,kairouan
Q3318622,Q3320454,shared_parties,1,التجمع الدستوري الديمقراطي
Q3318622,Q3320538,shared_parties,1,parti socialiste destourien
Q3318622,Q3320544,shared_parties,1,التجمع الدستوري الديمقراطي
Q3318622,Q3320650,shared_parties,1,parti socialiste destourien
Q3318622,Q3328946,shared_parties,1,parti socialiste destourien
Q3318622,Q3331012,shared_parties,1,parti socialiste destourien
Q3318622,Q3331032,shared_parties,1,parti socialiste destourien
Q3318622,Q3334855,shared_parties,1,التجمع الدستوري الديمقراطي
Q3318622,Q3344886,shared_parties,1,parti socialiste destourien
Q3318622,Q3347261,shared_parties,1,التجمع الدستوري الديمقراطي
Q3318622,Q3357601,shared_parties,1,parti socialiste destourien
Q3318622,Q3417300,shared_parties,1,التجمع الدستوري الديمقراطي
Q3318622,Q3417419,shared_parties,1,التجمع الدستوري الديمقراطي
Q3318622,Q3431743,shared_birth_governorate,1,sousse
Q3318622,Q3431743,shared_parties,1,التجمع الدستوري الديمقراطي
Q3318622,Q3461164,shared_parties,1,التجمع الدستوري الديمقراطي
Q3318622,Q3461169,shared_parties,1,التجمع الدستوري الديمقراطي
Q3318622,Q3461176,shared_parties,1,parti socialiste destourien
Q3318622,Q3486513,shared_parties,1,التجمع الدستوري الديمقراطي
Q3318622,Q3515404,shared_parties,1,التجمع الدستوري الديمقراطي
Q3318622,Q377921,shared_parties,1,parti socialiste destourien
Q3318622,Q38213221,shared_parties,1,التجمع الدستوري الديمقراطي
Q3318622,Q3951110,shared_parties,1,parti socialiste destourien
Q3318622,Q431515,shared_birth_governorate,1,sousse
Q3318622,Q431515,shared_parties,1,التجمع الدستوري الديمقراطي
Q3318622,Q495681,shared_parties,1,اعمال تونسيه في القرن 20
Q3318622,Q50099224,shared_birth_governorate,1,sousse
Q3318622,Q50285534,shared_birth_governorate,1,sousse
Q3318622,Q50285534,shared_parties,2,parti socialiste destourien|التجمع الدستوري الديمقراطي
Q3318622,Q54875068,shared_parties,2,parti socialiste destourien|التجمع الدستوري الديمقراطي
Q3318622,Q54875069,shared_parties,2,parti socialiste destourien|التجمع الدستوري الديمقراطي
Q3318622,Q54875074,shared_parties,1,parti socialiste destourien
Q3318622,Q54875084,shared_birth_governorate,1,sousse
Q3318622,Q54875084,shared_parties,1,parti socialiste destourien
Q3318622,Q54875086,shared_parties,1,التجمع الدستوري الديمقراطي
Q3318622,Q54875087,shared_parties,1,التجمع الدستوري الديمقراطي
Q3318622,Q54875092,shared_parties,1,التجمع الدستوري الديمقراطي
Q3318622,Q54875133,shared_parties,1,التجمع الدستوري الديمقراطي
Q3318622,Q54875134,shared_parties,1,parti socialiste destourien
Q3318622,Q55196894,shared_parties,1,parti socialiste destourien
Q3318622,Q55391329,shared_parties,1,التجمع الدستوري الديمقراطي
Q3318622,Q55392087,shared_parties,1,التجمع الدستوري الديمقراطي
Q3318622,Q55392091,shared_parties,1,parti socialiste destourien
Q3318622,Q55392098,shared_parties,1,parti socialiste destourien
Q3318622,Q55392103,shared_parties,1,التجمع الدستوري الديمقراطي
Q3318622,Q57699,shared_birth_governorate,1,sousse
Q3318622,Q60573369,shared_parties,1,التجمع الدستوري الديمقراطي
Q3318622,Q60573379,shared_parties,1,التجمع الدستوري الديمقراطي
Q3318622,Q60573416,shared_parties,1,parti socialiste destourien
Q3318622,Q60573426,shared_parties,1,التجمع الدستوري الديمقراطي
Q3318622,Q60573536,shared_parties,2,parti socialiste destourien|التجمع الدستوري الديمقراطي
Q3318622,Q60576591,shared_birth_governorate,1,sousse
Q3318622,Q653162,shared_parties,2,parti socialiste destourien|التجمع الدستوري الديمقراطي
Q3318622,Q744499,shared_parties,1,اعمال تونسيه في القرن 20
Q3318622,Q800238,shared_parties,1,parti socialiste destourien
Q3318622,Q88467296,shared_birth_governorate,1,sousse
Q3318622,Q97961043,shared_parties,1,التجمع الدستوري الديمقراطي
Q3318652,Q3318800,shared_parties,2,ennahdha|حركه النهضه التونسيه
Q3318652,Q3320435,shared_parties,2,ennahdha|حركه النهضه التونسيه
Q3318652,Q3344889,shared_birth_governorate,1,kasserine
Q3318652,Q3417420,shared_parties,2,ennahdha|حركه النهضه التونسيه
Q3318652,Q3430010,shared_parties,2,ennahdha|حركه النهضه التونسيه
Q3318652,Q3431747,shared_parties,2,ennahdha|حركه النهضه التونسيه
Q3318652,Q3470837,shared_parties,2,ennahdha|حركه النهضه التونسيه
Q3318652,Q3486675,shared_parties,2,ennahdha|حركه النهضه التونسيه
Q3318652,Q49691191,shared_birth_governorate,1,kasserine
Q3318652,Q55999324,shared_parties,2,ennahdha|حركه النهضه التونسيه
Q3318652,Q57699,shared_parties,2,ennahdha|حركه النهضه التونسيه
Q3318652,Q668526,shared_parties,2,ennahdha|حركه النهضه التونسيه
Q3318652,Q7480522,shared_birth_governorate,1,kasserine
Q3318652,Q86734094,shared_parties,2,ennahdha|حركه النهضه التونسيه
Q3318652,Q92316785,shared_parties,1,حركه النهضه التونسيه
Q3318652,Q92332624,shared_parties,1,ennahdha
Q3318702,Q3318797,shared_birth_governorate,1,monastir
Q3318702,Q3320650,shared_birth_governorate,1,monastir
Q3318702,Q3328959,shared_birth_governorate,1,monastir
Q3318702,Q3331032,shared_birth_governorate,1,monastir
Q3318702,Q3347261,shared_birth_governorate,1,monastir
Q3318702,Q3431735,shared_birth_governorate,1,monastir
Q3318702,Q3516539,shared_birth_governorate,1,monastir
Q3318702,Q377921,shared_birth_governorate,1,monastir
Q3318702,Q48757077,shared_birth_governorate,1,monastir
Q3318702,Q643348,shared_birth_governorate,1,monastir
Q3318702,Q98828346,shared_birth_governorate,1,monastir
Q3318731,Q3318774,shared_birth_governorate,1,nabeul
Q3318731,Q3318800,shared_birth_governorate,1,nabeul
Q3318731,Q3320424,shared_birth_governorate,1,nabeul
Q3318731,Q3320644,shared_birth_governorate,1,nabeul
Q3318731,Q3320655,shared_education,1,ecole polytechnique
Q3318731,Q3431735,shared_education,1,ecole nationale superieure des mines de paris
Q3318731,Q3474776,shared_education,1,ecole polytechnique
Q3318731,Q3516539,shared_education,1,ecole polytechnique
Q3318731,Q496165,shared_birth_governorate,1,nabeul
Q3318731,Q54875074,shared_birth_governorate,1,nabeul
Q3318731,Q65130650,shared_birth_governorate,1,nabeul
Q3318731,Q91669922,shared_education,1,ecole polytechnique
Q3318731,Q92332624,shared_birth_governorate,1,nabeul
Q3318757,Q3318781,shared_education,1,universite de tunis
Q3318757,Q3319366,shared_education,1,universite de tunis
Q3318757,Q3358533,shared_education,1,universite de tunis
Q3318757,Q3417300,shared_education,1,universite de tunis
Q3318757,Q3417419,shared_education,1,universite de tunis
Q3318757,Q3423310,shared_education,1,universite de tunis
Q3318757,Q3461169,shared_education,1,universite de tunis
Q3318757,Q3469690,shared_education,1,universite de tunis
Q3318757,Q3486507,shared_education,1,universite de tunis
Q3318757,Q3486512,shared_education,1,universite de tunis
Q3318757,Q3486689,shared_education,1,universite de tunis
Q3318757,Q3515404,shared_education,1,universite de tunis
Q3318757,Q431515,shared_education,1,universite de tunis
Q3318757,Q43654658,shared_education,1,universite de tunis
Q3318757,Q57699,shared_education,1,universite de tunis
Q3318757,Q668526,shared_education,1,universite de tunis
Q3318757,Q85822499,shared_education,1,universite de tunis
Q3318774,Q3318800,shared_birth_governorate,1,nabeul
Q3318774,Q3320424,shared_birth_governorate,1,nabeul
Q3318774,Q3320644,shared_birth_governorate,1,nabeul
Q3318774,Q3486513,shared_education,1,ecole nationale d'ingenieurs de tunis
Q3318774,Q496165,shared_birth_governorate,1,nabeul
Q3318774,Q51173119,shared_education,1,ecole nationale d'ingenieurs de tunis
Q3318774,Q54875074,shared_birth_governorate,1,nabeul
Q3318774,Q65130650,shared_birth_governorate,1,nabeul
Q3318774,Q92332624,shared_birth_governorate,1,nabeul
Q3318781,Q3319366,shared_education,1,universite de tunis
Q3318781,Q3358533,shared_education,1,universite de tunis
Q3318781,Q3417300,shared_education,1,universite de tunis
Q3318781,Q3417419,shared_education,1,universite de tunis
Q3318781,Q3423310,shared_education,1,universite de tunis
Q3318781,Q3461169,shared_education,1,universite de tunis
Q3318781,Q3469690,shared_education,1,universite de tunis
Q3318781,Q3486507,shared_education,1,universite de tunis
Q3318781,Q3486512,shared_education,1,universite de tunis
Q3318781,Q3486689,shared_education,1,universite de tunis
Q3318781,Q3515404,shared_education,1,universite de tunis
Q3318781,Q431515,shared_education,1,universite de tunis
Q3318781,Q43654658,shared_education,1,universite de tunis
Q3318781,Q57699,shared_education,1,universite de tunis
Q3318781,Q668526,shared_education,1,universite de tunis
Q3318781,Q85822499,shared_education,1,universite de tunis
Q3318797,Q3320650,shared_birth_governorate,1,monastir
Q3318797,Q3328959,shared_birth_governorate,1,monastir
Q3318797,Q3331032,shared_birth_governorate,1,monastir
Q3318797,Q3347261,shared_birth_governorate,1,monastir
Q3318797,Q3431735,shared_birth_governorate,1,monastir
Q3318797,Q3516539,shared_birth_governorate,1,monastir
Q3318797,Q377921,shared_birth_governorate,1,monastir
Q3318797,Q48757077,shared_birth_governorate,1,monastir
Q3318797,Q643348,shared_birth_governorate,1,monastir
Q3318797,Q98828346,shared_birth_governorate,1,monastir
Q3318800,Q3320424,shared_birth_governorate,1,nabeul
Q3318800,Q3320435,shared_parties,2,ennahdha|حركه النهضه التونسيه
Q3318800,Q3320644,shared_birth_governorate,1,nabeul
Q3318800,Q3417420,shared_parties,2,ennahdha|حركه النهضه التونسيه
Q3318800,Q3430010,shared_parties,2,ennahdha|حركه النهضه التونسيه
Q3318800,Q3431747,shared_parties,2,ennahdha|حركه النهضه التونسيه
Q3318800,Q3470837,shared_parties,2,ennahdha|حركه النهضه التونسيه
Q3318800,Q3486675,shared_parties,2,ennahdha|حركه النهضه التونسيه
Q3318800,Q496165,shared_birth_governorate,1,nabeul
Q3318800,Q54875074,shared_birth_governorate,1,nabeul
Q3318800,Q55999324,shared_parties,2,ennahdha|حركه النهضه التونسيه
Q3318800,Q57699,shared_parties,2,ennahdha|حركه النهضه التونسيه
Q3318800,Q65130650,shared_birth_governorate,1,nabeul
Q3318800,Q668526,shared_parties,2,ennahdha|حركه النهضه التونسيه
Q3318800,Q86734094,shared_parties,2,ennahdha|حركه النهضه التونسيه
Q3318800,Q92316785,shared_parties,1,حركه النهضه التونسيه
Q3318800,Q92332624,shared_birth_governorate,1,nabeul
Q3318800,Q92332624,shared_parties,1,ennahdha
Q3319366,Q3358533,shared_education,1,universite de tunis
Q3319366,Q3417300,shared_education,1,universite de tunis
Q3319366,Q3417419,shared_education,1,universite de tunis
Q3319366,Q3423310,shared_education,1,universite de tunis
Q3319366,Q3461169,shared_education,1,universite de tunis
Q3319366,Q3469690,shared_education,1,universite de tunis
Q3319366,Q3486507,shared_education,1,universite de tunis
Q3319366,Q3486512,shared_education,1,universite de tunis
Q3319366,Q3486689,shared_education,1,universite de tunis
Q3319366,Q3515404,shared_education,1,universite de tunis
Q3319366,Q431515,shared_education,1,universite de tunis
Q3319366,Q43654658,shared_education,1,universite de tunis
Q3319366,Q57699,shared_education,1,universite de tunis
Q3319366,Q668526,shared_education,1,universite de tunis
Q3319366,Q85822499,shared_education,1,universite de tunis
Q3320424,Q3320538,shared_education,1,faculte de droit et des sciences economiques de paris
Q3320424,Q3320644,shared_birth_governorate,1,nabeul
Q3320424,Q3320650,shared_education,1,faculte de droit et des sciences economiques de paris
Q3320424,Q3328946,shared_parties,1,neo-destour
Q3320424,Q3331012,shared_parties,1,neo-destour
Q3320424,Q3357601,shared_parties,1,neo-destour
Q3320424,Q3461164,shared_parties,1,neo-destour
Q3320424,Q3516543,shared_parties,1,neo-destour
Q3320424,Q496042,shared_parties,1,neo-destour
Q3320424,Q496165,shared_birth_governorate,1,nabeul
Q3320424,Q54875074,shared_birth_governorate,1,nabeul
Q3320424,Q54875085,shared_parties,1,neo-destour
Q3320424,Q55167831,shared_parties,1,neo-destour
Q3320424,Q563204,shared_education,1,faculte de droit et des sciences economiques de paris
Q3320424,Q563204,shared_parties,1,neo-destour
Q3320424,Q586623,shared_education,1,faculte de droit et des sciences economiques de paris
Q3320424,Q643348,shared_parties,1,neo-destour
Q3320424,Q65130650,shared_birth_governorate,1,nabeul
Q3320424,Q92332624,shared_birth_governorate,1,nabeul
Q3320435,Q3320454,shared_education,2,universite de toulouse|جامعه تولوز
Q3320435,Q3331012,shared_birth_governorate,1,sfax
Q3320435,Q3344886,shared_birth_governorate,1,sfax
Q3320435,Q3417420,shared_parties,2,ennahdha|حركه النهضه التونسيه
Q3320435,Q3430010,shared_parties,2,ennahdha|حركه النهضه التونسيه
Q3320435,Q3431747,shared_parties,2,ennahdha|حركه النهضه التونسيه
Q3320435,Q3461169,shared_birth_governorate,1,sfax
Q3320435,Q3469690,shared_birth_governorate,1,sfax
Q3320435,Q3470837,shared_parties,2,ennahdha|حركه النهضه التونسيه
Q3320435,Q3473691,shared_birth_governorate,1,sfax
Q3320435,Q3486512,shared_birth_governorate,1,sfax
Q3320435,Q3486675,shared_parties,2,ennahdha|حركه النهضه التونسيه
Q3320435,Q3486677,shared_birth_governorate,1,sfax
Q3320435,Q3490439,shared_birth_governorate,1,sfax
Q3320435,Q42311056,shared_birth_governorate,1,sfax
Q3320435,Q43654658,shared_birth_governorate,1,sfax
Q3320435,Q55381738,shared_birth_governorate,1,sfax
Q3320435,Q55999324,shared_parties,2,ennahdha|حركه النهضه التونسيه
Q3320435,Q57699,shared_parties,2,ennahdha|حركه النهضه التونسيه
Q3320435,Q668526,shared_birth_governorate,1,sfax
Q3320435,Q668526,shared_parties,2,ennahdha|حركه النهضه التونسيه
Q3320435,Q744499,shared_birth_governorate,1,sfax
Q3320435,Q86734094,shared_parties,2,ennahdha|حركه النهضه التونسيه
Q3320435,Q92316785,shared_birth_governorate,1,sfax
Q3320435,Q92316785,shared_parties,1,حركه النهضه التونسيه
Q3320435,Q92332624,shared_parties,1,ennahdha
Q3320435,Q92354033,shared_birth_governorate,1,sfax
Q3320435,Q99539200,shared_birth_governorate,1,sfax
Q3320454,Q3320544,shared_parties,1,التجمع الدستوري الديمقراطي
Q3320454,Q3320646,shared_education,1,universite paris-i-pantheon-sorbonne
Q3320454,Q3334855,shared_parties,1,التجمع الدستوري الديمقراطي
Q3320454,Q3347261,shared_parties,1,التجمع الدستوري الديمقراطي
Q3320454,Q3417300,shared_parties,1,التجمع الدستوري الديمقراطي
Q3320454,Q3417419,shared_parties,1,التجمع الدستوري الديمقراطي
Q3320454,Q3431743,shared_parties,1,التجمع الدستوري الديمقراطي
Q3320454,Q3461164,shared_parties,1,التجمع الدستوري الديمقراطي
Q3320454,Q3461169,shared_parties,1,التجمع الدستوري الديمقراطي
Q3320454,Q3483754,shared_birth_governorate,1,tozeur
Q3320454,Q3486513,shared_parties,1,التجمع الدستوري الديمقراطي
Q3320454,Q3515404,shared_parties,1,التجمع الدستوري الديمقراطي
Q3320454,Q38213221,shared_parties,1,التجمع الدستوري الديمقراطي
Q3320454,Q431515,shared_parties,1,التجمع الدستوري الديمقراطي
Q3320454,Q50285534,shared_parties,1,التجمع الدستوري الديمقراطي
Q3320454,Q517946,shared_birth_governorate,1,tozeur
Q3320454,Q53015850,shared_education,1,universite paris-i-pantheon-sorbonne
Q3320454,Q54875068,shared_parties,1,التجمع الدستوري الديمقراطي
Q3320454,Q54875069,shared_parties,1,التجمع الدستوري الديمقراطي
Q3320454,Q54875086,shared_parties,1,التجمع الدستوري الديمقراطي
Q3320454,Q54875087,shared_parties,1,التجمع الدستوري الديمقراطي
Q3320454,Q54875092,shared_parties,1,التجمع الدستوري الديمقراطي
Q3320454,Q54875133,shared_parties,1,التجمع الدستوري الديمقراطي
Q3320454,Q55391329,shared_parties,1,التجمع الدستوري الديمقراطي
Q3320454,Q55392087,shared_parties,1,التجمع الدستوري الديمقراطي
Q3320454,Q55392103,shared_parties,1,التجمع الدستوري الديمقراطي
Q3320454,Q60573369,shared_parties,1,التجمع الدستوري الديمقراطي
Q3320454,Q60573379,shared_parties,1,التجمع الدستوري الديمقراطي
Q3320454,Q60573426,shared_parties,1,التجمع الدستوري الديمقراطي
Q3320454,Q60573536,shared_education,1,universite paris-i-pantheon-sorbonne
Q3320454,Q60573536,shared_parties,1,التجمع الدستوري الديمقراطي
Q3320454,Q653162,shared_parties,1,التجمع الدستوري الديمقراطي
Q3320454,Q89844681,shared_education,1,universite paris-i-pantheon-sorbonne
Q3320454,Q97961043,shared_parties,1,التجمع الدستوري الديمقراطي
Q3320454,Q98828599,shared_education,1,universite paris-i-pantheon-sorbonne
Q3320538,Q3320650,shared_education,1,faculte de droit et des sciences economiques de paris
Q3320538,Q3320650,shared_parties,1,parti socialiste destourien
Q3320538,Q3328946,shared_education,1,جامعه السوربون
Q3320538,Q3328946,shared_parties,1,parti socialiste destourien
Q3320538,Q3331012,shared_parties,1,parti socialiste destourien
Q3320538,Q3331032,shared_parties,1,parti socialiste destourien
Q3320538,Q3344886,shared_parties,1,parti socialiste destourien
Q3320538,Q3357601,shared_parties,1,parti socialiste destourien
Q3320538,Q3431743,shared_education,1,جامعه السوربون
Q3320538,Q3461176,shared_parties,1,parti socialiste destourien
Q3320538,Q3469530,shared_education,1,جامعه السوربون
Q3320538,Q3483754,shared_education,1,جامعه السوربون
Q3320538,Q3486507,shared_education,1,جامعه السوربون من تونس
Q3320538,Q377921,shared_parties,1,parti socialiste destourien
Q3320538,Q3951110,shared_parties,1,parti socialiste destourien
Q3320538,Q496165,shared_education,1,جامعه السوربون
Q3320538,Q50285534,shared_parties,1,parti socialiste destourien
Q3320538,Q54875068,shared_parties,1,parti socialiste destourien
Q3320538,Q54875069,shared_parties,1,parti socialiste destourien
Q3320538,Q54875074,shared_parties,1,parti socialiste destourien
Q3320538,Q54875084,shared_parties,1,parti socialiste destourien
Q3320538,Q54875134,shared_parties,1,parti socialiste destourien
Q3320538,Q55196894,shared_parties,1,parti socialiste destourien
Q3320538,Q55392091,shared_parties,1,parti socialiste destourien
Q3320538,Q55392098,shared_parties,1,parti socialiste destourien
Q3320538,Q563204,shared_education,1,faculte de droit et des sciences economiques de paris
Q3320538,Q586623,shared_education,1,faculte de droit et des sciences economiques de paris
Q3320538,Q60573416,shared_parties,1,parti socialiste destourien
Q3320538,Q60573536,shared_parties,1,parti socialiste destourien
Q3320538,Q643348,shared_education,2,جامعه السوربون|جامعه السوربون من تونس
Q3320538,Q653162,shared_parties,1,parti socialiste destourien
Q3320538,Q744499,shared_education,1,جامعه السوربون
Q3320538,Q800238,shared_parties,1,parti socialiste destourien
Q3320544,Q3320644,shared_education,1,college sadiki
Q3320544,Q3320650,shared_education,2,college sadiki|المدرسه الصادقيه
Q3320544,Q3328933,shared_education,1,college sadiki
Q3320544,Q3328946,shared_education,2,college sadiki|المدرسه الصادقيه
Q3320544,Q3334855,shared_parties,1,التجمع الدستوري الديمقراطي
Q3320544,Q3344886,shared_education,1,college sadiki
Q3320544,Q3347261,shared_parties,1,التجمع الدستوري الديمقراطي
Q3320544,Q3417300,shared_parties,1,التجمع الدستوري الديمقراطي
Q3320544,Q3417419,shared_parties,1,التجمع الدستوري الديمقراطي
Q3320544,Q3431743,shared_parties,1,التجمع الدستوري الديمقراطي
Q3320544,Q3461164,shared_education,2,college sadiki|المدرسه الصادقيه
Q3320544,Q3461164,shared_parties,1,التجمع الدستوري الديمقراطي
Q3320544,Q3461169,shared_parties,1,التجمع الدستوري الديمقراطي
Q3320544,Q3470003,shared_education,1,college sadiki
Q3320544,Q3486513,shared_parties,1,التجمع الدستوري الديمقراطي
Q3320544,Q3515404,shared_parties,1,التجمع الدستوري الديمقراطي
Q3320544,Q3516540,shared_education,1,college sadiki
Q3320544,Q3516543,shared_education,1,college sadiki
Q3320544,Q3571955,shared_education,1,المدرسه المركزيه بباريس
Q3320544,Q377921,shared_education,2,college sadiki|المدرسه الصادقيه
Q3320544,Q38213221,shared_parties,1,التجمع الدستوري الديمقراطي
Q3320544,Q431515,shared_parties,1,التجمع الدستوري الديمقراطي
Q3320544,Q48757077,shared_education,1,college sadiki
Q3320544,Q495681,shared_education,2,college sadiki|المدرسه الصادقيه
Q3320544,Q496165,shared_education,2,college sadiki|المدرسه الصادقيه
Q3320544,Q50285534,shared_parties,1,التجمع الدستوري الديمقراطي
Q3320544,Q507856,shared_education,2,college sadiki|المدرسه الصادقيه
Q3320544,Q54875068,shared_parties,1,التجمع الدستوري الديمقراطي
Q3320544,Q54875069,shared_parties,1,التجمع الدستوري الديمقراطي
Q3320544,Q54875086,shared_parties,1,التجمع الدستوري الديمقراطي
Q3320544,Q54875087,shared_parties,1,التجمع الدستوري الديمقراطي
Q3320544,Q54875092,shared_education,1,المدرسه المركزيه بباريس
Q3320544,Q54875092,shared_parties,1,التجمع الدستوري الديمقراطي
Q3320544,Q54875133,shared_parties,1,التجمع الدستوري الديمقراطي
Q3320544,Q55391329,shared_parties,1,التجمع الدستوري الديمقراطي
Q3320544,Q55392087,shared_parties,1,التجمع الدستوري الديمقراطي
Q3320544,Q55392103,shared_parties,1,التجمع الدستوري الديمقراطي
Q3320544,Q586623,shared_education,1,college sadiki
Q3320544,Q60573369,shared_parties,1,التجمع الدستوري الديمقراطي
Q3320544,Q60573379,shared_parties,1,التجمع الدستوري الديمقراطي
Q3320544,Q60573426,shared_parties,1,التجمع الدستوري الديمقراطي
Q3320544,Q60573536,shared_parties,1,التجمع الدستوري الديمقراطي
Q3320544,Q643348,shared_education,2,college sadiki|المدرسه الصادقيه
Q3320544,Q653162,shared_parties,1,التجمع الدستوري الديمقراطي
Q3320544,Q800238,shared_education,1,college sadiki
Q3320544,Q90570383,shared_education,1,المدرسه المركزيه بباريس
Q3320544,Q97961043,shared_parties,1,التجمع الدستوري الديمقراطي
Q3320644,Q3320650,shared_education,1,college sadiki
Q3320644,Q3328933,shared_education,1,college sadiki
Q3320644,Q3328946,shared_education,1,college sadiki
Q3320644,Q3344886,shared_education,1,college sadiki
Q3320644,Q3431743,shared_education,1,universite de paris
Q3320644,Q3461164,shared_education,1,college sadiki
Q3320644,Q3470003,shared_education,1,college sadiki
Q3320644,Q3516540,shared_education,1,college sadiki
Q3320644,Q3516543,shared_education,1,college sadiki
Q3320644,Q377921,shared_education,1,college sadiki
Q3320644,Q43654658,shared_education,1,universite de paris
Q3320644,Q48757077,shared_education,1,college sadiki
Q3320644,Q495681,shared_education,1,college sadiki
Q3320644,Q496165,shared_birth_governorate,1,nabeul
Q3320644,Q496165,shared_education,1,college sadiki
Q3320644,Q507856,shared_education,1,college sadiki
Q3320644,Q54875074,shared_birth_governorate,1,nabeul
Q3320644,Q586623,shared_education,1,college sadiki
Q3320644,Q60576591,shared_education,1,universite de paris
Q3320644,Q643348,shared_education,2,college sadiki|universite de paris
Q3320644,Q65130650,shared_birth_governorate,1,nabeul
Q3320644,Q653162,shared_education,1,universite de paris
Q3320644,Q800238,shared_education,1,college sadiki
Q3320644,Q92332624,shared_birth_governorate,1,nabeul
Q3320646,Q53015850,shared_education,1,universite paris-i-pantheon-sorbonne
Q3320646,Q60573536,shared_education,1,universite paris-i-pantheon-sorbonne
Q3320646,Q89844681,shared_education,1,universite paris-i-pantheon-sorbonne
Q3320646,Q98828599,shared_education,1,universite paris-i-pantheon-sorbonne
Q3320650,Q3328933,shared_education,1,college sadiki
Q3320650,Q3328946,shared_education,2,college sadiki|المدرسه الصادقيه
Q3320650,Q3328946,shared_parties,1,parti socialiste destourien
Q3320650,Q3328959,shared_birth_governorate,1,monastir
Q3320650,Q3331012,shared_parties,1,parti socialiste destourien
Q3320650,Q3331032,shared_birth_governorate,1,monastir
Q3320650,Q3331032,shared_parties,1,parti socialiste destourien
Q3320650,Q3344886,shared_education,1,college sadiki
Q3320650,Q3344886,shared_parties,1,parti socialiste destourien
Q3320650,Q3347261,shared_birth_governorate,1,monastir
Q3320650,Q3357601,shared_parties,1,parti socialiste destourien
Q3320650,Q3431735,shared_birth_governorate,1,monastir
Q3320650,Q3461164,shared_education,2,college sadiki|المدرسه الصادقيه
Q3320650,Q3461176,shared_parties,1,parti socialiste destourien
Q3320650,Q3470003,shared_education,1,college sadiki
Q3320650,Q3516539,shared_birth_governorate,1,monastir
Q3320650,Q3516540,shared_education,1,college sadiki
Q3320650,Q3516543,shared_education,1,college sadiki
Q3320650,Q377921,shared_birth_governorate,1,monastir
Q3320650,Q377921,shared_education,2,college sadiki|المدرسه الصادقيه
Q3320650,Q377921,shared_parties,1,parti socialiste destourien
Q3320650,Q3951110,shared_parties,1,parti socialiste destourien
Q3320650,Q48757077,shared_birth_governorate,1,monastir
Q3320650,Q48757077,shared_education,1,college sadiki
Q3320650,Q495681,shared_education,2,college sadiki|المدرسه الصادقيه
Q3320650,Q496165,shared_education,2,college sadiki|المدرسه الصادقيه
Q3320650,Q50285534,shared_parties,1,parti socialiste destourien
Q3320650,Q507856,shared_education,2,college sadiki|المدرسه الصادقيه
Q3320650,Q54875068,shared_parties,1,parti socialiste destourien
Q3320650,Q54875069,shared_parties,1,parti socialiste destourien
Q3320650,Q54875074,shared_parties,1,parti socialiste destourien
Q3320650,Q54875084,shared_parties,1,parti socialiste destourien
Q3320650,Q54875134,shared_parties,1,parti socialiste destourien
Q3320650,Q55196894,shared_parties,1,parti socialiste destourien
Q3320650,Q55392091,shared_parties,1,parti socialiste destourien
Q3320650,Q55392098,shared_parties,1,parti socialiste destourien
Q3320650,Q563204,shared_education,1,faculte de droit et des sciences economiques de paris
Q3320650,Q586623,shared_education,2,college sadiki|faculte de droit et des sciences economiques de paris
Q3320650,Q60573416,shared_parties,1,parti socialiste destourien
Q3320650,Q60573536,shared_parties,1,parti socialiste destourien
Q3320650,Q643348,shared_birth_governorate,1,monastir
Q3320650,Q643348,shared_education,2,college sadiki|المدرسه الصادقيه
Q3320650,Q653162,shared_parties,1,parti socialiste destourien
Q3320650,Q800238,shared_education,1,college sadiki
Q3320650,Q800238,shared_parties,1,parti socialiste destourien
Q3320650,Q98828346,shared_birth_governorate,1,monastir
Q3320655,Q3358533,shared_birth_governorate,1,gabes
Q3320655,Q3417420,shared_birth_governorate,1,gabes
Q3320655,Q3431745,shared_birth_governorate,1,gabes
Q3320655,Q3474776,shared_education,2,ecole polytechnique|المدرسه متعدده التقانات بفرنسا
Q3320655,Q3516539,shared_education,2,ecole polytechnique|المدرسه متعدده التقانات بفرنسا
Q3320655,Q54875069,shared_birth_governorate,1,gabes
Q3320655,Q91669922,shared_education,2,ecole polytechnique|المدرسه متعدده التقانات بفرنسا
Q3320655,Q92199953,shared_birth_governorate,1,gabes
Q3326203,Q3344889,shared_education,1,universite zitouna
Q3326203,Q473394,shared_education,1,universite zitouna
Q3328917,Q3417300,shared_birth_governorate,1,bizerte
Q3328917,Q3431747,shared_birth_governorate,1,bizerte
Q3328917,Q60573013,shared_birth_governorate,1,bizerte
Q3328933,Q3328946,shared_education,1,college sadiki
Q3328933,Q3344886,shared_education,1,college sadiki
Q3328933,Q3461164,shared_education,1,college sadiki
Q3328933,Q3470003,shared_education,1,college sadiki
Q3328933,Q3516540,shared_education,1,college sadiki
Q3328933,Q3516543,shared_education,1,college sadiki
Q3328933,Q377921,shared_education,1,college sadiki
Q3328933,Q48757077,shared_education,1,college sadiki
Q3328933,Q495681,shared_education,1,college sadiki
Q3328933,Q496165,shared_education,1,college sadiki
Q3328933,Q507856,shared_education,1,college sadiki
Q3328933,Q586623,shared_education,1,college sadiki
Q3328933,Q643348,shared_education,1,college sadiki
Q3328933,Q800238,shared_education,1,college sadiki
Q3328946,Q3331012,shared_parties,2,neo-destour|parti socialiste destourien
Q3328946,Q3331032,shared_parties,1,parti socialiste destourien
Q3328946,Q3334747,shared_birth_governorate,1,kairouan
Q3328946,Q3344886,shared_education,1,college sadiki
Q3328946,Q3344886,shared_parties,1,parti socialiste destourien
Q3328946,Q3357601,shared_birth_governorate,1,kairouan
Q3328946,Q3357601,shared_parties,2,neo-destour|parti socialiste destourien
Q3328946,Q3431743,shared_education,1,جامعه السوربون
Q3328946,Q3461164,shared_education,2,college sadiki|المدرسه الصادقيه
Q3328946,Q3461164,shared_parties,1,neo-destour
Q3328946,Q3461176,shared_parties,1,parti socialiste destourien
Q3328946,Q3469530,shared_education,1,جامعه السوربون
Q3328946,Q3470003,shared_education,1,college sadiki
Q3328946,Q3483754,shared_education,1,جامعه السوربون
Q3328946,Q3486507,shared_birth_governorate,1,kairouan
Q3328946,Q3486513,shared_birth_governorate,1,kairouan
Q3328946,Q3516540,shared_education,1,college sadiki
Q3328946,Q3516543,shared_education,1,college sadiki
Q3328946,Q3516543,shared_parties,1,neo-destour
Q3328946,Q377921,shared_education,2,college sadiki|المدرسه الصادقيه
Q3328946,Q377921,shared_parties,1,parti socialiste destourien
Q3328946,Q3951110,shared_parties,1,parti socialiste destourien
Q3328946,Q48757077,shared_education,1,college sadiki
Q3328946,Q495681,shared_education,2,college sadiki|المدرسه الصادقيه
Q3328946,Q496042,shared_parties,1,neo-destour
Q3328946,Q496165,shared_education,3,college sadiki|المدرسه الصادقيه|جامعه السوربون
Q3328946,Q50285534,shared_parties,1,parti socialiste destourien
Q3328946,Q507856,shared_education,2,college sadiki|المدرسه الصادقيه
Q3328946,Q54875068,shared_parties,1,parti socialiste destourien
Q3328946,Q54875069,shared_parties,1,parti socialiste destourien
Q3328946,Q54875074,shared_parties,1,parti socialiste destourien
Q3328946,Q54875084,shared_parties,1,parti socialiste destourien
Q3328946,Q54875085,shared_parties,1,neo-destour
Q3328946,Q54875134,shared_parties,1,parti socialiste destourien
Q3328946,Q55167831,shared_parties,1,neo-destour
Q3328946,Q55196894,shared_parties,1,parti socialiste destourien
Q3328946,Q55392091,shared_parties,1,parti socialiste destourien
Q3328946,Q55392098,shared_parties,1,parti socialiste destourien
Q3328946,Q563204,shared_parties,1,neo-destour
Q3328946,Q586623,shared_education,1,college sadiki
Q3328946,Q60573416,shared_parties,1,parti socialiste destourien
Q3328946,Q60573536,shared_parties,1,parti socialiste destourien
Q3328946,Q643348,shared_education,3,college sadiki|المدرسه الصادقيه|جامعه السوربون
Q3328946,Q643348,shared_parties,1,neo-destour
Q3328946,Q653162,shared_parties,1,parti socialiste destourien
Q3328946,Q744499,shared_education,1,جامعه السوربون
Q3328946,Q800238,shared_education,1,college sadiki
Q3328946,Q800238,shared_parties,1,parti socialiste destourien
Q3328959,Q3331032,shared_birth_governorate,1,monastir
Q3328959,Q3347261,shared_birth_governorate,1,monastir
Q3328959,Q3358533,shared_education,1,جامعه تونس
Q3328959,Q3417419,shared_education,1,جامعه تونس
Q3328959,Q3431735,shared_birth_governorate,1,monastir
Q3328959,Q3461169,shared_education,1,جامعه تونس
Q3328959,Q3486507,shared_education,1,جامعه تونس
Q3328959,Q3486689,shared_education,1,جامعه تونس
Q3328959,Q3516539,shared_birth_governorate,1,monastir
Q3328959,Q377921,shared_birth_governorate,1,monastir
Q3328959,Q48757077,shared_birth_governorate,1,monastir
Q3328959,Q57699,shared_education,1,جامعه تونس
Q3328959,Q643348,shared_birth_governorate,1,monastir
Q3328959,Q668526,shared_education,1,جامعه تونس
Q3328959,Q98828346,shared_birth_governorate,1,monastir
Q3331012,Q3331032,shared_parties,1,parti socialiste destourien
Q3331012,Q3344886,shared_birth_governorate,1,sfax
Q3331012,Q3344886,shared_parties,1,parti socialiste destourien
Q3331012,Q3357601,shared_parties,2,neo-destour|parti socialiste destourien
Q3331012,Q3417449,shared_parties,1,nidaa tounes
Q3331012,Q3431734,shared_parties,1,nidaa tounes
Q3331012,Q3461164,shared_parties,1,neo-destour
Q3331012,Q3461169,shared_birth_governorate,1,sfax
Q3331012,Q3461176,shared_parties,1,parti socialiste destourien
Q3331012,Q3469690,shared_birth_governorate,1,sfax
Q3331012,Q3473691,shared_birth_governorate,1,sfax
Q3331012,Q3474776,shared_parties,1,nidaa tounes
Q3331012,Q3486512,shared_birth_governorate,1,sfax
Q3331012,Q3486677,shared_birth_governorate,1,sfax
Q3331012,Q3486677,shared_parties,1,nidaa tounes
Q3331012,Q3490439,shared_birth_governorate,1,sfax
Q3331012,Q3516543,shared_parties,1,neo-destour
Q3331012,Q377921,shared_parties,1,parti socialiste destourien
Q3331012,Q3951110,shared_parties,1,parti socialiste destourien
Q3331012,Q42311056,shared_birth_governorate,1,sfax
Q3331012,Q43304124,shared_parties,1,nidaa tounes
Q3331012,Q43654658,shared_birth_governorate,1,sfax
Q3331012,Q496042,shared_parties,1,neo-destour
Q3331012,Q50285534,shared_parties,1,parti socialiste destourien
Q3331012,Q517946,shared_parties,1,nidaa tounes
Q3331012,Q54875068,shared_parties,1,parti socialiste destourien
Q3331012,Q54875069,shared_parties,1,parti socialiste destourien
Q3331012,Q54875074,shared_parties,1,parti socialiste destourien
Q3331012,Q54875084,shared_parties,1,parti socialiste destourien
Q3331012,Q54875085,shared_parties,1,neo-destour
Q3331012,Q54875134,shared_parties,1,parti socialiste destourien
Q3331012,Q55167831,shared_parties,1,neo-destour
Q3331012,Q55196894,shared_parties,1,parti socialiste destourien
Q3331012,Q55381738,shared_birth_governorate,1,sfax
Q3331012,Q55381738,shared_parties,1,nidaa tounes
Q3331012,Q55392091,shared_parties,1,parti socialiste destourien
Q3331012,Q55392098,shared_parties,1,parti socialiste destourien
Q3331012,Q563204,shared_parties,1,neo-destour
Q3331012,Q60428357,shared_parties,1,nidaa tounes
Q3331012,Q60573416,shared_parties,1,parti socialiste destourien
Q3331012,Q60573536,shared_parties,1,parti socialiste destourien
Q3331012,Q643348,shared_parties,1,neo-destour
Q3331012,Q653162,shared_parties,1,parti socialiste destourien
Q3331012,Q668526,shared_birth_governorate,1,sfax
Q3331012,Q744499,shared_birth_governorate,1,sfax
Q3331012,Q800238,shared_parties,1,parti socialiste destourien
Q3331012,Q92316785,shared_birth_governorate,1,sfax
Q3331012,Q92354033,shared_birth_governorate,1,sfax
Q3331012,Q99539200,shared_birth_governorate,1,sfax
Q3331032,Q3344886,shared_parties,1,parti socialiste destourien
Q3331032,Q3347261,shared_birth_governorate,1,monastir
Q3331032,Q3357601,shared_parties,1,parti socialiste destourien
Q3331032,Q3431735,shared_birth_governorate,1,monastir
Q3331032,Q3461176,shared_parties,1,parti socialiste destourien
Q3331032,Q3516539,shared_birth_governorate,1,monastir
Q3331032,Q377921,shared_birth_governorate,1,monastir
Q3331032,Q377921,shared_parties,1,parti socialiste destourien
Q3331032,Q3951110,shared_parties,1,parti socialiste destourien
Q3331032,Q4845531,shared_education,1,faculte de medecine de paris
Q3331032,Q48757077,shared_birth_governorate,1,monastir
Q3331032,Q50285534,shared_parties,1,parti socialiste destourien
Q3331032,Q507856,shared_education,1,universite de strasbourg
Q3331032,Q54875068,shared_parties,1,parti socialiste destourien
Q3331032,Q54875069,shared_parties,1,parti socialiste destourien
Q3331032,Q54875074,shared_parties,1,parti socialiste destourien
Q3331032,Q54875084,shared_parties,1,parti socialiste destourien
Q3331032,Q54875134,shared_parties,1,parti socialiste destourien
Q3331032,Q55196894,shared_parties,1,parti socialiste destourien
Q3331032,Q55392091,shared_parties,1,parti socialiste destourien
Q3331032,Q55392098,shared_parties,1,parti socialiste destourien
Q3331032,Q60573416,shared_parties,1,parti socialiste destourien
Q3331032,Q60573536,shared_parties,1,parti socialiste destourien
Q3331032,Q643348,shared_birth_governorate,1,monastir
Q3331032,Q653162,shared_parties,1,parti socialiste destourien
Q3331032,Q800238,shared_parties,1,parti socialiste destourien
Q3331032,Q980071,shared_education,1,universite de strasbourg
Q3331032,Q98828346,shared_birth_governorate,1,monastir
Q3333020,Q3470003,shared_parties,1,ettakatol
Q3333020,Q3490439,shared_education,1,universite de tunis - el manar
Q3333020,Q56309568,shared_education,1,universite de tunis - el manar
Q3334747,Q3357601,shared_birth_governorate,1,kairouan
Q3334747,Q3486507,shared_birth_governorate,1,kairouan
Q3334747,Q3486513,shared_birth_governorate,1,kairouan
Q3334855,Q3347261,shared_parties,1,التجمع الدستوري الديمقراطي
Q3334855,Q3417300,shared_parties,1,التجمع الدستوري الديمقراطي
Q3334855,Q3417419,shared_parties,1,التجمع الدستوري الديمقراطي
Q3334855,Q3431743,shared_parties,1,التجمع الدستوري الديمقراطي
Q3334855,Q3461164,shared_parties,1,التجمع الدستوري الديمقراطي
Q3334855,Q3461169,shared_parties,1,التجمع الدستوري الديمقراطي
Q3334855,Q3486513,shared_parties,1,التجمع الدستوري الديمقراطي
Q3334855,Q3515404,shared_parties,1,التجمع الدستوري الديمقراطي
Q3334855,Q38213221,shared_parties,1,التجمع الدستوري الديمقراطي
Q3334855,Q431515,shared_parties,1,التجمع الدستوري الديمقراطي
Q3334855,Q50285534,shared_parties,1,التجمع الدستوري الديمقراطي
Q3334855,Q54875068,shared_parties,1,التجمع الدستوري الديمقراطي
Q3334855,Q54875069,shared_parties,1,التجمع الدستوري الديمقراطي
Q3334855,Q54875086,shared_parties,1,التجمع الدستوري الديمقراطي
Q3334855,Q54875087,shared_parties,1,التجمع الدستوري الديمقراطي
Q3334855,Q54875092,shared_parties,1,التجمع الدستوري الديمقراطي
Q3334855,Q54875133,shared_parties,1,التجمع الدستوري الديمقراطي
Q3334855,Q55391329,shared_parties,1,التجمع الدستوري الديمقراطي
Q3334855,Q55392087,shared_parties,1,التجمع الدستوري الديمقراطي
Q3334855,Q55392103,shared_parties,1,التجمع الدستوري الديمقراطي
Q3334855,Q60573369,shared_parties,1,التجمع الدستوري الديمقراطي
Q3334855,Q60573379,shared_parties,1,التجمع الدستوري الديمقراطي
Q3334855,Q60573426,shared_parties,1,التجمع الدستوري الديمقراطي
Q3334855,Q60573536,shared_parties,1,التجمع الدستوري الديمقراطي
Q3334855,Q653162,shared_parties,1,التجمع الدستوري الديمقراطي
Q3334855,Q97961043,shared_parties,1,التجمع الدستوري الديمقراطي
Q3344886,Q3357601,shared_parties,1,parti socialiste destourien
Q3344886,Q3461164,shared_education,1,college sadiki
Q3344886,Q3461169,shared_birth_governorate,1,sfax
Q3344886,Q3461176,shared_parties,1,parti socialiste destourien
Q3344886,Q3469690,shared_birth_governorate,1,sfax
Q3344886,Q3470003,shared_education,1,college sadiki
Q3344886,Q3473691,shared_birth_governorate,1,sfax
Q3344886,Q3486512,shared_birth_governorate,1,sfax
Q3344886,Q3486677,shared_birth_governorate,1,sfax
Q3344886,Q3490439,shared_birth_governorate,1,sfax
Q3344886,Q3516540,shared_education,1,college sadiki
Q3344886,Q3516543,shared_education,1,college sadiki
Q3344886,Q377921,shared_education,1,college sadiki
Q3344886,Q377921,shared_parties,1,parti socialiste destourien
Q3344886,Q3951110,shared_parties,1,parti socialiste destourien
Q3344886,Q42311056,shared_birth_governorate,1,sfax
Q3344886,Q43654658,shared_birth_governorate,1,sfax
Q3344886,Q48757077,shared_education,1,college sadiki
Q3344886,Q495681,shared_education,1,college sadiki
Q3344886,Q496165,shared_education,1,college sadiki
Q3344886,Q50285534,shared_parties,1,parti socialiste destourien
Q3344886,Q507856,shared_education,1,college sadiki
Q3344886,Q54875068,shared_parties,1,parti socialiste destourien
Q3344886,Q54875069,shared_parties,1,parti socialiste destourien
Q3344886,Q54875074,shared_parties,1,parti socialiste destourien
Q3344886,Q54875084,shared_parties,1,parti socialiste destourien
Q3344886,Q54875134,shared_parties,1,parti socialiste destourien
Q3344886,Q55196894,shared_parties,1,parti socialiste destourien
Q3344886,Q55381738,shared_birth_governorate,1,sfax
Q3344886,Q55392091,shared_parties,1,parti socialiste destourien
Q3344886,Q55392098,shared_parties,1,parti socialiste destourien
Q3344886,Q586623,shared_education,1,college sadiki
Q3344886,Q60573416,shared_parties,1,parti socialiste destourien
Q3344886,Q60573536,shared_parties,1,parti socialiste destourien
Q3344886,Q643348,shared_education,1,college sadiki
Q3344886,Q653162,shared_parties,1,parti socialiste destourien
Q3344886,Q668526,shared_birth_governorate,1,sfax
Q3344886,Q744499,shared_birth_governorate,1,sfax
Q3344886,Q800238,shared_education,1,college sadiki
Q3344886,Q800238,shared_parties,1,parti socialiste destourien
Q3344886,Q92316785,shared_birth_governorate,1,sfax
Q3344886,Q92354033,shared_birth_governorate,1,sfax
Q3344886,Q99539200,shared_birth_governorate,1,sfax
Q3344889,Q3469530,shared_education,1,جامعه الزيتونه
Q3344889,Q473394,shared_education,1,universite zitouna
Q3344889,Q49691191,shared_birth_governorate,1,kasserine
Q3344889,Q7480522,shared_birth_governorate,1,kasserine
Q3347261,Q3417300,shared_parties,1,التجمع الدستوري الديمقراطي
Q3347261,Q3417419,shared_parties,1,التجمع الدستوري الديمقراطي
Q3347261,Q3431735,shared_birth_governorate,1,monastir
Q3347261,Q3431743,shared_parties,1,التجمع الدستوري الديمقراطي
Q3347261,Q3461164,shared_parties,1,التجمع الدستوري الديمقراطي
Q3347261,Q3461169,shared_parties,1,التجمع الدستوري الديمقراطي
Q3347261,Q3486513,shared_parties,1,التجمع الدستوري الديمقراطي
Q3347261,Q3515404,shared_parties,1,التجمع الدستوري الديمقراطي
Q3347261,Q3516539,shared_birth_governorate,1,monastir
Q3347261,Q377921,shared_birth_governorate,1,monastir
Q3347261,Q38213221,shared_parties,1,التجمع الدستوري الديمقراطي
Q3347261,Q431515,shared_parties,1,التجمع الدستوري الديمقراطي
Q3347261,Q48757077,shared_birth_governorate,1,monastir
Q3347261,Q50285534,shared_parties,1,التجمع الدستوري الديمقراطي
Q3347261,Q54875068,shared_parties,1,التجمع الدستوري الديمقراطي
Q3347261,Q54875069,shared_parties,1,التجمع الدستوري الديمقراطي
Q3347261,Q54875086,shared_parties,1,التجمع الدستوري الديمقراطي
Q3347261,Q54875087,shared_parties,1,التجمع الدستوري الديمقراطي
Q3347261,Q54875092,shared_parties,1,التجمع الدستوري الديمقراطي
Q3347261,Q54875133,shared_parties,1,التجمع الدستوري الديمقراطي
Q3347261,Q55391329,shared_parties,1,التجمع الدستوري الديمقراطي
Q3347261,Q55392087,shared_parties,1,التجمع الدستوري الديمقراطي
Q3347261,Q55392103,shared_parties,1,التجمع الدستوري الديمقراطي
Q3347261,Q60573369,shared_parties,1,التجمع الدستوري الديمقراطي
Q3347261,Q60573379,shared_parties,1,التجمع الدستوري الديمقراطي
Q3347261,Q60573426,shared_parties,1,التجمع الدستوري الديمقراطي
Q3347261,Q60573536,shared_parties,1,التجمع الدستوري الديمقراطي
Q3347261,Q643348,shared_birth_governorate,1,monastir
Q3347261,Q653162,shared_parties,1,التجمع الدستوري الديمقراطي
Q3347261,Q97961043,shared_parties,1,التجمع الدستوري الديمقراطي
Q3347261,Q98828346,shared_birth_governorate,1,monastir
Q3357601,Q3461164,shared_parties,1,neo-destour
Q3357601,Q3461176,shared_parties,1,parti socialiste destourien
Q3357601,Q3486507,shared_birth_governorate,1,kairouan
Q3357601,Q3486513,shared_birth_governorate,1,kairouan
Q3357601,Q3486677,shared_education,1,ecole normale superieure de tunis
Q3357601,Q3516543,shared_parties,1,neo-destour
Q3357601,Q377921,shared_parties,1,parti socialiste destourien
Q3357601,Q3951110,shared_parties,1,parti socialiste destourien
Q3357601,Q496042,shared_parties,1,neo-destour
Q3357601,Q50285534,shared_parties,1,parti socialiste destourien
Q3357601,Q54875068,shared_parties,1,parti socialiste destourien
Q3357601,Q54875069,shared_parties,1,parti socialiste destourien
Q3357601,Q54875074,shared_parties,1,parti socialiste destourien
Q3357601,Q54875084,shared_parties,1,parti socialiste destourien
Q3357601,Q54875085,shared_parties,1,neo-destour
Q3357601,Q54875134,shared_parties,1,parti socialiste destourien
Q3357601,Q55167831,shared_parties,1,neo-destour
Q3357601,Q55196894,shared_parties,1,parti socialiste destourien
Q3357601,Q55392091,shared_parties,1,parti socialiste destourien
Q3357601,Q55392098,shared_parties,1,parti socialiste destourien
Q3357601,Q563204,shared_parties,1,neo-destour
Q3357601,Q60573416,shared_parties,1,parti socialiste destourien
Q3357601,Q60573536,shared_parties,1,parti socialiste destourien
Q3357601,Q60576591,shared_education,1,ecole normale superieure de tunis
Q3357601,Q643348,shared_parties,1,neo-destour
Q3357601,Q653162,shared_parties,1,parti socialiste destourien
Q3357601,Q800238,shared_parties,1,parti socialiste destourien
Q3358533,Q3417300,shared_education,1,universite de tunis
Q3358533,Q3417419,shared_education,2,universite de tunis|جامعه تونس
Q3358533,Q3417420,shared_birth_governorate,1,gabes
Q3358533,Q3423310,shared_education,1,universite de tunis
Q3358533,Q3431745,shared_birth_governorate,1,gabes
Q3358533,Q3461169,shared_education,2,universite de tunis|جامعه تونس
Q3358533,Q3469690,shared_education,1,universite de tunis
Q3358533,Q3486507,shared_education,2,universite de tunis|جامعه تونس
Q3358533,Q3486512,shared_education,1,universite de tunis
Q3358533,Q3486689,shared_education,2,universite de tunis|جامعه تونس
Q3358533,Q3515404,shared_education,1,universite de tunis
Q3358533,Q431515,shared_education,1,universite de tunis
Q3358533,Q43654658,shared_education,1,universite de tunis
Q3358533,Q54875069,shared_birth_governorate,1,gabes
Q3358533,Q57699,shared_education,2,universite de tunis|جامعه تونس
Q3358533,Q668526,shared_education,2,universite de tunis|جامعه تونس
Q3358533,Q85822499,shared_education,1,universite de tunis
Q3358533,Q92199953,shared_birth_governorate,1,gabes
Q3417300,Q3417419,shared_education,1,universite de tunis
Q3417300,Q3417419,shared_parties,1,التجمع الدستوري الديمقراطي
Q3417300,Q3423310,shared_education,1,universite de tunis
Q3417300,Q3431743,shared_parties,1,التجمع الدستوري الديمقراطي
Q3417300,Q3431747,shared_birth_governorate,1,bizerte
Q3417300,Q3461164,shared_parties,1,التجمع الدستوري الديمقراطي
Q3417300,Q3461169,shared_education,1,universite de tunis
Q3417300,Q3461169,shared_parties,1,التجمع الدستوري الديمقراطي
Q3417300,Q3469690,shared_education,1,universite de tunis
Q3417300,Q3486507,shared_education,1,universite de tunis
Q3417300,Q3486512,shared_education,1,universite de tunis
Q3417300,Q3486513,shared_parties,1,التجمع الدستوري الديمقراطي
Q3417300,Q3486689,shared_education,1,universite de tunis
Q3417300,Q3515404,shared_education,1,universite de tunis
Q3417300,Q3515404,shared_parties,1,التجمع الدستوري الديمقراطي
Q3417300,Q38213221,shared_parties,1,التجمع الدستوري الديمقراطي
Q3417300,Q431515,shared_education,1,universite de tunis
Q3417300,Q431515,shared_parties,1,التجمع الدستوري الديمقراطي
Q3417300,Q43654658,shared_education,1,universite de tunis
Q3417300,Q50285534,shared_parties,1,التجمع الدستوري الديمقراطي
Q3417300,Q54875068,shared_parties,1,التجمع الدستوري الديمقراطي
Q3417300,Q54875069,shared_parties,1,التجمع الدستوري الديمقراطي
Q3417300,Q54875086,shared_parties,1,التجمع الدستوري الديمقراطي
Q3417300,Q54875087,shared_parties,1,التجمع الدستوري الديمقراطي
Q3417300,Q54875092,shared_parties,1,التجمع الدستوري الديمقراطي
Q3417300,Q54875133,shared_parties,1,التجمع الدستوري الديمقراطي
Q3417300,Q55391329,shared_parties,1,التجمع الدستوري الديمقراطي
Q3417300,Q55392087,shared_parties,1,التجمع الدستوري الديمقراطي
Q3417300,Q55392103,shared_parties,1,التجمع الدستوري الديمقراطي
Q3417300,Q57699,shared_education,1,universite de tunis
Q3417300,Q60573013,shared_birth_governorate,1,bizerte
Q3417300,Q60573369,shared_parties,1,التجمع الدستوري الديمقراطي
Q3417300,Q60573379,shared_parties,1,التجمع الدستوري الديمقراطي
Q3417300,Q60573426,shared_parties,1,التجمع الدستوري الديمقراطي
Q3417300,Q60573536,shared_parties,1,التجمع الدستوري الديمقراطي
Q3417300,Q653162,shared_parties,1,التجمع الدستوري الديمقراطي
Q3417300,Q668526,shared_education,1,universite de tunis
Q3417300,Q85822499,shared_education,1,universite de tunis
Q3417300,Q97961043,shared_parties,1,التجمع الدستوري الديمقراطي
Q3417419,Q3423310,shared_education,1,universite de tunis
Q3417419,Q3431743,shared_parties,1,التجمع الدستوري الديمقراطي
Q3417419,Q3461164,shared_parties,1,التجمع الدستوري الديمقراطي
Q3417419,Q3461169,shared_education,2,universite de tunis|جامعه تونس
Q3417419,Q3461169,shared_parties,1,التجمع الدستوري الديمقراطي
Q3417419,Q3469690,shared_education,1,universite de tunis
Q3417419,Q3486507,shared_education,2,universite de tunis|جامعه تونس
Q3417419,Q3486512,shared_education,1,universite de tunis
Q3417419,Q3486513,shared_parties,1,التجمع الدستوري الديمقراطي
Q3417419,Q3486689,shared_education,2,universite de tunis|جامعه تونس
Q3417419,Q3515404,shared_education,1,universite de tunis
Q3417419,Q3515404,shared_parties,1,التجمع الدستوري الديمقراطي
Q3417419,Q38213221,shared_parties,1,التجمع الدستوري الديمقراطي
Q3417419,Q431515,shared_education,1,universite de tunis
Q3417419,Q431515,shared_parties,1,التجمع الدستوري الديمقراطي
Q3417419,Q43654658,shared_education,1,universite de tunis
Q3417419,Q50285534,shared_parties,1,التجمع الدستوري الديمقراطي
Q3417419,Q54875068,shared_parties,1,التجمع الدستوري الديمقراطي
Q3417419,Q54875069,shared_parties,1,التجمع الدستوري الديمقراطي
Q3417419,Q54875086,shared_parties,1,التجمع الدستوري الديمقراطي
Q3417419,Q54875087,shared_parties,1,التجمع الدستوري الديمقراطي
Q3417419,Q54875092,shared_parties,1,التجمع الدستوري الديمقراطي
Q3417419,Q54875133,shared_parties,1,التجمع الدستوري الديمقراطي
Q3417419,Q55391329,shared_parties,1,التجمع الدستوري الديمقراطي
Q3417419,Q55392087,shared_parties,1,التجمع الدستوري الديمقراطي
Q3417419,Q55392103,shared_parties,1,التجمع الدستوري الديمقراطي
Q3417419,Q57699,shared_education,2,universite de tunis|جامعه تونس
Q3417419,Q60573369,shared_parties,1,التجمع الدستوري الديمقراطي
Q3417419,Q60573379,shared_parties,1,التجمع الدستوري الديمقراطي
Q3417419,Q60573426,shared_parties,1,التجمع الدستوري الديمقراطي
Q3417419,Q60573536,shared_parties,1,التجمع الدستوري الديمقراطي
Q3417419,Q62601798,shared_birth_governorate,1,beja
Q3417419,Q653162,shared_parties,1,التجمع الدستوري الديمقراطي
Q3417419,Q668526,shared_education,2,universite de tunis|جامعه تونس
Q3417419,Q85822499,shared_education,1,universite de tunis
Q3417419,Q97961043,shared_parties,1,التجمع الدستوري الديمقراطي
Q3417420,Q3430010,shared_parties,2,ennahdha|حركه النهضه التونسيه
Q3417420,Q3431745,shared_birth_governorate,1,gabes
Q3417420,Q3431747,shared_parties,2,ennahdha|حركه النهضه التونسيه
Q3417420,Q3470837,shared_parties,2,ennahdha|حركه النهضه التونسيه
Q3417420,Q3486675,shared_parties,2,ennahdha|حركه النهضه التونسيه
Q3417420,Q54875069,shared_birth_governorate,1,gabes
Q3417420,Q55999324,shared_parties,2,ennahdha|حركه النهضه التونسيه
Q3417420,Q57699,shared_parties,2,ennahdha|حركه النهضه التونسيه
Q3417420,Q668526,shared_parties,2,ennahdha|حركه النهضه التونسيه
Q3417420,Q86734094,shared_parties,2,ennahdha|حركه النهضه التونسيه
Q3417420,Q92199953,shared_birth_governorate,1,gabes
Q3417420,Q92316785,shared_parties,1,حركه النهضه التونسيه
Q3417420,Q92332624,shared_education,1,universite mohammed-v
Q3417420,Q92332624,shared_parties,1,ennahdha
Q3417449,Q3431734,shared_parties,1,nidaa tounes
Q3417449,Q3474776,shared_parties,1,nidaa tounes
Q3417449,Q3486677,shared_parties,1,nidaa tounes
Q3417449,Q43304124,shared_parties,1,nidaa tounes
Q3417449,Q517946,shared_parties,1,nidaa tounes
Q3417449,Q55381738,shared_parties,1,nidaa tounes
Q3417449,Q60428357,shared_parties,1,nidaa tounes
Q3423310,Q3461169,shared_education,1,universite de tunis
Q3423310,Q3469690,shared_education,1,universite de tunis
Q3423310,Q3470859,shared_education,1,universite claude-bernard-lyon-i
Q3423310,Q3486507,shared_education,1,universite de tunis
Q3423310,Q3486512,shared_education,1,universite de tunis
Q3423310,Q3486689,shared_education,1,universite de tunis
Q3423310,Q3515404,shared_education,1,universite de tunis
Q3423310,Q431515,shared_education,1,universite de tunis
Q3423310,Q43654658,shared_education,1,universite de tunis
Q3423310,Q57699,shared_education,1,universite de tunis
Q3423310,Q668526,shared_education,1,universite de tunis
Q3423310,Q85822499,shared_education,1,universite de tunis
Q3423310,Q98828570,shared_birth_governorate,1,ben arous
Q3423310,Q98828591,shared_birth_governorate,1,ben arous
Q3423310,Q99542892,shared_birth_governorate,1,ben arous
Q3430010,Q3431747,shared_parties,2,ennahdha|حركه النهضه التونسيه
Q3430010,Q3461164,shared_birth_governorate,1,medenine
Q3430010,Q3469772,shared_birth_governorate,1,medenine
Q3430010,Q3470837,shared_parties,2,ennahdha|حركه النهضه التونسيه
Q3430010,Q3470859,shared_birth_governorate,1,medenine
Q3430010,Q3486675,shared_parties,2,ennahdha|حركه النهضه التونسيه
Q3430010,Q496042,shared_birth_governorate,1,medenine
Q3430010,Q54875067,shared_birth_governorate,1,medenine
Q3430010,Q55999324,shared_parties,2,ennahdha|حركه النهضه التونسيه
Q3430010,Q57699,shared_parties,2,ennahdha|حركه النهضه التونسيه
Q3430010,Q61598250,shared_birth_governorate,1,medenine
Q3430010,Q668526,shared_parties,2,ennahdha|حركه النهضه التونسيه
Q3430010,Q86734094,shared_parties,2,ennahdha|حركه النهضه التونسيه
Q3430010,Q92316785,shared_parties,1,حركه النهضه التونسيه
Q3430010,Q92332624,shared_parties,1,ennahdha
Q3431734,Q3474776,shared_parties,1,nidaa tounes
Q3431734,Q3486677,shared_parties,1,nidaa tounes
Q3431734,Q43304124,shared_parties,1,nidaa tounes
Q3431734,Q517946,shared_parties,1,nidaa tounes
Q3431734,Q55381738,shared_parties,1,nidaa tounes
Q3431734,Q60428357,shared_parties,1,nidaa tounes
Q3431735,Q3516539,shared_birth_governorate,1,monastir
Q3431735,Q377921,shared_birth_governorate,1,monastir
Q3431735,Q48757077,shared_birth_governorate,1,monastir
Q3431735,Q643348,shared_birth_governorate,1,monastir
Q3431735,Q98828346,shared_birth_governorate,1,monastir
Q3431740,Q3470845,shared_birth_governorate,1,gafsa
Q3431740,Q3951110,shared_birth_governorate,1,gafsa
Q3431740,Q51460814,shared_birth_governorate,1,gafsa
Q3431743,Q3461164,shared_parties,1,التجمع الدستوري الديمقراطي
Q3431743,Q3461169,shared_parties,1,التجمع الدستوري الديمقراطي
Q3431743,Q3469530,shared_education,1,جامعه السوربون
Q3431743,Q3483754,shared_education,1,جامعه السوربون
Q3431743,Q3486513,shared_parties,1,التجمع الدستوري الديمقراطي
Q3431743,Q3515404,shared_parties,1,التجمع الدستوري الديمقراطي
Q3431743,Q3571955,shared_education,1,ecole centrale paris
Q3431743,Q38213221,shared_parties,1,التجمع الدستوري الديمقراطي
Q3431743,Q431515,shared_birth_governorate,1,sousse
Q3431743,Q431515,shared_parties,1,التجمع الدستوري الديمقراطي
Q3431743,Q43654658,shared_education,1,universite de paris
Q3431743,Q496165,shared_education,1,جامعه السوربون
Q3431743,Q50099224,shared_birth_governorate,1,sousse
Q3431743,Q50285534,shared_birth_governorate,1,sousse
Q3431743,Q50285534,shared_parties,1,التجمع الدستوري الديمقراطي
Q3431743,Q54875068,shared_parties,1,التجمع الدستوري الديمقراطي
Q3431743,Q54875069,shared_parties,1,التجمع الدستوري الديمقراطي
Q3431743,Q54875084,shared_birth_governorate,1,sousse
Q3431743,Q54875086,shared_parties,1,التجمع الدستوري الديمقراطي
Q3431743,Q54875087,shared_parties,1,التجمع الدستوري الديمقراطي
Q3431743,Q54875092,shared_parties,1,التجمع الدستوري الديمقراطي
Q3431743,Q54875133,shared_parties,1,التجمع الدستوري الديمقراطي
Q3431743,Q55391329,shared_parties,1,التجمع الدستوري الديمقراطي
Q3431743,Q55392087,shared_parties,1,التجمع الدستوري الديمقراطي
Q3431743,Q55392103,shared_parties,1,التجمع الدستوري الديمقراطي
Q3431743,Q57699,shared_birth_governorate,1,sousse
Q3431743,Q60573369,shared_parties,1,التجمع الدستوري الديمقراطي
Q3431743,Q60573379,shared_parties,1,التجمع الدستوري الديمقراطي
Q3431743,Q60573413,shared_education,1,ecole nationale d'administration
Q3431743,Q60573426,shared_parties,1,التجمع الدستوري الديمقراطي
Q3431743,Q60573536,shared_parties,1,التجمع الدستوري الديمقراطي
Q3431743,Q60576591,shared_birth_governorate,1,sousse
Q3431743,Q60576591,shared_education,1,universite de paris
Q3431743,Q61598250,shared_education,1,ecole nationale d'administration
Q3431743,Q643348,shared_education,3,universite de paris|جامعه السوربون|معهد الدراسات السياسيه بباريس
Q3431743,Q65130650,shared_education,1,ecole nationale d'administration
Q3431743,Q653162,shared_education,1,universite de paris
Q3431743,Q653162,shared_parties,1,التجمع الدستوري الديمقراطي
Q3431743,Q744499,shared_education,3,ecole nationale d'administration|institut d'etudes politiques de paris|جامعه السوربون
Q3431743,Q88467296,shared_birth_governorate,1,sousse
Q3431743,Q88485687,shared_education,1,ecole nationale d'administration
Q3431743,Q89996191,shared_education,1,ecole nationale d'administration
Q3431743,Q91626084,shared_education,1,ecole nationale d'administration
Q3431743,Q97961043,shared_parties,1,التجمع الدستوري الديمقراطي
Q3431745,Q54875069,shared_birth_governorate,1,gabes
Q3431745,Q92199953,shared_birth_governorate,1,gabes
Q3431747,Q3470837,shared_parties,2,ennahdha|حركه النهضه التونسيه
Q3431747,Q3486675,shared_parties,2,ennahdha|حركه النهضه التونسيه
Q3431747,Q55999324,shared_parties,2,ennahdha|حركه النهضه التونسيه
Q3431747,Q57699,shared_parties,2,ennahdha|حركه النهضه التونسيه
Q3431747,Q60573013,shared_birth_governorate,1,bizerte
Q3431747,Q668526,shared_parties,2,ennahdha|حركه النهضه التونسيه
Q3431747,Q86734094,shared_parties,2,ennahdha|حركه النهضه التونسيه
Q3431747,Q92316785,shared_parties,1,حركه النهضه التونسيه
Q3431747,Q92332624,shared_parties,1,ennahdha
Q3461164,Q3461169,shared_parties,1,التجمع الدستوري الديمقراطي
Q3461164,Q3469772,shared_birth_governorate,1,medenine
Q3461164,Q3470003,shared_education,1,college sadiki
Q3461164,Q3470859,shared_birth_governorate,1,medenine
Q3461164,Q3486513,shared_parties,1,التجمع الدستوري الديمقراطي
Q3461164,Q3515404,shared_parties,1,التجمع الدستوري الديمقراطي
Q3461164,Q3516540,shared_education,1,college sadiki
Q3461164,Q3516543,shared_education,1,college sadiki
Q3461164,Q3516543,shared_parties,1,neo-destour
Q3461164,Q377921,shared_education,2,college sadiki|المدرسه الصادقيه
Q3461164,Q38213221,shared_parties,1,التجمع الدستوري الديمقراطي
Q3461164,Q431515,shared_parties,1,التجمع الدستوري الديمقراطي
Q3461164,Q48757077,shared_education,1,college sadiki
Q3461164,Q495681,shared_education,2,college sadiki|المدرسه الصادقيه
Q3461164,Q496042,shared_birth_governorate,1,medenine
Q3461164,Q496042,shared_parties,1,neo-destour
Q3461164,Q496165,shared_education,2,college sadiki|المدرسه الصادقيه
Q3461164,Q50285534,shared_parties,1,التجمع الدستوري الديمقراطي
Q3461164,Q507856,shared_education,2,college sadiki|المدرسه الصادقيه
Q3461164,Q54875067,shared_birth_governorate,1,medenine
Q3461164,Q54875068,shared_parties,1,التجمع الدستوري الديمقراطي
Q3461164,Q54875069,shared_parties,1,التجمع الدستوري الديمقراطي
Q3461164,Q54875085,shared_parties,1,neo-destour
Q3461164,Q54875086,shared_parties,1,التجمع الدستوري الديمقراطي
Q3461164,Q54875087,shared_parties,1,التجمع الدستوري الديمقراطي
Q3461164,Q54875092,shared_parties,1,التجمع الدستوري الديمقراطي
Q3461164,Q54875133,shared_parties,1,التجمع الدستوري الديمقراطي
Q3461164,Q55167831,shared_parties,1,neo-destour
Q3461164,Q55391329,shared_parties,1,التجمع الدستوري الديمقراطي
Q3461164,Q55392087,shared_parties,1,التجمع الدستوري الديمقراطي
Q3461164,Q55392103,shared_parties,1,التجمع الدستوري الديمقراطي
Q3461164,Q563204,shared_parties,1,neo-destour
Q3461164,Q586623,shared_education,1,college sadiki
Q3461164,Q60573369,shared_parties,1,التجمع الدستوري الديمقراطي
Q3461164,Q60573379,shared_parties,1,التجمع الدستوري الديمقراطي
Q3461164,Q60573426,shared_parties,1,التجمع الدستوري الديمقراطي
Q3461164,Q60573536,shared_parties,1,التجمع الدستوري الديمقراطي
Q3461164,Q61598250,shared_birth_governorate,1,medenine
Q3461164,Q643348,shared_education,2,college sadiki|المدرسه الصادقيه
Q3461164,Q643348,shared_parties,1,neo-destour
Q3461164,Q653162,shared_parties,1,التجمع الدستوري الديمقراطي
Q3461164,Q800238,shared_education,1,college sadiki
Q3461164,Q97961043,shared_parties,1,التجمع الدستوري الديمقراطي
Q3461169,Q3469690,shared_birth_governorate,1,sfax
Q3461169,Q3469690,shared_education,1,universite de tunis
Q3461169,Q3473691,shared_birth_governorate,1,sfax
Q3461169,Q3486507,shared_education,2,universite de tunis|جامعه تونس
Q3461169,Q3486512,shared_birth_governorate,1,sfax
Q3461169,Q3486512,shared_education,1,universite de tunis
Q3461169,Q3486513,shared_parties,1,التجمع الدستوري الديمقراطي
Q3461169,Q3486677,shared_birth_governorate,1,sfax
Q3461169,Q3486689,shared_education,2,universite de tunis|جامعه تونس
Q3461169,Q3490439,shared_birth_governorate,1,sfax
Q3461169,Q3515404,shared_education,1,universite de tunis
Q3461169,Q3515404,shared_parties,1,التجمع الدستوري الديمقراطي
Q3461169,Q38213221,shared_parties,1,التجمع الدستوري الديمقراطي
Q3461169,Q42311056,shared_birth_governorate,1,sfax
Q3461169,Q431515,shared_education,1,universite de tunis
Q3461169,Q431515,shared_parties,1,التجمع الدستوري الديمقراطي
Q3461169,Q43654658,shared_birth_governorate,1,sfax
Q3461169,Q43654658,shared_education,1,universite de tunis
Q3461169,Q50285534,shared_parties,1,التجمع الدستوري الديمقراطي
Q3461169,Q54875068,shared_parties,1,التجمع الدستوري الديمقراطي
Q3461169,Q54875069,shared_parties,1,التجمع الدستوري الديمقراطي
Q3461169,Q54875086,shared_parties,1,التجمع الدستوري الديمقراطي
Q3461169,Q54875087,shared_parties,1,التجمع الدستوري الديمقراطي
Q3461169,Q54875092,shared_parties,1,التجمع الدستوري الديمقراطي
Q3461169,Q54875133,shared_parties,1,التجمع الدستوري الديمقراطي
Q3461169,Q55381738,shared_birth_governorate,1,sfax
Q3461169,Q55391329,shared_parties,1,التجمع الدستوري الديمقراطي
Q3461169,Q55392087,shared_parties,1,التجمع الدستوري الديمقراطي
Q3461169,Q55392103,shared_parties,1,التجمع الدستوري الديمقراطي
Q3461169,Q57699,shared_education,2,universite de tunis|جامعه تونس
Q3461169,Q60573369,shared_parties,1,التجمع الدستوري الديمقراطي
Q3461169,Q60573379,shared_parties,1,التجمع الدستوري الديمقراطي
Q3461169,Q60573426,shared_parties,1,التجمع الدستوري الديمقراطي
Q3461169,Q60573536,shared_parties,1,التجمع الدستوري الديمقراطي
Q3461169,Q653162,shared_parties,1,التجمع الدستوري الديمقراطي
Q3461169,Q668526,shared_birth_governorate,1,sfax
Q3461169,Q668526,shared_education,2,universite de tunis|جامعه تونس
Q3461169,Q744499,shared_birth_governorate,1,sfax
Q3461169,Q85822499,shared_education,1,universite de tunis
Q3461169,Q92316785,shared_birth_governorate,1,sfax
Q3461169,Q92354033,shared_birth_governorate,1,sfax
Q3461169,Q97961043,shared_parties,1,التجمع الدستوري الديمقراطي
Q3461169,Q99539200,shared_birth_governorate,1,sfax
Q3461176,Q377921,shared_parties,1,parti socialiste destourien
Q3461176,Q3951110,shared_parties,1,parti socialiste destourien
Q3461176,Q50285534,shared_parties,1,parti socialiste destourien
Q3461176,Q54875068,shared_parties,1,parti socialiste destourien
Q3461176,Q54875069,shared_parties,1,parti socialiste destourien
Q3461176,Q54875074,shared_parties,1,parti socialiste destourien
Q3461176,Q54875084,shared_parties,1,parti socialiste destourien
Q3461176,Q54875134,shared_parties,1,parti socialiste destourien
Q3461176,Q55196894,shared_parties,1,parti socialiste destourien
Q3461176,Q55392091,shared_parties,1,parti socialiste destourien
Q3461176,Q55392098,shared_parties,1,parti socialiste destourien
Q3461176,Q60573416,shared_parties,1,parti socialiste destourien
Q3461176,Q60573536,shared_parties,1,parti socialiste destourien
Q3461176,Q653162,shared_parties,1,parti socialiste destourien
Q3461176,Q800238,shared_parties,1,parti socialiste destourien
Q3469530,Q3483754,shared_education,1,جامعه السوربون
Q3469530,Q496165,shared_education,1,جامعه السوربون
Q3469530,Q53025434,shared_birth_governorate,1,manouba
Q3469530,Q643348,shared_education,1,جامعه السوربون
Q3469530,Q744499,shared_education,1,جامعه السوربون
Q3469690,Q3473691,shared_birth_governorate,1,sfax
Q3469690,Q3486507,shared_education,1,universite de tunis
Q3469690,Q3486512,shared_birth_governorate,1,sfax
Q3469690,Q3486512,shared_education,1,universite de tunis
Q3469690,Q3486677,shared_birth_governorate,1,sfax
Q3469690,Q3486689,shared_education,1,universite de tunis
Q3469690,Q3490439,shared_birth_governorate,1,sfax
Q3469690,Q3515404,shared_education,1,universite de tunis
Q3469690,Q42311056,shared_birth_governorate,1,sfax
Q3469690,Q431515,shared_education,1,universite de tunis
Q3469690,Q43654658,shared_birth_governorate,1,sfax
Q3469690,Q43654658,shared_education,1,universite de tunis
Q3469690,Q55381738,shared_birth_governorate,1,sfax
Q3469690,Q57699,shared_education,1,universite de tunis
Q3469690,Q668526,shared_birth_governorate,1,sfax
Q3469690,Q668526,shared_education,1,universite de tunis
Q3469690,Q744499,shared_birth_governorate,1,sfax
Q3469690,Q85822499,shared_education,1,universite de tunis
Q3469690,Q92316785,shared_birth_governorate,1,sfax
Q3469690,Q92354033,shared_birth_governorate,1,sfax
Q3469690,Q99539200,shared_birth_governorate,1,sfax
Q3469772,Q3470837,shared_education,1,جامعه سوسه
Q3469772,Q3470859,shared_birth_governorate,1,medenine
Q3469772,Q3473691,shared_education,1,universite paris-descartes
Q3469772,Q3483754,shared_parties,1,congres pour la republique
Q3469772,Q496042,shared_birth_governorate,1,medenine
Q3469772,Q54875067,shared_birth_governorate,1,medenine
Q3469772,Q61598250,shared_birth_governorate,1,medenine
Q3469772,Q98828355,shared_education,1,جامعه سوسه
Q3470003,Q3470847,shared_parties,1,voie democratique et sociale
Q3470003,Q3516540,shared_education,1,college sadiki
Q3470003,Q3516543,shared_education,1,college sadiki
Q3470003,Q377921,shared_education,1,college sadiki
Q3470003,Q48757077,shared_education,1,college sadiki
Q3470003,Q495681,shared_education,1,college sadiki
Q3470003,Q496165,shared_education,1,college sadiki
Q3470003,Q507856,shared_education,1,college sadiki
Q3470003,Q586623,shared_education,1,college sadiki
Q3470003,Q643348,shared_education,1,college sadiki
Q3470003,Q800238,shared_education,1,college sadiki
Q3470003,Q86329266,shared_education,1,faculte de medecine de tunis
Q3470837,Q3486675,shared_parties,2,ennahdha|حركه النهضه التونسيه
Q3470837,Q55999324,shared_parties,2,ennahdha|حركه النهضه التونسيه
Q3470837,Q57699,shared_parties,2,ennahdha|حركه النهضه التونسيه
Q3470837,Q668526,shared_parties,2,ennahdha|حركه النهضه التونسيه
Q3470837,Q86734094,shared_parties,2,ennahdha|حركه النهضه التونسيه
Q3470837,Q92316785,shared_parties,1,حركه النهضه التونسيه
Q3470837,Q92332624,shared_parties,1,ennahdha
Q3470837,Q98828355,shared_education,1,جامعه سوسه
Q3470845,Q3951110,shared_birth_governorate,1,gafsa
Q3470845,Q51460814,shared_birth_governorate,1,gafsa
Q3470847,Q43304124,shared_parties,1,tahya tounes
Q3470847,Q62601798,shared_parties,1,tahya tounes
Q3470859,Q3571955,shared_parties,1,afek tounes
Q3470859,Q496042,shared_birth_governorate,1,medenine
Q3470859,Q49691191,shared_parties,1,afek tounes
Q3470859,Q54875067,shared_birth_governorate,1,medenine
Q3470859,Q54875067,shared_parties,1,afek tounes
Q3470859,Q61598250,shared_birth_governorate,1,medenine
Q3470859,Q98828362,shared_parties,1,afek tounes
Q3473691,Q3486512,shared_birth_governorate,1,sfax
Q3473691,Q3486677,shared_birth_governorate,1,sfax
Q3473691,Q3490439,shared_birth_governorate,1,sfax
Q3473691,Q42311056,shared_birth_governorate,1,sfax
Q3473691,Q43654658,shared_birth_governorate,1,sfax
Q3473691,Q55381738,shared_birth_governorate,1,sfax
Q3473691,Q668526,shared_birth_governorate,1,sfax
Q3473691,Q744499,shared_birth_governorate,1,sfax
Q3473691,Q92316785,shared_birth_governorate,1,sfax
Q3473691,Q92354033,shared_birth_governorate,1,sfax
Q3473691,Q99539200,shared_birth_governorate,1,sfax
Q3474776,Q3486677,shared_parties,1,nidaa tounes
Q3474776,Q3516539,shared_education,2,ecole polytechnique|المدرسه متعدده التقانات بفرنسا
Q3474776,Q3571955,shared_parties,1,al joumhouri
Q3474776,Q43304124,shared_parties,1,nidaa tounes
Q3474776,Q517946,shared_parties,1,nidaa tounes
Q3474776,Q55381738,shared_parties,1,nidaa tounes
Q3474776,Q60428357,shared_parties,2,al joumhouri|nidaa tounes
Q3474776,Q91669922,shared_education,2,ecole polytechnique|المدرسه متعدده التقانات بفرنسا
Q3483754,Q496165,shared_education,1,جامعه السوربون
Q3483754,Q517946,shared_birth_governorate,1,tozeur
Q3483754,Q643348,shared_education,1,جامعه السوربون
Q3483754,Q744499,shared_education,1,جامعه السوربون
Q3486507,Q3486512,shared_education,1,universite de tunis
Q3486507,Q3486513,shared_birth_governorate,1,kairouan
Q3486507,Q3486689,shared_education,2,universite de tunis|جامعه تونس
Q3486507,Q3515404,shared_education,1,universite de tunis
Q3486507,Q431515,shared_education,1,universite de tunis
Q3486507,Q43654658,shared_education,1,universite de tunis
Q3486507,Q48757077,shared_education,1,universite paris-sorbonne
Q3486507,Q57699,shared_education,2,universite de tunis|جامعه تونس
Q3486507,Q643348,shared_education,1,جامعه السوربون من تونس
Q3486507,Q668526,shared_education,2,universite de tunis|جامعه تونس
Q3486507,Q85822499,shared_education,1,universite de tunis
Q3486507,Q98828537,shared_education,1,universite paris-dauphine
Q3486512,Q3486677,shared_birth_governorate,1,sfax
Q3486512,Q3486689,shared_education,1,universite de tunis
Q3486512,Q3490439,shared_birth_governorate,1,sfax
Q3486512,Q3515404,shared_education,1,universite de tunis
Q3486512,Q42311056,shared_birth_governorate,1,sfax
Q3486512,Q431515,shared_education,1,universite de tunis
Q3486512,Q43654658,shared_birth_governorate,1,sfax
Q3486512,Q43654658,shared_education,1,universite de tunis
Q3486512,Q55381738,shared_birth_governorate,1,sfax
Q3486512,Q57699,shared_education,1,universite de tunis
Q3486512,Q668526,shared_birth_governorate,1,sfax
Q3486512,Q668526,shared_education,1,universite de tunis
Q3486512,Q744499,shared_birth_governorate,1,sfax
Q3486512,Q85822499,shared_education,1,universite de tunis
Q3486512,Q92316785,shared_birth_governorate,1,sfax
Q3486512,Q92354033,shared_birth_governorate,1,sfax
Q3486512,Q99539200,shared_birth_governorate,1,sfax
Q3486513,Q3515404,shared_parties,1,التجمع الدستوري الديمقراطي
Q3486513,Q38213221,shared_parties,1,التجمع الدستوري الديمقراطي
Q3486513,Q431515,shared_parties,1,التجمع الدستوري الديمقراطي
Q3486513,Q50285534,shared_parties,1,التجمع الدستوري الديمقراطي
Q3486513,Q51173119,shared_education,1,ecole nationale d'ingenieurs de tunis
Q3486513,Q54875068,shared_parties,1,التجمع الدستوري الديمقراطي
Q3486513,Q54875069,shared_parties,1,التجمع الدستوري الديمقراطي
Q3486513,Q54875086,shared_parties,1,التجمع الدستوري الديمقراطي
Q3486513,Q54875087,shared_parties,1,التجمع الدستوري الديمقراطي
Q3486513,Q54875092,shared_parties,1,التجمع الدستوري الديمقراطي
Q3486513,Q54875133,shared_parties,1,التجمع الدستوري الديمقراطي
Q3486513,Q55391329,shared_parties,1,التجمع الدستوري الديمقراطي
Q3486513,Q55392087,shared_parties,1,التجمع الدستوري الديمقراطي
Q3486513,Q55392103,shared_parties,1,التجمع الدستوري الديمقراطي
Q3486513,Q60573369,shared_parties,1,التجمع الدستوري الديمقراطي
Q3486513,Q60573379,shared_parties,1,التجمع الدستوري الديمقراطي
Q3486513,Q60573426,shared_parties,1,التجمع الدستوري الديمقراطي
Q3486513,Q60573536,shared_parties,1,التجمع الدستوري الديمقراطي
Q3486513,Q653162,shared_parties,1,التجمع الدستوري الديمقراطي
Q3486513,Q97961043,shared_parties,1,التجمع الدستوري الديمقراطي
Q3486675,Q55999324,shared_parties,2,ennahdha|حركه النهضه التونسيه
Q3486675,Q57699,shared_parties,2,ennahdha|حركه النهضه التونسيه
Q3486675,Q60428357,shared_education,1,universite toulouse-capitole
Q3486675,Q668526,shared_parties,2,ennahdha|حركه النهضه التونسيه
Q3486675,Q86734094,shared_parties,2,ennahdha|حركه النهضه التونسيه
Q3486675,Q92316785,shared_parties,1,حركه النهضه التونسيه
Q3486675,Q92332624,shared_parties,1,ennahdha
Q3486677,Q3490439,shared_birth_governorate,1,sfax
Q3486677,Q42311056,shared_birth_governorate,1,sfax
Q3486677,Q43304124,shared_parties,1,nidaa tounes
Q3486677,Q43654658,shared_birth_governorate,1,sfax
Q3486677,Q517946,shared_parties,1,nidaa tounes
Q3486677,Q55381738,shared_birth_governorate,1,sfax
Q3486677,Q55381738,shared_parties,1,nidaa tounes
Q3486677,Q60428357,shared_parties,1,nidaa tounes
Q3486677,Q60576591,shared_education,1,ecole normale superieure de tunis
Q3486677,Q668526,shared_birth_governorate,1,sfax
Q3486677,Q744499,shared_birth_governorate,1,sfax
Q3486677,Q92316785,shared_birth_governorate,1,sfax
Q3486677,Q92354033,shared_birth_governorate,1,sfax
Q3486677,Q99539200,shared_birth_governorate,1,sfax
Q3486689,Q3515404,shared_education,1,universite de tunis
Q3486689,Q3951110,shared_education,1,جامعه غرونوبل
Q3486689,Q431515,shared_education,1,universite de tunis
Q3486689,Q43654658,shared_education,1,universite de tunis
Q3486689,Q57699,shared_education,2,universite de tunis|جامعه تونس
Q3486689,Q668526,shared_education,2,universite de tunis|جامعه تونس
Q3486689,Q85822499,shared_education,1,universite de tunis
Q3490439,Q42311056,shared_birth_governorate,1,sfax
Q3490439,Q43654658,shared_birth_governorate,1,sfax
Q3490439,Q55381738,shared_birth_governorate,1,sfax
Q3490439,Q56309568,shared_education,1,universite de tunis - el manar
Q3490439,Q668526,shared_birth_governorate,1,sfax
Q3490439,Q744499,shared_birth_governorate,1,sfax
Q3490439,Q88485687,shared_education,1,faculte de droit et des sciences politiques de tunis
Q3490439,Q92316785,shared_birth_governorate,1,sfax
Q3490439,Q92354033,shared_birth_governorate,1,sfax
Q3490439,Q99539200,shared_birth_governorate,1,sfax
Q3515404,Q38213221,shared_parties,1,التجمع الدستوري الديمقراطي
Q3515404,Q431515,shared_education,1,universite de tunis
Q3515404,Q431515,shared_parties,1,التجمع الدستوري الديمقراطي
Q3515404,Q43654658,shared_education,1,universite de tunis
Q3515404,Q50285534,shared_parties,1,التجمع الدستوري الديمقراطي
Q3515404,Q54875068,shared_parties,1,التجمع الدستوري الديمقراطي
Q3515404,Q54875069,shared_parties,1,التجمع الدستوري الديمقراطي
Q3515404,Q54875086,shared_parties,1,التجمع الدستوري الديمقراطي
Q3515404,Q54875087,shared_parties,1,التجمع الدستوري الديمقراطي
Q3515404,Q54875092,shared_parties,1,التجمع الدستوري الديمقراطي
Q3515404,Q54875133,shared_parties,1,التجمع الدستوري الديمقراطي
Q3515404,Q55391329,shared_parties,1,التجمع الدستوري الديمقراطي
Q3515404,Q55392087,shared_parties,1,التجمع الدستوري الديمقراطي
Q3515404,Q55392103,shared_parties,1,التجمع الدستوري الديمقراطي
Q3515404,Q57699,shared_education,1,universite de tunis
Q3515404,Q60573369,shared_parties,1,التجمع الدستوري الديمقراطي
Q3515404,Q60573379,shared_parties,1,التجمع الدستوري الديمقراطي
Q3515404,Q60573426,shared_parties,1,التجمع الدستوري الديمقراطي
Q3515404,Q60573536,shared_parties,1,التجمع الدستوري الديمقراطي
Q3515404,Q653162,shared_parties,1,التجمع الدستوري الديمقراطي
Q3515404,Q668526,shared_education,1,universite de tunis
Q3515404,Q85822499,shared_education,1,universite de tunis
Q3515404,Q97961043,shared_parties,1,التجمع الدستوري الديمقراطي
Q3516539,Q377921,shared_birth_governorate,1,monastir
Q3516539,Q48757077,shared_birth_governorate,1,monastir
Q3516539,Q643348,shared_birth_governorate,1,monastir
Q3516539,Q91669922,shared_education,2,ecole polytechnique|المدرسه متعدده التقانات بفرنسا
Q3516539,Q98828346,shared_birth_governorate,1,monastir
Q3516540,Q3516543,shared_education,1,college sadiki
Q3516540,Q377921,shared_education,1,college sadiki
Q3516540,Q48757077,shared_education,1,college sadiki
Q3516540,Q495681,shared_education,1,college sadiki
Q3516540,Q496165,shared_education,1,college sadiki
Q3516540,Q507856,shared_education,1,college sadiki
Q3516540,Q586623,shared_education,1,college sadiki
Q3516540,Q643348,shared_education,1,college sadiki
Q3516540,Q800238,shared_education,1,college sadiki
Q3516543,Q377921,shared_education,1,college sadiki
Q3516543,Q48757077,shared_education,1,college sadiki
Q3516543,Q495681,shared_education,1,college sadiki
Q3516543,Q496042,shared_parties,1,neo-destour
Q3516543,Q496165,shared_education,1,college sadiki
Q3516543,Q507856,shared_education,1,college sadiki
Q3516543,Q54875085,shared_parties,1,neo-destour
Q3516543,Q55167831,shared_parties,1,neo-destour
Q3516543,Q563204,shared_parties,1,neo-destour
Q3516543,Q586623,shared_education,1,college sadiki
Q3516543,Q643348,shared_education,1,college sadiki
Q3516543,Q643348,shared_parties,1,neo-destour
Q3516543,Q800238,shared_education,1,college sadiki
Q3571955,Q49691191,shared_parties,1,afek tounes
Q3571955,Q54875067,shared_parties,1,afek tounes
Q3571955,Q54875092,shared_education,1,المدرسه المركزيه بباريس
Q3571955,Q60428357,shared_parties,1,al joumhouri
Q3571955,Q60572709,shared_birth_governorate,1,mahdia
Q3571955,Q653162,shared_birth_governorate,1,mahdia
Q3571955,Q90570383,shared_education,1,المدرسه المركزيه بباريس
Q3571955,Q98828362,shared_parties,1,afek tounes
Q377921,Q3951110,shared_parties,1,parti socialiste destourien
Q377921,Q48757077,shared_birth_governorate,1,monastir
Q377921,Q48757077,shared_education,1,college sadiki
Q377921,Q495681,shared_education,2,college sadiki|المدرسه الصادقيه
Q377921,Q496165,shared_education,2,college sadiki|المدرسه الصادقيه
Q377921,Q50285534,shared_parties,1,parti socialiste destourien
Q377921,Q507856,shared_education,2,college sadiki|المدرسه الصادقيه
Q377921,Q54875068,shared_parties,1,parti socialiste destourien
Q377921,Q54875069,shared_parties,1,parti socialiste destourien
Q377921,Q54875074,shared_parties,1,parti socialiste destourien
Q377921,Q54875084,shared_parties,1,parti socialiste destourien
Q377921,Q54875134,shared_parties,1,parti socialiste destourien
Q377921,Q55196894,shared_parties,1,parti socialiste destourien
Q377921,Q55392091,shared_parties,1,parti socialiste destourien
Q377921,Q55392098,shared_parties,1,parti socialiste destourien
Q377921,Q586623,shared_education,1,college sadiki
Q377921,Q60573416,shared_parties,1,parti socialiste destourien
Q377921,Q60573536,shared_parties,1,parti socialiste destourien
Q377921,Q643348,shared_birth_governorate,1,monastir
Q377921,Q643348,shared_education,2,college sadiki|المدرسه الصادقيه
Q377921,Q653162,shared_parties,1,parti socialiste destourien
Q377921,Q800238,shared_education,1,college sadiki
Q377921,Q800238,shared_parties,1,parti socialiste destourien
Q377921,Q98828346,shared_birth_governorate,1,monastir
Q38213221,Q431515,shared_parties,1,التجمع الدستوري الديمقراطي
Q38213221,Q50285534,shared_parties,1,التجمع الدستوري الديمقراطي
Q38213221,Q54875068,shared_parties,1,التجمع الدستوري الديمقراطي
Q38213221,Q54875069,shared_parties,1,التجمع الدستوري الديمقراطي
Q38213221,Q54875086,shared_parties,1,التجمع الدستوري الديمقراطي
Q38213221,Q54875087,shared_parties,1,التجمع الدستوري الديمقراطي
Q38213221,Q54875092,shared_parties,1,التجمع الدستوري الديمقراطي
Q38213221,Q54875133,shared_parties,1,التجمع الدستوري الديمقراطي
Q38213221,Q55391329,shared_parties,1,التجمع الدستوري الديمقراطي
Q38213221,Q55392087,shared_parties,1,التجمع الدستوري الديمقراطي
Q38213221,Q55392103,shared_parties,1,التجمع الدستوري الديمقراطي
Q38213221,Q60573369,shared_parties,1,التجمع الدستوري الديمقراطي
Q38213221,Q60573379,shared_parties,1,التجمع الدستوري الديمقراطي
Q38213221,Q60573426,shared_parties,1,التجمع الدستوري الديمقراطي
Q38213221,Q60573536,shared_parties,1,التجمع الدستوري الديمقراطي
Q38213221,Q653162,shared_parties,1,التجمع الدستوري الديمقراطي
Q38213221,Q97961043,shared_parties,1,التجمع الدستوري الديمقراطي
Q3951110,Q50285534,shared_parties,1,parti socialiste destourien
Q3951110,Q51460814,shared_birth_governorate,1,gafsa
Q3951110,Q54875068,shared_parties,1,parti socialiste destourien
Q3951110,Q54875069,shared_parties,1,parti socialiste destourien
Q3951110,Q54875074,shared_parties,1,parti socialiste destourien
Q3951110,Q54875084,shared_parties,1,parti socialiste destourien
Q3951110,Q54875134,shared_parties,1,parti socialiste destourien
Q3951110,Q55196894,shared_parties,1,parti socialiste destourien
Q3951110,Q55392091,shared_parties,1,parti socialiste destourien
Q3951110,Q55392098,shared_parties,1,parti socialiste destourien
Q3951110,Q60573416,shared_parties,1,parti socialiste destourien
Q3951110,Q60573536,shared_parties,1,parti socialiste destourien
Q3951110,Q653162,shared_parties,1,parti socialiste destourien
Q3951110,Q800238,shared_parties,1,parti socialiste destourien
Q42311056,Q43654658,shared_birth_governorate,1,sfax
Q42311056,Q55381738,shared_birth_governorate,1,sfax
Q42311056,Q668526,shared_birth_governorate,1,sfax
Q42311056,Q744499,shared_birth_governorate,1,sfax
Q42311056,Q92316785,shared_birth_governorate,1,sfax
Q42311056,Q92354033,shared_birth_governorate,1,sfax
Q42311056,Q99539200,shared_birth_governorate,1,sfax
Q431515,Q43654658,shared_education,1,universite de tunis
Q431515,Q50099224,shared_birth_governorate,1,sousse
Q431515,Q50285534,shared_birth_governorate,1,sousse
Q431515,Q50285534,shared_parties,1,التجمع الدستوري الديمقراطي
Q431515,Q54875068,shared_parties,1,التجمع الدستوري الديمقراطي
Q431515,Q54875069,shared_parties,1,التجمع الدستوري الديمقراطي
Q431515,Q54875084,shared_birth_governorate,1,sousse
Q431515,Q54875086,shared_parties,1,التجمع الدستوري الديمقراطي
Q431515,Q54875087,shared_parties,1,التجمع الدستوري الديمقراطي
Q431515,Q54875092,shared_parties,1,التجمع الدستوري الديمقراطي
Q431515,Q54875133,shared_parties,1,التجمع الدستوري الديمقراطي
Q431515,Q55391329,shared_parties,1,التجمع الدستوري الديمقراطي
Q431515,Q55392087,shared_parties,1,التجمع الدستوري الديمقراطي
Q431515,Q55392103,shared_parties,1,التجمع الدستوري الديمقراطي
Q431515,Q57699,shared_birth_governorate,1,sousse
Q431515,Q57699,shared_education,1,universite de tunis
Q431515,Q60573369,shared_parties,1,التجمع الدستوري الديمقراطي
Q431515,Q60573379,shared_parties,1,التجمع الدستوري الديمقراطي
Q431515,Q60573426,shared_parties,1,التجمع الدستوري الديمقراطي
Q431515,Q60573536,shared_parties,1,التجمع الدستوري الديمقراطي
Q431515,Q60576591,shared_birth_governorate,1,sousse
Q431515,Q653162,shared_parties,1,التجمع الدستوري الديمقراطي
Q431515,Q668526,shared_education,1,universite de tunis
Q431515,Q85822499,shared_education,1,universite de tunis
Q431515,Q88467296,shared_birth_governorate,1,sousse
Q431515,Q97961043,shared_parties,1,التجمع الدستوري الديمقراطي
Q43304124,Q517946,shared_parties,1,nidaa tounes
Q43304124,Q55381738,shared_parties,1,nidaa tounes
Q43304124,Q60428357,shared_parties,1,nidaa tounes
Q43304124,Q62601798,shared_parties,1,tahya tounes
Q43654658,Q55381738,shared_birth_governorate,1,sfax
Q43654658,Q57699,shared_education,1,universite de tunis
Q43654658,Q60576591,shared_education,1,universite de paris
Q43654658,Q643348,shared_education,1,universite de paris
Q43654658,Q653162,shared_education,1,universite de paris
Q43654658,Q668526,shared_birth_governorate,1,sfax
Q43654658,Q668526,shared_education,1,universite de tunis
Q43654658,Q744499,shared_birth_governorate,1,sfax
Q43654658,Q85822499,shared_education,1,universite de tunis
Q43654658,Q92316785,shared_birth_governorate,1,sfax
Q43654658,Q92354033,shared_birth_governorate,1,sfax
Q43654658,Q99539200,shared_birth_governorate,1,sfax
Q4845531,Q60573008,shared_education,1,lycee carnot de tunis
Q4845531,Q643348,shared_education,1,lycee carnot de tunis
Q48757077,Q495681,shared_education,1,college sadiki
Q48757077,Q496165,shared_education,1,college sadiki
Q48757077,Q507856,shared_education,1,college sadiki
Q48757077,Q586623,shared_education,1,college sadiki
Q48757077,Q643348,shared_birth_governorate,1,monastir
Q48757077,Q643348,shared_education,1,college sadiki
Q48757077,Q800238,shared_education,1,college sadiki
Q48757077,Q98828346,shared_birth_governorate,1,monastir
Q495676,Q495681,shared_parties,1,destour
Q495681,Q496165,shared_education,2,college sadiki|المدرسه الصادقيه
Q495681,Q507856,shared_education,2,college sadiki|المدرسه الصادقيه
Q495681,Q586623,shared_education,1,college sadiki
Q495681,Q643348,shared_education,2,college sadiki|المدرسه الصادقيه
Q495681,Q744499,shared_parties,1,اعمال تونسيه في القرن 20
Q495681,Q800238,shared_education,1,college sadiki
Q496042,Q54875067,shared_birth_governorate,1,medenine
Q496042,Q54875085,shared_parties,1,neo-destour
Q496042,Q55167831,shared_parties,1,neo-destour
Q496042,Q563204,shared_parties,1,neo-destour
Q496042,Q61598250,shared_birth_governorate,1,medenine
Q496042,Q643348,shared_parties,1,neo-destour
Q496165,Q507856,shared_education,2,college sadiki|المدرسه الصادقيه
Q496165,Q54875074,shared_birth_governorate,1,nabeul
Q496165,Q586623,shared_education,1,college sadiki
Q496165,Q643348,shared_education,3,college sadiki|المدرسه الصادقيه|جامعه السوربون
Q496165,Q65130650,shared_birth_governorate,1,nabeul
Q496165,Q744499,shared_education,1,جامعه السوربون
Q496165,Q800238,shared_education,1,college sadiki
Q496165,Q92332624,shared_birth_governorate,1,nabeul
Q49691191,Q54875067,shared_parties,1,afek tounes
Q49691191,Q7480522,shared_birth_governorate,1,kasserine
Q49691191,Q90946576,shared_education,1,universite toulouse-iii
Q49691191,Q98828362,shared_parties,1,afek tounes
Q50099224,Q50285534,shared_birth_governorate,1,sousse
Q50099224,Q54875084,shared_birth_governorate,1,sousse
Q50099224,Q57699,shared_birth_governorate,1,sousse
Q50099224,Q60576591,shared_birth_governorate,1,sousse
Q50099224,Q88467296,shared_birth_governorate,1,sousse
Q50285534,Q54875068,shared_parties,2,parti socialiste destourien|التجمع الدستوري الديمقراطي
Q50285534,Q54875069,shared_parties,2,parti socialiste destourien|التجمع الدستوري الديمقراطي
Q50285534,Q54875074,shared_parties,1,parti socialiste destourien
Q50285534,Q54875084,shared_birth_governorate,1,sousse
Q50285534,Q54875084,shared_parties,1,parti socialiste destourien
Q50285534,Q54875086,shared_parties,1,التجمع الدستوري الديمقراطي
Q50285534,Q54875087,shared_parties,1,التجمع الدستوري الديمقراطي
Q50285534,Q54875092,shared_parties,1,التجمع الدستوري الديمقراطي
Q50285534,Q54875133,shared_parties,1,التجمع الدستوري الديمقراطي
Q50285534,Q54875134,shared_parties,1,parti socialiste destourien
Q50285534,Q55196894,shared_parties,1,parti socialiste destourien
Q50285534,Q55391329,shared_parties,1,التجمع الدستوري الديمقراطي
Q50285534,Q55392087,shared_parties,1,التجمع الدستوري الديمقراطي
Q50285534,Q55392091,shared_parties,1,parti socialiste destourien
Q50285534,Q55392098,shared_parties,1,parti socialiste destourien
Q50285534,Q55392103,shared_parties,1,التجمع الدستوري الديمقراطي
Q50285534,Q57699,shared_birth_governorate,1,sousse
Q50285534,Q60573369,shared_parties,1,التجمع الدستوري الديمقراطي
Q50285534,Q60573379,shared_parties,1,التجمع الدستوري الديمقراطي
Q50285534,Q60573416,shared_parties,1,parti socialiste destourien
Q50285534,Q60573426,shared_parties,1,التجمع الدستوري الديمقراطي
Q50285534,Q60573536,shared_parties,2,parti socialiste destourien|التجمع الدستوري الديمقراطي
Q50285534,Q60576591,shared_birth_governorate,1,sousse
Q50285534,Q653162,shared_parties,2,parti socialiste destourien|التجمع الدستوري الديمقراطي
Q50285534,Q800238,shared_parties,1,parti socialiste destourien
Q50285534,Q88467296,shared_birth_governorate,1,sousse
Q50285534,Q97961043,shared_parties,1,التجمع الدستوري الديمقراطي
Q507856,Q586623,shared_education,1,college sadiki
Q507856,Q643348,shared_education,2,college sadiki|المدرسه الصادقيه
Q507856,Q800238,shared_education,1,college sadiki
Q507856,Q980071,shared_education,2,universite de strasbourg|جامعه ستراسبورغ
Q51460814,Q57699,shared_education,1,conservatoire national des arts et metiers
Q517946,Q55381738,shared_parties,1,nidaa tounes
Q517946,Q60428357,shared_parties,1,nidaa tounes
Q53015850,Q60573536,shared_education,1,universite paris-i-pantheon-sorbonne
Q53015850,Q89844681,shared_education,1,universite paris-i-pantheon-sorbonne
Q53015850,Q98828599,shared_education,1,universite paris-i-pantheon-sorbonne
Q54875067,Q61598250,shared_birth_governorate,1,medenine
Q54875067,Q98828362,shared_parties,1,afek tounes
Q54875068,Q54875069,shared_parties,2,parti socialiste destourien|التجمع الدستوري الديمقراطي
Q54875068,Q54875074,shared_parties,1,parti socialiste destourien
Q54875068,Q54875084,shared_parties,1,parti socialiste destourien
Q54875068,Q54875086,shared_parties,1,التجمع الدستوري الديمقراطي
Q54875068,Q54875087,shared_parties,1,التجمع الدستوري الديمقراطي
Q54875068,Q54875092,shared_parties,1,التجمع الدستوري الديمقراطي
Q54875068,Q54875133,shared_parties,1,التجمع الدستوري الديمقراطي
Q54875068,Q54875134,shared_parties,1,parti socialiste destourien
Q54875068,Q55196894,shared_parties,1,parti socialiste destourien
Q54875068,Q55391329,shared_parties,1,التجمع الدستوري الديمقراطي
Q54875068,Q55392087,shared_parties,1,التجمع الدستوري الديمقراطي
Q54875068,Q55392091,shared_parties,1,parti socialiste destourien
Q54875068,Q55392098,shared_parties,1,parti socialiste destourien
Q54875068,Q55392103,shared_parties,1,التجمع الدستوري الديمقراطي
Q54875068,Q60573369,shared_parties,1,التجمع الدستوري الديمقراطي
Q54875068,Q60573379,shared_parties,1,التجمع الدستوري الديمقراطي
Q54875068,Q60573416,shared_parties,1,parti socialiste destourien
Q54875068,Q60573426,shared_parties,1,التجمع الدستوري الديمقراطي
Q54875068,Q60573536,shared_parties,2,parti socialiste destourien|التجمع الدستوري الديمقراطي
Q54875068,Q653162,shared_parties,2,parti socialiste destourien|التجمع الدستوري الديمقراطي
Q54875068,Q800238,shared_parties,1,parti socialiste destourien
Q54875068,Q97961043,shared_parties,1,التجمع الدستوري الديمقراطي
Q54875069,Q54875074,shared_parties,1,parti socialiste destourien
Q54875069,Q54875084,shared_parties,1,parti socialiste destourien
Q54875069,Q54875086,shared_parties,1,التجمع الدستوري الديمقراطي
Q54875069,Q54875087,shared_parties,1,التجمع الدستوري الديمقراطي
Q54875069,Q54875092,shared_parties,1,التجمع الدستوري الديمقراطي
Q54875069,Q54875133,shared_parties,1,التجمع الدستوري الديمقراطي
Q54875069,Q54875134,shared_parties,1,parti socialiste destourien
Q54875069,Q55196894,shared_parties,1,parti socialiste destourien
Q54875069,Q55391329,shared_parties,1,التجمع الدستوري الديمقراطي
Q54875069,Q55392087,shared_parties,1,التجمع الدستوري الديمقراطي
Q54875069,Q55392091,shared_parties,1,parti socialiste destourien
Q54875069,Q55392098,shared_parties,1,parti socialiste destourien
Q54875069,Q55392103,shared_parties,1,التجمع الدستوري الديمقراطي
Q54875069,Q60573369,shared_parties,1,التجمع الدستوري الديمقراطي
Q54875069,Q60573379,shared_parties,1,التجمع الدستوري الديمقراطي
Q54875069,Q60573416,shared_parties,1,parti socialiste destourien
Q54875069,Q60573426,shared_parties,1,التجمع الدستوري الديمقراطي
Q54875069,Q60573536,shared_parties,2,parti socialiste destourien|التجمع الدستوري الديمقراطي
Q54875069,Q653162,shared_parties,2,parti socialiste destourien|التجمع الدستوري الديمقراطي
Q54875069,Q800238,shared_parties,1,parti socialiste destourien
Q54875069,Q92199953,shared_birth_governorate,1,gabes
Q54875069,Q97961043,shared_parties,1,التجمع الدستوري الديمقراطي
Q54875074,Q54875084,shared_parties,1,parti socialiste destourien
Q54875074,Q54875134,shared_parties,1,parti socialiste destourien
Q54875074,Q55196894,shared_parties,1,parti socialiste destourien
Q54875074,Q55392091,shared_parties,1,parti socialiste destourien
Q54875074,Q55392098,shared_parties,1,parti socialiste destourien
Q54875074,Q60573416,shared_parties,1,parti socialiste destourien
Q54875074,Q60573536,shared_parties,1,parti socialiste destourien
Q54875074,Q65130650,shared_birth_governorate,1,nabeul
Q54875074,Q653162,shared_parties,1,parti socialiste destourien
Q54875074,Q800238,shared_parties,1,parti socialiste destourien
Q54875074,Q92332624,shared_birth_governorate,1,nabeul
Q54875084,Q54875134,shared_parties,1,parti socialiste destourien
Q54875084,Q55196894,shared_parties,1,parti socialiste destourien
Q54875084,Q55392091,shared_parties,1,parti socialiste destourien
Q54875084,Q55392098,shared_parties,1,parti socialiste destourien
Q54875084,Q57699,shared_birth_governorate,1,sousse
Q54875084,Q60573416,shared_parties,1,parti socialiste destourien
Q54875084,Q60573536,shared_parties,1,parti socialiste destourien
Q54875084,Q60576591,shared_birth_governorate,1,sousse
Q54875084,Q653162,shared_parties,1,parti socialiste destourien
Q54875084,Q800238,shared_parties,1,parti socialiste destourien
Q54875084,Q88467296,shared_birth_governorate,1,sousse
Q54875085,Q55167831,shared_parties,1,neo-destour
Q54875085,Q563204,shared_parties,1,neo-destour
Q54875085,Q643348,shared_parties,1,neo-destour
Q54875086,Q54875087,shared_parties,1,التجمع الدستوري الديمقراطي
Q54875086,Q54875092,shared_parties,1,التجمع الدستوري الديمقراطي
Q54875086,Q54875133,shared_parties,1,التجمع الدستوري الديمقراطي
Q54875086,Q55391329,shared_parties,1,التجمع الدستوري الديمقراطي
Q54875086,Q55392087,shared_parties,1,التجمع الدستوري الديمقراطي
Q54875086,Q55392103,shared_parties,1,التجمع الدستوري الديمقراطي
Q54875086,Q60573369,shared_parties,1,التجمع الدستوري الديمقراطي
Q54875086,Q60573379,shared_parties,1,التجمع الدستوري الديمقراطي
Q54875086,Q60573426,shared_parties,1,التجمع الدستوري الديمقراطي
Q54875086,Q60573536,shared_parties,1,التجمع الدستوري الديمقراطي
Q54875086,Q653162,shared_parties,1,التجمع الدستوري الديمقراطي
Q54875086,Q97961043,shared_parties,1,التجمع الدستوري الديمقراطي
Q54875087,Q54875092,shared_parties,1,التجمع الدستوري الديمقراطي
Q54875087,Q54875133,shared_parties,1,التجمع الدستوري الديمقراطي
Q54875087,Q55391329,shared_parties,1,التجمع الدستوري الديمقراطي
Q54875087,Q55392087,shared_parties,1,التجمع الدستوري الديمقراطي
Q54875087,Q55392103,shared_parties,1,التجمع الدستوري الديمقراطي
Q54875087,Q60573369,shared_parties,1,التجمع الدستوري الديمقراطي
Q54875087,Q60573379,shared_parties,1,التجمع الدستوري الديمقراطي
Q54875087,Q60573426,shared_parties,1,التجمع الدستوري الديمقراطي
Q54875087,Q60573536,shared_parties,1,التجمع الدستوري الديمقراطي
Q54875087,Q653162,shared_parties,1,التجمع الدستوري الديمقراطي
Q54875087,Q97961043,shared_parties,1,التجمع الدستوري الديمقراطي
Q54875092,Q54875133,shared_parties,1,التجمع الدستوري الديمقراطي
Q54875092,Q55391329,shared_parties,1,التجمع الدستوري الديمقراطي
Q54875092,Q55392087,shared_parties,1,التجمع الدستوري الديمقراطي
Q54875092,Q55392103,shared_parties,1,التجمع الدستوري الديمقراطي
Q54875092,Q60573369,shared_parties,1,التجمع الدستوري الديمقراطي
Q54875092,Q60573379,shared_parties,1,التجمع الدستوري الديمقراطي
Q54875092,Q60573426,shared_parties,1,التجمع الدستوري الديمقراطي
Q54875092,Q60573536,shared_parties,1,التجمع الدستوري الديمقراطي
Q54875092,Q653162,shared_parties,1,التجمع الدستوري الديمقراطي
Q54875092,Q90570383,shared_education,1,المدرسه المركزيه بباريس
Q54875092,Q97961043,shared_parties,1,التجمع الدستوري الديمقراطي
Q54875133,Q55391329,shared_parties,1,التجمع الدستوري الديمقراطي
Q54875133,Q55392087,shared_parties,1,التجمع الدستوري الديمقراطي
Q54875133,Q55392103,shared_parties,1,التجمع الدستوري الديمقراطي
Q54875133,Q60573369,shared_parties,1,التجمع الدستوري الديمقراطي
Q54875133,Q60573379,shared_parties,1,التجمع الدستوري الديمقراطي
Q54875133,Q60573426,shared_parties,1,التجمع الدستوري الديمقراطي
Q54875133,Q60573536,shared_parties,1,التجمع الدستوري الديمقراطي
Q54875133,Q653162,shared_parties,1,التجمع الدستوري الديمقراطي
Q54875133,Q97961043,shared_parties,1,التجمع الدستوري الديمقراطي
Q54875134,Q55196894,shared_parties,1,parti socialiste destourien
Q54875134,Q55392091,shared_parties,1,parti socialiste destourien
Q54875134,Q55392098,shared_parties,1,parti socialiste destourien
Q54875134,Q60573416,shared_parties,1,parti socialiste destourien
Q54875134,Q60573536,shared_parties,1,parti socialiste destourien
Q54875134,Q653162,shared_parties,1,parti socialiste destourien
Q54875134,Q800238,shared_parties,1,parti socialiste destourien
Q55167831,Q563204,shared_parties,1,neo-destour
Q55167831,Q643348,shared_parties,1,neo-destour
Q55196894,Q55392091,shared_parties,1,parti socialiste destourien
Q55196894,Q55392098,shared_parties,1,parti socialiste destourien
Q55196894,Q60573416,shared_parties,1,parti socialiste destourien
Q55196894,Q60573536,shared_parties,1,parti socialiste destourien
Q55196894,Q653162,shared_parties,1,parti socialiste destourien
Q55196894,Q800238,shared_parties,1,parti socialiste destourien
Q55381738,Q60428357,shared_parties,1,nidaa tounes
Q55381738,Q668526,shared_birth_governorate,1,sfax
Q55381738,Q744499,shared_birth_governorate,1,sfax
Q55381738,Q92316785,shared_birth_governorate,1,sfax
Q55381738,Q92354033,shared_birth_governorate,1,sfax
Q55381738,Q99539200,shared_birth_governorate,1,sfax
Q55391329,Q55392087,shared_parties,1,التجمع الدستوري الديمقراطي
Q55391329,Q55392103,shared_parties,1,التجمع الدستوري الديمقراطي
Q55391329,Q60573369,shared_parties,1,التجمع الدستوري الديمقراطي
Q55391329,Q60573379,shared_parties,1,التجمع الدستوري الديمقراطي
Q55391329,Q60573426,shared_parties,1,التجمع الدستوري الديمقراطي
Q55391329,Q60573536,shared_parties,1,التجمع الدستوري الديمقراطي
Q55391329,Q653162,shared_parties,1,التجمع الدستوري الديمقراطي
Q55391329,Q97961043,shared_parties,1,التجمع الدستوري الديمقراطي
Q55392087,Q55392103,shared_parties,1,التجمع الدستوري الديمقراطي
Q55392087,Q60573369,shared_parties,1,التجمع الدستوري الديمقراطي
Q55392087,Q60573379,shared_parties,1,التجمع الدستوري الديمقراطي
Q55392087,Q60573426,shared_parties,1,التجمع الدستوري الديمقراطي
Q55392087,Q60573536,shared_parties,1,التجمع الدستوري الديمقراطي
Q55392087,Q653162,shared_parties,1,التجمع الدستوري الديمقراطي
Q55392087,Q97961043,shared_parties,1,التجمع الدستوري الديمقراطي
Q55392091,Q55392098,shared_parties,1,parti socialiste destourien
Q55392091,Q60573416,shared_parties,1,parti socialiste destourien
Q55392091,Q60573536,shared_parties,1,parti socialiste destourien
Q55392091,Q653162,shared_parties,1,parti socialiste destourien
Q55392091,Q800238,shared_parties,1,parti socialiste destourien
Q55392098,Q60573416,shared_parties,1,parti socialiste destourien
Q55392098,Q60573536,shared_parties,1,parti socialiste destourien
Q55392098,Q653162,shared_parties,1,parti socialiste destourien
Q55392098,Q800238,shared_parties,1,parti socialiste destourien
Q55392103,Q60573369,shared_parties,1,التجمع الدستوري الديمقراطي
Q55392103,Q60573379,shared_parties,1,التجمع الدستوري الديمقراطي
Q55392103,Q60573426,shared_parties,1,التجمع الدستوري الديمقراطي
Q55392103,Q60573536,shared_parties,1,التجمع الدستوري الديمقراطي
Q55392103,Q653162,shared_parties,1,التجمع الدستوري الديمقراطي
Q55392103,Q97961043,shared_parties,1,التجمع الدستوري الديمقراطي
Q55999324,Q57699,shared_parties,2,ennahdha|حركه النهضه التونسيه
Q55999324,Q668526,shared_parties,2,ennahdha|حركه النهضه التونسيه
Q55999324,Q86734094,shared_parties,2,ennahdha|حركه النهضه التونسيه
Q55999324,Q92316785,shared_parties,1,حركه النهضه التونسيه
Q55999324,Q92332624,shared_parties,1,ennahdha
Q563204,Q586623,shared_education,1,faculte de droit et des sciences economiques de paris
Q563204,Q643348,shared_parties,1,neo-destour
Q57699,Q60576591,shared_birth_governorate,1,sousse
Q57699,Q668526,shared_education,2,universite de tunis|جامعه تونس
Q57699,Q668526,shared_parties,2,ennahdha|حركه النهضه التونسيه
Q57699,Q85822499,shared_education,1,universite de tunis
Q57699,Q86734094,shared_parties,2,ennahdha|حركه النهضه التونسيه
Q57699,Q88467296,shared_birth_governorate,1,sousse
Q57699,Q92316785,shared_parties,1,حركه النهضه التونسيه
Q57699,Q92332624,shared_parties,1,ennahdha
Q586623,Q643348,shared_education,1,college sadiki
Q586623,Q800238,shared_education,1,college sadiki
Q60428357,Q92353813,shared_education,1,escp business school
Q60572709,Q653162,shared_birth_governorate,1,mahdia
Q60573008,Q643348,shared_education,1,lycee carnot de tunis
Q60573369,Q60573379,shared_parties,1,التجمع الدستوري الديمقراطي
Q60573369,Q60573426,shared_parties,1,التجمع الدستوري الديمقراطي
Q60573369,Q60573536,shared_parties,1,التجمع الدستوري الديمقراطي
Q60573369,Q653162,shared_parties,1,التجمع الدستوري الديمقراطي
Q60573369,Q97961043,shared_parties,1,التجمع الدستوري الديمقراطي
Q60573379,Q60573426,shared_parties,1,التجمع الدستوري الديمقراطي
Q60573379,Q60573536,shared_parties,1,التجمع الدستوري الديمقراطي
Q60573379,Q653162,shared_parties,1,التجمع الدستوري الديمقراطي
Q60573379,Q97961043,shared_parties,1,التجمع الدستوري الديمقراطي
Q60573413,Q61598250,shared_education,1,ecole nationale d'administration
Q60573413,Q65130650,shared_education,1,ecole nationale d'administration
Q60573413,Q744499,shared_education,1,ecole nationale d'administration
Q60573413,Q88485687,shared_education,1,ecole nationale d'administration
Q60573413,Q89996191,shared_education,1,ecole nationale d'administration
Q60573413,Q91626084,shared_education,1,ecole nationale d'administration
Q60573416,Q60573536,shared_parties,1,parti socialiste destourien
Q60573416,Q653162,shared_parties,1,parti socialiste destourien
Q60573416,Q800238,shared_parties,1,parti socialiste destourien
Q60573426,Q60573536,shared_parties,1,التجمع الدستوري الديمقراطي
Q60573426,Q653162,shared_parties,1,التجمع الدستوري الديمقراطي
Q60573426,Q97961043,shared_parties,1,التجمع الدستوري الديمقراطي
Q60573536,Q653162,shared_parties,2,parti socialiste destourien|التجمع الدستوري الديمقراطي
Q60573536,Q800238,shared_parties,1,parti socialiste destourien
Q60573536,Q89844681,shared_education,1,universite paris-i-pantheon-sorbonne
Q60573536,Q97961043,shared_parties,1,التجمع الدستوري الديمقراطي
Q60573536,Q98828599,shared_education,1,universite paris-i-pantheon-sorbonne
Q60576591,Q643348,shared_education,1,universite de paris
Q60576591,Q653162,shared_education,1,universite de paris
Q60576591,Q88467296,shared_birth_governorate,1,sousse
Q61598250,Q65130650,shared_education,1,ecole nationale d'administration
Q61598250,Q744499,shared_education,1,ecole nationale d'administration
Q61598250,Q88485687,shared_education,1,ecole nationale d'administration
Q61598250,Q89996191,shared_education,1,ecole nationale d'administration
Q61598250,Q91626084,shared_education,1,ecole nationale d'administration
Q643348,Q653162,shared_education,1,universite de paris
Q643348,Q744499,shared_education,1,جامعه السوربون
Q643348,Q800238,shared_education,1,college sadiki
Q643348,Q98828346,shared_birth_governorate,1,monastir
Q65130650,Q744499,shared_education,1,ecole nationale d'administration
Q65130650,Q88485687,shared_education,1,ecole nationale d'administration
Q65130650,Q89996191,shared_education,1,ecole nationale d'administration
Q65130650,Q91626084,shared_education,1,ecole nationale d'administration
Q65130650,Q92332624,shared_birth_governorate,1,nabeul
Q653162,Q800238,shared_parties,1,parti socialiste destourien
Q653162,Q97961043,shared_parties,1,التجمع الدستوري الديمقراطي
Q668526,Q744499,shared_birth_governorate,1,sfax
Q668526,Q85822499,shared_education,1,universite de tunis
Q668526,Q86734094,shared_parties,2,ennahdha|حركه النهضه التونسيه
Q668526,Q92316785,shared_birth_governorate,1,sfax
Q668526,Q92316785,shared_parties,1,حركه النهضه التونسيه
Q668526,Q92332624,shared_parties,1,ennahdha
Q668526,Q92354033,shared_birth_governorate,1,sfax
Q668526,Q99539200,shared_birth_governorate,1,sfax
Q744499,Q88485687,shared_education,2,ecole nationale d'administration|المدارس القوميه للاداره
Q744499,Q89996191,shared_education,1,ecole nationale d'administration
Q744499,Q91626084,shared_education,2,ecole nationale d'administration|المدارس القوميه للاداره
Q744499,Q92316785,shared_birth_governorate,1,sfax
Q744499,Q92354033,shared_birth_governorate,1,sfax
Q744499,Q99539200,shared_birth_governorate,1,sfax
Q86734094,Q89996191,shared_birth_governorate,1,siliana
Q86734094,Q92316785,shared_parties,1,حركه النهضه التونسيه
Q86734094,Q92332624,shared_parties,1,ennahdha
Q88485687,Q89996191,shared_education,1,ecole nationale d'administration
Q88485687,Q91626084,shared_education,2,ecole nationale d'administration|المدارس القوميه للاداره
Q89844681,Q98828599,shared_education,1,universite paris-i-pantheon-sorbonne
Q89996191,Q91626084,shared_education,1,ecole nationale d'administration
Q92199953,Q96473313,shared_parties,1,mouvement du peuple
Q92316785,Q92354033,shared_birth_governorate,1,sfax
Q92316785,Q99539200,shared_birth_governorate,1,sfax
Q92354033,Q99539200,shared_birth_governorate,1,sfax
Q98828570,Q98828591,shared_birth_governorate,1,ben arous
Q98828570,Q99542892,shared_birth_governorate,1,ben arous
Q98828591,Q99542892,shared_birth_governorate,1,ben arous
