source,target,portfolio,handover_date,predecessor_tenure_days,era,weight,tie_type
TN-abdelkader-belkhodja,TN-mohamed-saadallah,agriculture,1950-01-01,1096.0,protectorate,1,succession
TN-mohamed-saadallah,TN-abdelaziz-menchari,agriculture,1952-01-01,730.0,protectorate,1,succession
TN-abdelaziz-menchari,TN-mohamed-badra,agriculture,1954-01-01,731.0,protectorate,1,succession
TN-mohamed-badra,TN-abdelkader-belkhodja,agriculture,1954-01-01,730.0,protectorate,1,succession
TN-abdelkader-belkhodja,Q108462555,agriculture,1954-08-07,0.0,protectorate_end,1,succession
Q108462555,Q29580475,agriculture,1954-08-07,613.0,protectorate_end,1,succession
Q29580475,Q3328946,agriculture,1956-04-15,613.0,monarchy,1,succession
Q3328946,Q16262805,agriculture,1956-04-15,261.0,monarchy,1,succession
Q16262805,Q3328946,agriculture,1957-07-29,466.0,bourguiba,1,succession
Q3328946,Q2821308,agriculture,1958-12-30,25230.0,bourguiba,1,succession
Q2821308,Q3331012,agriculture,1962-04-03,1190.0,bourguiba,1,succession
Q3331012,Q16262805,agriculture,1964-11-12,954.0,bourguiba,1,succession
Q16262805,Q22928978,agriculture,1967-07-26,986.0,bourguiba,1,succession
Q22928978,Q2820925,agriculture,1969-09-08,775.0,bourguiba,1,succession
Q2820925,Q22928978,agriculture,1970-06-12,781.0,bourguiba,1,succession
Q22928978,Q2374730,agriculture,1970-06-17,143.0,bourguiba,1,succession
Q2374730,TN-unknown-120,agriculture,1970-11-02,138.0,bourguiba,1,succession
TN-unknown-120,Q29580479,agriculture,1970-11-02,3460.0,bourguiba,1,succession
Q29580479,Q2820925,agriculture,1970-11-06,3460.0,bourguiba,1,succession
Q2820925,TN-abderrahman-ben-messaoud,agriculture,1971-10-29,3343.0,bourguiba,1,succession
TN-abderrahman-ben-messaoud,Q16262803,agriculture,1971-10-29,2986.0,bourguiba,1,succession
Q16262803,Q29580479,agriculture,1971-10-29,2986.0,bourguiba,1,succession
Q29580479,Q3128202,agriculture,1974-09-25,2986.0,bourguiba,1,succession
Q3128202,Q22928978,agriculture,1979-11-07,1924.0,bourguiba,1,succession
Q22928978,TN-unknown-89,agriculture,1980-04-23,3185.0,bourguiba,1,succession
TN-unknown-89,Q22928978,agriculture,1980-04-23,2267.0,bourguiba,1,succession
Q22928978,TN-unknown-125,agriculture,1987-11-07,2079.0,ben_ali,1,succession
TN-unknown-125,Q17425841,agriculture,1988-01-01,690.0,ben_ali,1,succession
Q17425841,TN-ameur-horchani,agriculture,1988-04-12,366.0,ben_ali,1,succession
TN-ameur-horchani,Q17425841,agriculture,1988-07-27,14015.0,ben_ali,1,succession
Q17425841,TN-mohsen-boujbal,agriculture,1988-07-27,258.0,ben_ali,1,succession
TN-mohsen-boujbal,TN-ameur-horchani,agriculture,1988-07-27,158.0,ben_ali,1,succession
TN-ameur-horchani,TN-mohsen-boujbal,agriculture,1989-01-01,158.0,ben_ali,1,succession
TN-mohsen-boujbal,Q16666837,agriculture,1989-01-01,0.0,ben_ali,1,succession
Q16666837,TN-ameur-horchani,agriculture,1989-01-01,0.0,ben_ali,1,succession
TN-ameur-horchani,Q16666837,agriculture,1989-04-11,0.0,ben_ali,1,succession
Q16666837,TN-mohsen-boujbal,agriculture,1989-09-27,680.0,ben_ali,1,succession
TN-mohsen-boujbal,TN-ameur-horchani,agriculture,1989-09-27,3383.0,ben_ali,1,succession
TN-ameur-horchani,TN-unknown-98,agriculture,1989-09-27,3383.0,ben_ali,1,succession
TN-unknown-98,Q16664915,agriculture,1989-09-27,3703.0,ben_ali,1,succession
Q16664915,Q17580016,agriculture,1989-09-27,3703.0,ben_ali,1,succession
Q17580016,Q19060346,agriculture,1989-09-27,3703.0,ben_ali,1,succession
Q19060346,Q16666837,agriculture,1989-09-27,3703.0,ben_ali,1,succession
Q16666837,Q19629356,agriculture,1989-09-27,3703.0,ben_ali,1,succession
Q19629356,Q55391329,agriculture,1991-02-20,3703.0,ben_ali,1,succession
Q55391329,TN-ameur-horchani,agriculture,1991-02-20,3192.0,ben_ali,1,succession
TN-ameur-horchani,TN-mouldi-zouaoui,agriculture,1991-02-20,2872.0,ben_ali,1,succession
TN-mouldi-zouaoui,Q16664915,agriculture,1993-06-15,2872.0,ben_ali,1,succession
Q16664915,Q19060346,agriculture,1994-06-01,1317.0,ben_ali,1,succession
Q19060346,Q17580016,agriculture,1997-01-22,1675.0,ben_ali,1,succession
Q17580016,Q19629356,agriculture,1997-10-09,709.0,ben_ali,1,succession
Q19629356,TN-ameur-horchani,agriculture,1999-11-17,1792.0,ben_ali,1,succession
TN-ameur-horchani,Q3334855,agriculture,1999-11-17,4063.0,ben_ali,1,succession
Q3334855,Q2821297,agriculture,1999-11-17,4120.0,ben_ali,1,succession
Q2821297,Q19629356,agriculture,1999-11-17,4120.0,ben_ali,1,succession
Q19629356,Q54875086,agriculture,1999-11-17,4120.0,ben_ali,1,succession
Q54875086,Q3125311,agriculture,1999-11-17,4120.0,ben_ali,1,succession
Q3125311,Q2821297,agriculture,1999-11-17,4120.0,ben_ali,1,succession
Q2821297,TN-unknown-58,agriculture,1999-11-17,4120.0,ben_ali,1,succession
TN-unknown-58,Q19629356,agriculture,1999-11-17,4120.0,ben_ali,1,succession
Q19629356,TN-unknown-77,agriculture,1999-11-17,4063.0,ben_ali,1,succession
TN-unknown-77,TN-unknown-65,agriculture,1999-11-17,4120.0,ben_ali,1,succession
TN-unknown-65,Q3125311,agriculture,2001-01-23,4120.0,ben_ali,1,succession
Q3125311,TN-habib-haddad,agriculture,2002-09-05,3630.0,ben_ali,1,succession
TN-habib-haddad,Q3334855,agriculture,2003-06-16,3040.0,ben_ali,1,succession
Q3334855,TN-omar-el-abed,agriculture,2003-09-01,2756.0,ben_ali,1,succession
TN-omar-el-abed,TN-abderrazak-daaloul,agriculture,2005-08-17,2679.0,ben_ali,1,succession
TN-abderrazak-daaloul,Q2821297,agriculture,2008-08-29,1963.0,ben_ali,1,succession
Q2821297,Q2820997,agriculture,2010-10-12,871.0,ben_ali,1,succession
Q2820997,Q3319366,agriculture,2011-01-01,81.0,ben_ali,1,succession
Q3319366,Q3318419,agriculture,2011-01-01,0.0,ben_ali,1,succession
Q3318419,Q3125307,agriculture,2011-01-01,731.0,ben_ali,1,succession
Q3125307,Q2821297,agriculture,2011-01-04,0.0,ben_ali,1,succession
Q2821297,Q3125307,agriculture,2011-01-17,5713.0,transition,1,succession
Q3125307,Q3319366,agriculture,2011-01-27,10.0,transition,1,succession
Q3319366,Q16180211,agriculture,2011-12-24,331.0,transition,1,succession
Q16180211,Q3318419,agriculture,2011-12-24,445.0,transition,1,succession
Q3318419,Q16180211,agriculture,2013-03-13,767.0,transition,1,succession
Q16180211,Q16855252,agriculture,2014-01-01,322.0,transition,1,succession
Q16855252,Q25391268,agriculture,2015-01-01,365.0,second_republic,1,succession
Q25391268,Q25391292,agriculture,2015-01-01,365.0,second_republic,1,succession
Q25391292,TN-amel-nafti,agriculture,2015-01-01,365.0,second_republic,1,succession
TN-amel-nafti,TN-unknown-40,agriculture,2015-02-06,365.0,second_republic,1,succession
TN-unknown-40,Q25391292,agriculture,2015-02-06,568.0,second_republic,1,succession
Q25391292,Q3470847,agriculture,2016-01-01,568.0,second_republic,1,succession
Q3470847,Q30729066,agriculture,2016-01-01,1461.0,second_republic,1,succession
Q30729066,Q3470847,agriculture,2016-08-27,1461.0,second_republic,1,succession
Q3470847,Q30729066,agriculture,2016-08-27,1279.0,second_republic,1,succession
Q30729066,Q3470847,agriculture,2016-08-27,1279.0,second_republic,1,succession
Q3470847,Q55381692,agriculture,2016-08-27,1279.0,second_republic,1,succession
Q55381692,Q91649459,agriculture,2020-01-01,1279.0,second_republic,1,succession
Q91649459,Q30224903,agriculture,2020-01-01,366.0,second_republic,1,succession
Q30224903,Q91649459,agriculture,2020-01-01,366.0,second_republic,1,succession
Q91649459,Q30224903,agriculture,2020-02-27,0.0,second_republic,1,succession
Q30224903,Q108892344,agriculture,2021-01-01,188.0,second_republic,1,succession
Q108892344,TN-ezzeddine-ben-cheikh,agriculture,2021-01-01,1314.0,second_republic,1,succession
TN-ezzeddine-ben-cheikh,Q140077197,agriculture,2021-01-01,1314.0,second_republic,1,succession
Q140077197,Q91669922,agriculture,2021-02-15,1314.0,second_republic,1,succession
Q91669922,Q108892344,agriculture,2021-10-11,168.0,saied_exception,1,succession
Q108892344,Q140077197,agriculture,2023-01-30,1780.0,saied_exception,1,succession
Q140077197,TN-unknown-132,agriculture,2023-08-01,574.0,saied_exception,1,succession
TN-unknown-132,TN-unknown-6,agriculture,2024-08-07,1121.0,saied_exception,1,succession
TN-unknown-6,TN-unknown-7,agriculture,2024-08-07,749.0,saied_exception,1,succession
TN-unknown-7,Q140077197,agriculture,2024-08-07,749.0,saied_exception,1,succession
Q140077197,TN-unknown-132,agriculture,2024-08-07,749.0,saied_exception,1,succession
TN-unknown-132,TN-unknown-7,agriculture,2025-03-21,749.0,saied_exception,1,succession
TN-unknown-7,TN-unknown-6,agriculture,2025-03-21,523.0,saied_exception,1,succession
Q1642894,Q2836376,central_bank,1970-11-10,4423.0,bourguiba,1,succession
Q2836376,Q2655671,central_bank,1972-03-04,465.0,bourguiba,1,succession
Q2655671,Q2820994,central_bank,1980-05-08,2986.0,bourguiba,1,succession
Q2820994,Q3320430,central_bank,1980-07-12,64.0,bourguiba,1,succession
Q3320430,Q3951110,central_bank,1987-10-02,2071.0,bourguiba,1,succession
Q3951110,Q139583145,central_bank,1990-03-03,14208.0,ben_ali,1,succession
Q139583145,Q3328959,central_bank,1999-11-17,3978.0,ben_ali,1,succession
Q3328959,Q12239709,central_bank,2001-01-23,4120.0,ben_ali,1,succession
Q12239709,Q3515404,central_bank,2004-01-14,1085.0,ben_ali,1,succession
Q3515404,Q3328959,central_bank,2011-01-01,2559.0,ben_ali,1,succession
Q3328959,Q3515404,central_bank,2011-01-04,0.0,ben_ali,1,succession
Q3515404,Q3328959,central_bank,2011-01-17,5713.0,transition,1,succession
Q3328959,Q2961945,central_bank,2012-07-24,548.0,transition,1,succession
Q2961945,Q53015850,central_bank,2018-02-16,2033.0,second_republic,1,succession
Q53015850,Q138913276,central_bank,2024-02-15,2190.0,saied_exception,1,succession
Q2268624,Q507856,culture,1970-06-12,3170.0,bourguiba,1,succession
Q507856,Q2268624,culture,1971-06-24,20529.0,bourguiba,1,succession
Q2268624,Q496165,culture,1973-11-28,3113.0,bourguiba,1,succession
Q496165,Q2268624,culture,1976-12-08,2225.0,bourguiba,1,succession
Q2268624,Q20643083,culture,1978-09-20,651.0,bourguiba,1,succession
Q20643083,Q152369,culture,1979-11-07,413.0,bourguiba,1,succession
Q152369,Q12184481,culture,1981-01-02,422.0,bourguiba,1,succession
Q12184481,Q16127215,culture,1986-05-12,1825.0,bourguiba,1,succession
Q16127215,Q282026,culture,1987-09-29,505.0,bourguiba,1,succession
Q282026,Q16127215,culture,1987-10-02,3.0,bourguiba,1,succession
Q16127215,Q507856,culture,1988-01-01,14208.0,ben_ali,1,succession
Q507856,Q55196894,culture,1988-04-12,366.0,ben_ali,1,succession
Q55196894,Q507856,culture,1988-07-27,14015.0,ben_ali,1,succession
Q507856,Q60576591,culture,1989-09-27,584.0,ben_ali,1,succession
Q60576591,Q2821010,culture,1989-09-27,3703.0,ben_ali,1,succession
Q2821010,Q3320646,culture,1989-09-27,3703.0,ben_ali,1,succession
Q3320646,Q507856,culture,1989-09-27,3703.0,ben_ali,1,succession
Q507856,TN-unknown-102,culture,1989-09-27,3383.0,ben_ali,1,succession
TN-unknown-102,Q55392087,culture,1989-09-27,3703.0,ben_ali,1,succession
Q55392087,TN-hedi-grioui,culture,1990-03-03,3703.0,ben_ali,1,succession
TN-hedi-grioui,TN-ahmed-khaled,culture,1990-03-03,3226.0,ben_ali,1,succession
TN-ahmed-khaled,Q3320454,culture,1991-02-20,3226.0,ben_ali,1,succession
Q3320454,Q3320646,culture,1991-10-11,3192.0,ben_ali,1,succession
Q3320646,Q55392087,culture,1995-01-25,1202.0,ben_ali,1,succession
Q55392087,Q2821010,culture,1996-08-05,1437.0,ben_ali,1,succession
Q2821010,Q3318509,culture,1999-11-17,879.0,ben_ali,1,succession
Q3318509,Q2821010,culture,1999-11-17,4120.0,ben_ali,1,succession
Q2821010,TN-unknown-54,culture,1999-11-17,4063.0,ben_ali,1,succession
TN-unknown-54,Q2821010,culture,1999-11-17,4120.0,ben_ali,1,succession
Q2821010,Q2821273,culture,1999-11-17,4120.0,ben_ali,1,succession
Q2821273,TN-kamel-haj-sassi,culture,2002-09-05,4120.0,ben_ali,1,succession
TN-kamel-haj-sassi,Q3318509,culture,2004-11-10,3040.0,ben_ali,1,succession
Q3318509,Q2821273,culture,2008-08-29,1388.0,ben_ali,1,succession
Q2821273,Q2875109,culture,2011-01-01,855.0,ben_ali,1,succession
Q2875109,Q431848,culture,2011-01-01,0.0,ben_ali,1,succession
Q431848,Q3304511,culture,2011-01-01,0.0,ben_ali,1,succession
Q3304511,Q431848,culture,2011-01-17,731.0,transition,1,succession
Q431848,Q2875109,culture,2011-01-27,10.0,transition,1,succession
Q2875109,Q3304511,culture,2011-12-24,331.0,transition,1,succession
Q3304511,Q16889653,culture,2014-01-01,445.0,transition,1,succession
Q16889653,Q3490439,culture,2015-01-01,365.0,second_republic,1,succession
Q3490439,Q19956395,culture,2015-01-01,365.0,second_republic,1,succession
Q19956395,Q3490439,culture,2015-02-06,365.0,second_republic,1,succession
Q3490439,Q19956395,culture,2015-02-06,568.0,second_republic,1,succession
Q19956395,Q28502176,culture,2016-01-01,568.0,second_republic,1,succession
Q28502176,Q3490439,culture,2016-01-12,1461.0,second_republic,1,succession
Q3490439,Q28502176,culture,2016-08-27,228.0,second_republic,1,succession
Q28502176,Q88467296,culture,2020-01-01,1279.0,second_republic,1,succession
Q88467296,Q100261455,culture,2020-01-01,0.0,second_republic,1,succession
Q100261455,TN-youssef-ben-brahim,culture,2020-01-01,366.0,second_republic,1,succession
TN-youssef-ben-brahim,Q88467296,culture,2020-02-27,366.0,second_republic,1,succession
Q88467296,Q100261455,culture,2020-09-02,188.0,second_republic,1,succession
Q100261455,Q104821906,culture,2020-10-05,33.0,second_republic,1,succession
Q104821906,Q379778,culture,2021-01-01,371.0,second_republic,1,succession
Q379778,Q108892387,culture,2021-01-01,1314.0,second_republic,1,succession
Q108892387,Q379778,culture,2024-08-07,1314.0,saied_exception,1,succession
Q379778,Q108892377,culture,2024-08-07,749.0,saied_exception,1,succession
Q108892377,Q379778,culture,2024-08-25,749.0,saied_exception,1,succession
TN-raymond-duval-puis-eugene-molle-a-partir,Q643348,defence,1956-04-14,1096.0,protectorate_end,1,succession
Q643348,Q800238,defence,1957-07-29,471.0,bourguiba,1,succession
Q800238,Q2827624,defence,1966-06-24,3252.0,bourguiba,1,succession
Q2827624,Q800238,defence,1968-01-29,584.0,bourguiba,1,succession
Q800238,Q377921,defence,1968-04-12,74.0,bourguiba,1,succession
Q377921,Q313539,defence,1969-11-07,574.0,bourguiba,1,succession
Q313539,Q3128235,defence,1970-06-12,55.0,bourguiba,1,succession
Q3128235,Q2929686,defence,1971-10-23,143.0,bourguiba,1,succession
Q2929686,Q2820925,defence,1972-06-09,2992.0,bourguiba,1,succession
Q2820925,Q3144591,defence,1974-01-14,2762.0,bourguiba,1,succession
Q3144591,Q121356281,defence,1974-01-14,862.0,bourguiba,1,succession
Q121356281,Q3144591,defence,1974-01-14,2178.0,bourguiba,1,succession
Q3144591,Q2820925,defence,1976-05-31,2178.0,bourguiba,1,succession
Q2820925,Q653162,defence,1979-09-12,1199.0,bourguiba,1,succession
Q653162,Q12220165,defence,1980-04-23,225.0,bourguiba,1,succession
Q12220165,Q2820931,defence,1988-01-01,2079.0,ben_ali,1,succession
Q2820931,Q3125299,defence,1989-09-27,366.0,ben_ali,1,succession
Q3125299,Q282026,defence,1989-09-27,3703.0,ben_ali,1,succession
Q282026,Q507856,defence,1991-02-20,3703.0,ben_ali,1,succession
Q507856,Q282026,defence,1991-10-10,232.0,ben_ali,1,succession
Q282026,Q2820931,defence,1996-06-13,1708.0,ben_ali,1,succession
Q2820931,Q3125299,defence,1997-01-22,221.0,ben_ali,1,succession
Q3125299,Q3318622,defence,1999-11-17,1029.0,ben_ali,1,succession
Q3318622,Q3431743,defence,1999-11-17,4063.0,ben_ali,1,succession
Q3431743,Q3012366,defence,1999-11-17,4120.0,ben_ali,1,succession
Q3012366,Q3318622,defence,1999-11-17,4120.0,ben_ali,1,succession
Q3318622,Q1043040,defence,1999-11-17,4120.0,ben_ali,1,succession
Q1043040,TN-unknown-47,defence,1999-11-17,4120.0,ben_ali,1,succession
TN-unknown-47,Q2912277,defence,1999-11-17,4120.0,ben_ali,1,succession
Q2912277,Q3012366,defence,2001-01-23,4120.0,ben_ali,1,succession
Q3012366,TN-chokri-ayachi,defence,2001-01-23,3630.0,ben_ali,1,succession
TN-chokri-ayachi,Q2912277,defence,2004-11-10,3630.0,ben_ali,1,succession
Q2912277,Q1043040,defence,2005-08-17,280.0,ben_ali,1,succession
Q1043040,Q3431743,defence,2010-01-14,1611.0,ben_ali,1,succession
Q3431743,Q2821127,defence,2011-01-01,378.0,ben_ali,1,succession
Q2821127,Q3431743,defence,2011-01-01,731.0,ben_ali,1,succession
Q3431743,Q2821127,defence,2011-01-27,0.0,transition,1,succession
Q2821127,Q9344006,defence,2013-01-01,776.0,transition,1,succession
Q9344006,Q16639035,defence,2014-01-01,365.0,transition,1,succession
Q16639035,Q19248970,defence,2015-01-01,365.0,second_republic,1,succession
Q19248970,Q2821127,defence,2016-01-01,365.0,second_republic,1,succession
Q2821127,Q19248970,defence,2016-01-01,1461.0,second_republic,1,succession
Q19248970,Q2821127,defence,2016-08-27,1461.0,second_republic,1,succession
Q2821127,Q19248970,defence,2016-08-27,1279.0,second_republic,1,succession
Q19248970,Q2821127,defence,2017-09-06,1279.0,second_republic,1,succession
Q2821127,Q18398343,defence,2019-10-29,783.0,second_republic,1,succession
Q18398343,Q89844681,defence,2020-01-01,121.0,second_republic,1,succession
Q89844681,Q98828346,defence,2020-01-01,0.0,second_republic,1,succession
Q98828346,Q89844681,defence,2020-02-27,366.0,second_republic,1,succession
Q89844681,Q98828346,defence,2020-09-02,188.0,second_republic,1,succession
Q98828346,Q129810051,defence,2021-01-01,327.0,second_republic,1,succession
Q129810051,Q108883556,defence,2021-01-01,1314.0,second_republic,1,succession
Q108883556,Q129810051,defence,2024-08-07,1314.0,saied_exception,1,succession
Q129810051,Q108883556,defence,2024-08-07,749.0,saied_exception,1,succession
Q108883556,Q129810051,defence,2024-08-25,749.0,saied_exception,1,succession
Q16642407,Q30728498,diaspora,2016-01-01,445.0,second_republic,1,succession
Q1951854,Q2830956,economy_planning,1954-08-07,730.0,protectorate_end,1,succession
Q2830956,Q1951854,economy_planning,1954-08-07,613.0,protectorate_end,1,succession
Q1951854,Q2855981,economy_planning,1956-04-15,613.0,monarchy,1,succession
Q2855981,Q2827512,economy_planning,1964-11-12,261.0,bourguiba,1,succession
Q2827512,Q3320538,economy_planning,1969-09-08,1511.0,bourguiba,1,succession
Q3320538,Q3128202,economy_planning,1969-11-07,20806.0,bourguiba,1,succession
Q3128202,Q3320538,economy_planning,1969-11-07,360.0,bourguiba,1,succession
Q3320538,Q1642894,economy_planning,1970-06-12,360.0,bourguiba,1,succession
Q1642894,Q744499,economy_planning,1970-06-12,143.0,bourguiba,1,succession
Q744499,Q1642894,economy_planning,1970-06-12,143.0,bourguiba,1,succession
Q1642894,TN-baccar-touzani,economy_planning,1970-06-17,20529.0,bourguiba,1,succession
TN-baccar-touzani,TN-unknown-108,economy_planning,1970-06-17,20524.0,bourguiba,1,succession
TN-unknown-108,Q54875074,economy_planning,1970-11-06,138.0,bourguiba,1,succession
Q54875074,Q744499,economy_planning,1970-11-06,3456.0,bourguiba,1,succession
Q744499,TN-mustapha-zaanouni,economy_planning,1971-10-29,3343.0,bourguiba,1,succession
TN-mustapha-zaanouni,TN-mekki-zidi,economy_planning,1971-10-29,2986.0,bourguiba,1,succession
TN-mekki-zidi,Q744499,economy_planning,1971-10-29,2986.0,bourguiba,1,succession
Q744499,Q2961945,economy_planning,1972-03-22,2986.0,bourguiba,1,succession
Q2961945,Q2820991,economy_planning,1974-09-25,2841.0,bourguiba,1,succession
Q2820991,TN-mustapha-zaanouni,economy_planning,1975-02-19,1924.0,bourguiba,1,succession
TN-mustapha-zaanouni,Q2820991,economy_planning,1980-04-23,1777.0,bourguiba,1,succession
Q2820991,Q29440996,economy_planning,1983-06-18,2079.0,bourguiba,1,succession
Q29440996,Q3951110,economy_planning,1983-06-18,928.0,bourguiba,1,succession
Q3951110,Q653162,economy_planning,1983-10-14,928.0,bourguiba,1,succession
Q653162,Q431515,economy_planning,1987-01-01,810.0,bourguiba,1,succession
Q431515,Q17425841,economy_planning,1987-01-01,365.0,bourguiba,1,succession
Q17425841,Q3320544,economy_planning,1987-10-02,365.0,bourguiba,1,succession
Q3320544,Q54875092,economy_planning,1987-10-02,14208.0,bourguiba,1,succession
Q54875092,Q17425841,economy_planning,1987-10-02,14208.0,bourguiba,1,succession
Q17425841,Q431515,economy_planning,1987-10-02,14208.0,bourguiba,1,succession
Q431515,Q3320544,economy_planning,1987-11-07,14208.0,ben_ali,1,succession
Q3320544,TN-salah-jebali,economy_planning,1987-11-07,55.0,ben_ali,1,succession
TN-salah-jebali,Q431515,economy_planning,1988-01-01,55.0,ben_ali,1,succession
Q431515,Q99543891,economy_planning,1989-01-01,366.0,ben_ali,1,succession
Q99543891,TN-mouldi-zouaoui,economy_planning,1989-01-01,0.0,ben_ali,1,succession
TN-mouldi-zouaoui,TN-habib-lazreg,economy_planning,1989-01-01,0.0,ben_ali,1,succession
TN-habib-lazreg,Q3486507,economy_planning,1989-09-27,0.0,ben_ali,1,succession
Q3486507,Q3328959,economy_planning,1989-09-27,3703.0,ben_ali,1,succession
Q3328959,TN-habib-lazreg,economy_planning,1989-09-27,3703.0,ben_ali,1,succession
TN-habib-lazreg,TN-unknown-106,economy_planning,1989-09-27,3383.0,ben_ali,1,succession
TN-unknown-106,Q99543891,economy_planning,1989-09-27,3703.0,ben_ali,1,succession
Q99543891,TN-unknown-104,economy_planning,1989-09-27,3383.0,ben_ali,1,succession
TN-unknown-104,Q55392107,economy_planning,1989-09-27,3703.0,ben_ali,1,succession
Q55392107,TN-mouldi-zouaoui,economy_planning,1989-09-27,3703.0,ben_ali,1,succession
TN-mouldi-zouaoui,Q97961043,economy_planning,1989-09-27,3383.0,ben_ali,1,succession
Q97961043,Q3328959,economy_planning,1990-03-03,3703.0,ben_ali,1,succession
Q3328959,Q19629356,economy_planning,1991-02-20,3226.0,ben_ali,1,succession
Q19629356,Q3328959,economy_planning,1991-02-20,3192.0,ben_ali,1,succession
Q3328959,Q19629356,economy_planning,1991-02-20,3192.0,ben_ali,1,succession
Q19629356,TN-mongi-safra,economy_planning,1991-10-11,2872.0,ben_ali,1,succession
TN-mongi-safra,TN-salah-el-hamdi,economy_planning,1992-08-03,2639.0,ben_ali,1,succession
TN-salah-el-hamdi,Q3486507,economy_planning,1994-06-01,2342.0,ben_ali,1,succession
Q3486507,Q3328959,economy_planning,1995-01-25,1675.0,ben_ali,1,succession
Q3328959,TN-abdellatif-saddam,economy_planning,1999-04-23,1437.0,ben_ali,1,succession
TN-abdellatif-saddam,Q99528084,economy_planning,1999-11-17,9987.0,ben_ali,1,succession
Q99528084,TN-abdellatif-saddam,economy_planning,1999-11-17,4063.0,ben_ali,1,succession
TN-abdellatif-saddam,TN-unknown-42,economy_planning,1999-11-17,4063.0,ben_ali,1,succession
TN-unknown-42,Q3318757,economy_planning,1999-11-17,4120.0,ben_ali,1,succession
Q3318757,Q16267511,economy_planning,1999-11-17,4120.0,ben_ali,1,succession
Q16267511,TN-mohamed-nouri-jouini,economy_planning,2001-01-23,4120.0,ben_ali,1,succession
TN-mohamed-nouri-jouini,Q3160876,economy_planning,2011-01-01,3630.0,ben_ali,1,succession
Q3160876,TN-mohamed-nouri-jouini,economy_planning,2011-01-01,731.0,ben_ali,1,succession
TN-mohamed-nouri-jouini,Q2821057,economy_planning,2011-01-01,0.0,ben_ali,1,succession
Q2821057,Q3318757,economy_planning,2011-01-04,0.0,ben_ali,1,succession
Q3318757,Q2827633,economy_planning,2011-01-17,54.0,transition,1,succession
Q2827633,TN-mohamed-nouri-jouini,economy_planning,2011-01-27,49.0,transition,1,succession
TN-mohamed-nouri-jouini,Q2821057,economy_planning,2011-02-27,5690.0,transition,1,succession
Q2821057,Q2821280,economy_planning,2011-03-07,300.0,transition,1,succession
Q2821280,Q3431747,economy_planning,2011-12-24,292.0,transition,1,succession
Q3431747,Q3160876,economy_planning,2011-12-24,445.0,transition,1,succession
Q3160876,Q3431747,economy_planning,2013-03-13,445.0,transition,1,succession
Q3431747,Q16666543,economy_planning,2014-01-29,322.0,transition,1,succession
Q16666543,Q30118294,economy_planning,2016-08-27,373.0,second_republic,1,succession
Q30118294,Q108865358,economy_planning,2021-01-01,1279.0,second_republic,1,succession
Q108865358,Q124353858,economy_planning,2021-01-01,1314.0,second_republic,1,succession
Q124353858,Q136257453,economy_planning,2021-01-01,1314.0,second_republic,1,succession
Q136257453,Q108865358,economy_planning,2021-10-11,1314.0,saied_exception,1,succession
Q108865358,Q124353858,economy_planning,2023-08-01,1780.0,saied_exception,1,succession
Q124353858,Q108159069,economy_planning,2023-08-01,1121.0,saied_exception,1,succession
Q108159069,Q136257453,economy_planning,2023-08-01,1121.0,saied_exception,1,succession
Q136257453,Q108159069,economy_planning,2023-10-17,1121.0,saied_exception,1,succession
Q108159069,Q124353858,economy_planning,2024-01-24,99.0,saied_exception,1,succession
Q124353858,Q136257453,economy_planning,2024-08-07,214.0,saied_exception,1,succession
Q136257453,Q124353858,economy_planning,2024-08-07,749.0,saied_exception,1,succession
Q124353858,Q136257453,economy_planning,2024-08-07,749.0,saied_exception,1,succession
TN-georges-gaston-puis-lucien-paye-a-partir,Q3160736,education,1954-01-01,1096.0,protectorate,1,succession
Q3160736,TN-unknown-19,education,1954-08-07,730.0,protectorate_end,1,succession
TN-unknown-19,Q3160736,education,1955-09-17,613.0,protectorate_end,1,succession
Q3160736,Q3216753,education,1956-04-15,211.0,monarchy,1,succession
Q3216753,Q496165,education,1958-05-06,261.0,bourguiba,1,succession
Q496165,Q2827512,education,1968-10-24,3824.0,bourguiba,1,succession
Q2827512,Q2827627,education,1969-11-07,379.0,bourguiba,1,succession
Q2827627,Q377921,education,1969-12-27,360.0,bourguiba,1,succession
Q377921,Q2961945,education,1970-06-12,167.0,bourguiba,1,succession
Q2961945,TN-unknown-109,education,1970-06-17,20529.0,bourguiba,1,succession
TN-unknown-109,TN-abdelaziz-beltaief,education,1970-06-17,138.0,bourguiba,1,succession
TN-abdelaziz-beltaief,Q2961945,education,1970-11-06,20524.0,bourguiba,1,succession
Q2961945,TN-fredj-jabbes,education,1971-10-29,3456.0,bourguiba,1,succession
TN-fredj-jabbes,Q377921,education,1971-10-29,2986.0,bourguiba,1,succession
Q377921,TN-hamed-zeghal,education,1971-10-29,505.0,bourguiba,1,succession
TN-hamed-zeghal,Q3039490,education,1973-03-17,2986.0,bourguiba,1,succession
Q3039490,TN-hedi-zeghal,education,1974-11-05,2481.0,bourguiba,1,succession
TN-hedi-zeghal,Q377921,education,1976-05-31,1883.0,bourguiba,1,succession
Q377921,TN-unknown-19,education,1980-04-23,1425.0,bourguiba,1,succession
TN-unknown-19,Q16588807,education,1980-04-23,2267.0,bourguiba,1,succession
Q16588807,Q282026,education,1986-05-05,2079.0,bourguiba,1,succession
Q282026,Q3331032,education,1986-07-30,86.0,bourguiba,1,succession
Q3331032,Q12239816,education,1987-01-01,290.0,bourguiba,1,succession
Q12239816,Q54875074,education,1987-01-01,0.0,bourguiba,1,succession
Q54875074,Q12239816,education,1987-05-16,365.0,bourguiba,1,succession
Q12239816,Q30104283,education,1987-11-07,175.0,ben_ali,1,succession
Q30104283,TN-unknown-19,education,1987-11-07,55.0,ben_ali,1,succession
TN-unknown-19,Q30104283,education,1988-01-01,690.0,ben_ali,1,succession
Q30104283,Q3318475,education,1989-04-11,366.0,ben_ali,1,succession
Q3318475,Q29816892,education,1989-09-27,1877.0,ben_ali,1,succession
Q29816892,Q3320646,education,1989-09-27,3703.0,ben_ali,1,succession
Q3320646,Q2827554,education,1989-09-27,3703.0,ben_ali,1,succession
Q2827554,Q60576591,education,1989-09-27,3703.0,ben_ali,1,succession
Q60576591,Q3320646,education,1991-02-20,3703.0,ben_ali,1,succession
Q3320646,Q3318475,education,1991-02-20,2872.0,ben_ali,1,succession
Q3318475,Q29816892,education,1991-10-11,3192.0,ben_ali,1,succession
Q29816892,Q2827554,education,1994-06-01,2639.0,ben_ali,1,succession
Q2827554,Q29816892,education,1994-11-14,168.0,ben_ali,1,succession
Q29816892,Q19060301,education,1997-10-09,1060.0,ben_ali,1,succession
Q19060301,Q2821241,education,1999-02-15,494.0,ben_ali,1,succession
Q2821241,Q16027809,education,1999-11-17,275.0,ben_ali,1,succession
Q16027809,Q19956346,education,1999-11-17,4120.0,ben_ali,1,succession
Q19956346,Q3320454,education,1999-11-17,4120.0,ben_ali,1,succession
Q3320454,Q3417449,education,1999-11-17,4120.0,ben_ali,1,succession
Q3417449,Q2827587,education,1999-11-17,4120.0,ben_ali,1,succession
Q2827587,Q3128291,education,1999-11-17,433.0,ben_ali,1,succession
Q3128291,Q2827587,education,1999-11-17,4120.0,ben_ali,1,succession
Q2827587,Q3128291,education,1999-11-17,4120.0,ben_ali,1,succession
Q3128291,Q3470845,education,1999-11-17,4120.0,ben_ali,1,succession
Q3470845,Q2827587,education,1999-11-17,4120.0,ben_ali,1,succession
Q2827587,Q2821055,education,1999-11-17,4063.0,ben_ali,1,succession
Q2821055,TN-unknown-73,education,1999-11-17,4120.0,ben_ali,1,succession
TN-unknown-73,Q3320454,education,2001-01-23,4120.0,ben_ali,1,succession
Q3320454,TN-rafaa-ben-achour,education,2001-01-23,3630.0,ben_ali,1,succession
TN-rafaa-ben-achour,Q3320454,education,2001-01-23,3630.0,ben_ali,1,succession
Q3320454,Q16027809,education,2003-08-25,944.0,ben_ali,1,succession
Q16027809,Q19956346,education,2005-08-17,723.0,ben_ali,1,succession
Q19956346,Q3470845,education,2008-08-29,1963.0,ben_ali,1,succession
Q3470845,TN-bechir-louzir,education,2008-08-29,855.0,ben_ali,1,succession
TN-bechir-louzir,Q3128291,education,2008-08-29,855.0,ben_ali,1,succession
Q3128291,Q2821055,education,2010-12-29,871.0,ben_ali,1,succession
Q2821055,Q2388455,education,2011-01-01,3.0,ben_ali,1,succession
Q2388455,Q2821146,education,2011-01-01,0.0,ben_ali,1,succession
Q2821146,Q2388455,education,2011-01-01,731.0,ben_ali,1,succession
Q2388455,TN-unknown-78,education,2011-01-04,0.0,ben_ali,1,succession
TN-unknown-78,Q2821055,education,2011-01-04,54.0,ben_ali,1,succession
Q2821055,Q2388455,education,2011-01-17,5713.0,transition,1,succession
Q2388455,TN-unknown-26,education,2011-02-27,341.0,transition,1,succession
TN-unknown-26,Q2388455,education,2011-02-27,300.0,transition,1,succession
Q2388455,Q2821146,education,2011-12-24,300.0,transition,1,succession
Q2821146,Q11775942,education,2013-01-01,445.0,transition,1,succession
Q11775942,Q16855223,education,2014-01-01,365.0,transition,1,succession
Q16855223,Q19956225,education,2015-01-01,365.0,second_republic,1,succession
Q19956225,Q3128291,education,2016-01-01,365.0,second_republic,1,succession
Q3128291,Q19956225,education,2016-01-01,1461.0,second_republic,1,succession
Q19956225,Q3128291,education,2016-08-27,1461.0,second_republic,1,succession
Q3128291,Q19956225,education,2016-08-27,1279.0,second_republic,1,succession
Q19956225,Q28654181,education,2017-04-30,1279.0,second_republic,1,succession
Q28654181,Q3128291,education,2017-09-06,129.0,second_republic,1,succession
Q3128291,Q29580351,education,2020-01-01,904.0,second_republic,1,succession
Q29580351,Q98828599,education,2020-01-01,0.0,second_republic,1,succession
Q98828599,Q12239668,education,2020-02-27,366.0,second_republic,1,succession
Q12239668,Q98828599,education,2020-09-02,188.0,second_republic,1,succession
Q98828599,Q138863507,education,2021-01-01,880.0,second_republic,1,succession
Q138863507,TN-mohamed-ali-boughdiri,education,2021-01-01,1314.0,second_republic,1,succession
TN-mohamed-ali-boughdiri,Q98828599,education,2021-01-01,1314.0,second_republic,1,succession
Q98828599,TN-unknown-129,education,2023-08-01,1314.0,saied_exception,1,succession
TN-unknown-129,Q125330973,education,2024-04-01,1121.0,saied_exception,1,succession
Q125330973,Q138863507,education,2024-08-07,146.0,saied_exception,1,succession
Q3320454,Q54875069,employment_training,1989-09-27,3703.0,ben_ali,1,succession
Q54875069,Q54875068,employment_training,1991-02-20,3703.0,ben_ali,1,succession
Q54875068,Q3320454,employment_training,1992-06-09,3192.0,ben_ali,1,succession
Q3320454,Q16267511,employment_training,1999-11-17,2397.0,ben_ali,1,succession
Q16267511,TN-unknown-58,employment_training,1999-11-17,4120.0,ben_ali,1,succession
TN-unknown-58,TN-unknown-69,employment_training,1999-11-17,4120.0,ben_ali,1,succession
TN-unknown-69,Q3486689,employment_training,1999-11-17,4120.0,ben_ali,1,succession
Q3486689,Q19060346,employment_training,1999-11-17,4120.0,ben_ali,1,succession
Q19060346,TN-unknown-75,employment_training,1999-11-17,4063.0,ben_ali,1,succession
TN-unknown-75,Q3347261,employment_training,1999-11-17,4120.0,ben_ali,1,succession
Q3347261,Q3320454,employment_training,1999-11-17,4120.0,ben_ali,1,succession
Q3320454,TN-unknown-52,employment_training,1999-11-17,4120.0,ben_ali,1,succession
TN-unknown-52,Q3318311,employment_training,1999-11-17,4120.0,ben_ali,1,succession
Q3318311,TN-moncef-ben-said,employment_training,2001-01-23,4120.0,ben_ali,1,succession
TN-moncef-ben-said,Q16267511,employment_training,2001-01-23,3630.0,ben_ali,1,succession
Q16267511,Q3347261,employment_training,2001-10-08,3630.0,ben_ali,1,succession
Q3347261,Q19060346,employment_training,2002-09-05,332.0,ben_ali,1,succession
Q19060346,TN-omar-el-abed,employment_training,2005-08-17,2185.0,ben_ali,1,succession
TN-omar-el-abed,TN-ahmed-dhouib,employment_training,2007-09-04,1963.0,ben_ali,1,succession
TN-ahmed-dhouib,Q3486689,employment_training,2008-08-29,1215.0,ben_ali,1,succession
Q3486689,TN-mongi-bedoui,employment_training,2008-12-12,503.0,ben_ali,1,succession
TN-mongi-bedoui,Q3318311,employment_training,2010-01-14,750.0,ben_ali,1,succession
Q3318311,Q2821212,employment_training,2011-01-01,352.0,ben_ali,1,succession
Q2821212,Q3141381,employment_training,2011-01-01,731.0,ben_ali,1,succession
Q3141381,Q3474776,employment_training,2011-01-01,0.0,ben_ali,1,succession
Q3474776,Q3318311,employment_training,2011-01-04,0.0,ben_ali,1,succession
Q3318311,Q3141381,employment_training,2011-01-17,54.0,transition,1,succession
Q3141381,Q3474776,employment_training,2011-01-27,1.0,transition,1,succession
Q3474776,Q2821212,employment_training,2011-12-24,331.0,transition,1,succession
Q2821212,Q16666126,employment_training,2013-01-01,445.0,transition,1,succession
Q16666126,Q16855250,employment_training,2014-01-01,365.0,transition,1,succession
Q16855250,Q19544932,employment_training,2015-01-01,365.0,second_republic,1,succession
Q19544932,Q25453450,employment_training,2016-01-01,365.0,second_republic,1,succession
Q25453450,Q54875067,employment_training,2016-01-01,1461.0,second_republic,1,succession
Q54875067,Q27666209,employment_training,2016-01-01,1461.0,second_republic,1,succession
Q27666209,Q25453450,employment_training,2016-08-27,1461.0,second_republic,1,succession
Q25453450,Q27666209,employment_training,2016-08-27,1279.0,second_republic,1,succession
Q27666209,Q54875067,employment_training,2016-08-27,1279.0,second_republic,1,succession
Q54875067,Q25453450,employment_training,2016-08-27,1279.0,second_republic,1,succession
Q25453450,Q27666209,employment_training,2016-08-27,1279.0,second_republic,1,succession
Q27666209,Q25453450,employment_training,2016-08-27,375.0,second_republic,1,succession
Q25453450,Q54875067,employment_training,2017-09-06,1279.0,second_republic,1,succession
Q54875067,Q25453450,employment_training,2018-11-14,434.0,second_republic,1,succession
Q25453450,Q55999324,employment_training,2019-11-08,359.0,second_republic,1,succession
Q55999324,TN-youssef-fennira,employment_training,2020-01-01,111.0,second_republic,1,succession
TN-youssef-fennira,Q96473313,employment_training,2020-01-01,366.0,second_republic,1,succession
Q96473313,TN-lotfi-dhiab,employment_training,2021-01-01,0.0,second_republic,1,succession
TN-lotfi-dhiab,Q108892375,employment_training,2021-01-01,1314.0,second_republic,1,succession
Q108892375,TN-riadh-chaouad,employment_training,2021-01-01,1314.0,second_republic,1,succession
TN-riadh-chaouad,Q108892375,employment_training,2021-10-11,1314.0,saied_exception,1,succession
Q108892375,TN-unknown-13,employment_training,2023-08-01,499.0,saied_exception,1,succession
TN-unknown-13,TN-unknown-133,employment_training,2023-08-01,1121.0,saied_exception,1,succession
TN-unknown-133,TN-unknown-13,employment_training,2023-08-01,1121.0,saied_exception,1,succession
TN-unknown-13,TN-unknown-130,employment_training,2023-08-01,1121.0,saied_exception,1,succession
TN-unknown-130,TN-unknown-13,employment_training,2024-08-07,1121.0,saied_exception,1,succession
TN-unknown-13,TN-unknown-133,employment_training,2024-08-07,749.0,saied_exception,1,succession
TN-unknown-133,TN-unknown-14,employment_training,2024-08-07,749.0,saied_exception,1,succession
TN-unknown-14,TN-unknown-13,employment_training,2025-03-21,749.0,saied_exception,1,succession
TN-unknown-13,TN-unknown-14,employment_training,2025-03-21,523.0,saied_exception,1,succession
Q3318702,Q54875092,environment,1989-09-27,3703.0,ben_ali,1,succession
Q54875092,TN-salah-jebali,environment,1991-10-11,3703.0,ben_ali,1,succession
TN-salah-jebali,Q3318702,environment,1992-06-09,2639.0,ben_ali,1,succession
Q3318702,Q16267511,environment,1999-04-22,2508.0,ben_ali,1,succession
Q16267511,Q54875087,environment,1999-11-17,642.0,ben_ali,1,succession
Q54875087,Q3334855,environment,1999-11-17,4120.0,ben_ali,1,succession
Q3334855,Q16267511,environment,1999-11-17,4120.0,ben_ali,1,succession
Q16267511,TN-mohamed-nabli,environment,2001-01-23,4063.0,ben_ali,1,succession
TN-mohamed-nabli,Q3334855,environment,2004-11-11,3630.0,ben_ali,1,succession
Q3334855,Q3318465,environment,2011-01-01,2258.0,ben_ali,1,succession
Q3318465,Q3125307,environment,2011-01-17,731.0,transition,1,succession
Q3125307,Q3319366,environment,2011-01-27,10.0,transition,1,succession
Q3319366,TN-unknown-25,environment,2011-02-27,331.0,transition,1,succession
TN-unknown-25,Q3333020,environment,2011-12-24,300.0,transition,1,succession
Q3333020,Q3318800,environment,2013-03-13,445.0,transition,1,succession
Q3318800,Q22210502,environment,2015-01-01,322.0,second_republic,1,succession
Q22210502,Q30118294,environment,2016-01-01,365.0,second_republic,1,succession
Q30118294,Q61588042,environment,2016-01-01,1461.0,second_republic,1,succession
Q61588042,Q28653580,environment,2016-01-01,1461.0,second_republic,1,succession
Q28653580,Q29577510,environment,2016-01-01,1461.0,second_republic,1,succession
Q29577510,Q30118294,environment,2016-08-27,1461.0,second_republic,1,succession
Q30118294,Q28653580,environment,2016-08-27,1279.0,second_republic,1,succession
Q28653580,Q61588042,environment,2016-08-27,809.0,second_republic,1,succession
Q61588042,Q98828591,environment,2020-01-01,1279.0,second_republic,1,succession
Q98828591,Q30118294,environment,2020-01-01,366.0,second_republic,1,succession
Q30118294,Q16855080,environment,2020-01-01,0.0,second_republic,1,succession
Q16855080,Q30118294,environment,2020-02-27,366.0,second_republic,1,succession
Q30118294,Q98828591,environment,2020-09-02,188.0,second_republic,1,succession
Q98828591,Q109041047,environment,2020-12-20,109.0,second_republic,1,succession
Q109041047,Q132633142,environment,2021-01-01,295.0,second_republic,1,succession
Q132633142,Q108892383,environment,2021-01-01,1314.0,second_republic,1,succession
Q108892383,Q132633142,environment,2024-08-07,1314.0,saied_exception,1,succession
TN-jean-louis-bonnenfant,TN-jean-mathieu,equipment_housing,1950-01-01,1096.0,protectorate,1,succession
TN-jean-mathieu,TN-noureddine-zaouche,equipment_housing,1954-01-01,730.0,protectorate,1,succession
TN-noureddine-zaouche,Q16325262,equipment_housing,1954-01-01,0.0,protectorate,1,succession
Q16325262,TN-jean-mathieu,equipment_housing,1954-01-01,730.0,protectorate,1,succession
TN-jean-mathieu,TN-unknown-18,equipment_housing,1954-08-07,730.0,protectorate_end,1,succession
TN-unknown-18,Q16325262,equipment_housing,1954-08-07,613.0,protectorate_end,1,succession
Q16325262,Q12248493,equipment_housing,1954-08-07,613.0,protectorate_end,1,succession
Q12248493,Q16325262,equipment_housing,1955-09-07,613.0,protectorate_end,1,succession
Q16325262,TN-andre-barouch,equipment_housing,1956-04-15,691.0,monarchy,1,succession
TN-andre-barouch,TN-unknown-21,equipment_housing,1956-04-15,261.0,monarchy,1,succession
TN-unknown-21,Q16325262,equipment_housing,1956-04-15,466.0,monarchy,1,succession
Q16325262,Q2827627,equipment_housing,1958-12-30,261.0,bourguiba,1,succession
Q2827627,Q3461164,equipment_housing,1969-11-07,3965.0,bourguiba,1,succession
Q3461164,Q54875074,equipment_housing,1969-11-07,360.0,bourguiba,1,succession
Q54875074,Q22928978,equipment_housing,1970-11-06,360.0,bourguiba,1,succession
Q22928978,TN-abdelhamid-sassi,equipment_housing,1971-10-29,357.0,bourguiba,1,succession
TN-abdelhamid-sassi,Q12239816,equipment_housing,1971-10-29,2986.0,bourguiba,1,succession
Q12239816,Q3144591,equipment_housing,1973-06-05,585.0,bourguiba,1,succession
Q3144591,TN-abdelhamid-sassi,equipment_housing,1973-11-28,2401.0,bourguiba,1,succession
TN-abdelhamid-sassi,Q3144591,equipment_housing,1973-11-28,2225.0,bourguiba,1,succession
Q3144591,Q2820925,equipment_housing,1974-01-14,2225.0,bourguiba,1,succession
Q2820925,Q22928978,equipment_housing,1974-09-25,2178.0,bourguiba,1,succession
Q22928978,TN-abdelhamid-sassi,equipment_housing,1974-11-05,1924.0,bourguiba,1,succession
TN-abdelhamid-sassi,TN-mohamed-ali-souissi,equipment_housing,1979-11-07,1883.0,bourguiba,1,succession
TN-mohamed-ali-souissi,Q12239816,equipment_housing,1980-04-15,55.0,bourguiba,1,succession
Q12239816,TN-unknown-118,equipment_housing,1980-04-23,1319.0,bourguiba,1,succession
TN-unknown-118,Q12239816,equipment_housing,1980-04-23,2267.0,bourguiba,1,succession
Q12239816,TN-unknown-18,equipment_housing,1980-04-23,2079.0,bourguiba,1,succession
TN-unknown-18,TN-moncef-bel-hadj-amor,equipment_housing,1980-12-03,2267.0,bourguiba,1,succession
TN-moncef-bel-hadj-amor,Q12239816,equipment_housing,1980-12-03,1855.0,bourguiba,1,succession
Q12239816,Q3461164,equipment_housing,1983-11-25,1855.0,bourguiba,1,succession
Q3461164,Q12239816,equipment_housing,1984-08-25,274.0,bourguiba,1,succession
Q12239816,Q3461164,equipment_housing,1987-01-01,994.0,bourguiba,1,succession
Q3461164,Q3286574,equipment_housing,1987-05-16,365.0,bourguiba,1,succession
Q3286574,Q3461164,equipment_housing,1987-11-07,175.0,ben_ali,1,succession
Q3461164,TN-unknown-18,equipment_housing,1987-11-07,243.0,ben_ali,1,succession
TN-unknown-18,Q60573008,equipment_housing,1988-01-01,690.0,ben_ali,1,succession
Q60573008,Q97961043,equipment_housing,1988-04-12,366.0,ben_ali,1,succession
Q97961043,Q60573008,equipment_housing,1988-07-07,14015.0,ben_ali,1,succession
Q60573008,Q97961043,equipment_housing,1988-07-27,278.0,ben_ali,1,succession
Q97961043,Q2827554,equipment_housing,1989-01-01,158.0,ben_ali,1,succession
Q2827554,Q2836180,equipment_housing,1989-09-27,0.0,ben_ali,1,succession
Q2836180,Q60573013,equipment_housing,1989-09-27,3703.0,ben_ali,1,succession
Q60573013,Q97961043,equipment_housing,1989-09-27,3703.0,ben_ali,1,succession
Q97961043,Q2827554,equipment_housing,1989-09-27,3383.0,ben_ali,1,succession
Q2827554,Q60573013,equipment_housing,1992-06-09,3703.0,ben_ali,1,succession
Q60573013,Q2836180,equipment_housing,1993-06-15,2397.0,ben_ali,1,succession
Q2836180,Q19060293,equipment_housing,1997-10-09,1577.0,ben_ali,1,succession
Q19060293,Q3486513,equipment_housing,1999-11-17,2589.0,ben_ali,1,succession
Q3486513,TN-unknown-66,equipment_housing,1999-11-17,4120.0,ben_ali,1,succession
TN-unknown-66,Q27756614,equipment_housing,1999-11-17,4120.0,ben_ali,1,succession
Q27756614,Q19060293,equipment_housing,1999-11-17,4120.0,ben_ali,1,succession
Q19060293,Q19060337,equipment_housing,1999-11-17,4063.0,ben_ali,1,succession
Q19060337,TN-unknown-66,equipment_housing,1999-11-17,4063.0,ben_ali,1,succession
TN-unknown-66,Q19060337,equipment_housing,2004-11-10,4120.0,ben_ali,1,succession
Q19060337,TN-kamel-ayadi,equipment_housing,2004-11-11,1388.0,ben_ali,1,succession
TN-kamel-ayadi,TN-mohamed-nejib-berriche,equipment_housing,2006-03-13,2242.0,ben_ali,1,succession
TN-mohamed-nejib-berriche,Q3486513,equipment_housing,2008-08-29,1755.0,ben_ali,1,succession
Q3486513,Q3318774,equipment_housing,2011-01-01,855.0,ben_ali,1,succession
Q3318774,Q3318800,equipment_housing,2011-01-01,0.0,ben_ali,1,succession
Q3318800,Q3486513,equipment_housing,2011-01-04,731.0,ben_ali,1,succession
Q3486513,Q3571955,equipment_housing,2011-01-27,5713.0,transition,1,succession
Q3571955,Q3318774,equipment_housing,2011-07-01,155.0,transition,1,succession
Q3318774,Q3318800,equipment_housing,2011-12-24,176.0,transition,1,succession
Q3318800,Q2947600,equipment_housing,2013-03-13,445.0,transition,1,succession
Q2947600,TN-unknown-112,equipment_housing,2013-03-13,322.0,transition,1,succession
TN-unknown-112,Q16855255,equipment_housing,2014-01-01,322.0,transition,1,succession
Q16855255,Q23017371,equipment_housing,2015-01-01,365.0,second_republic,1,succession
Q23017371,Q22211169,equipment_housing,2015-01-01,365.0,second_republic,1,succession
Q22211169,Q23017371,equipment_housing,2015-02-06,365.0,second_republic,1,succession
Q23017371,Q22211169,equipment_housing,2015-02-06,568.0,second_republic,1,succession
Q22211169,Q23017371,equipment_housing,2015-02-06,568.0,second_republic,1,succession
Q23017371,Q61598250,equipment_housing,2016-01-01,1377.0,second_republic,1,succession
Q61598250,Q23017371,equipment_housing,2016-01-01,1461.0,second_republic,1,succession
Q23017371,Q61598250,equipment_housing,2016-08-27,1461.0,second_republic,1,succession
Q61598250,Q21511555,equipment_housing,2020-01-01,1279.0,second_republic,1,succession
Q21511555,Q86734094,equipment_housing,2020-01-01,0.0,second_republic,1,succession
Q86734094,Q109041047,equipment_housing,2020-01-01,0.0,second_republic,1,succession
Q109041047,Q86734094,equipment_housing,2020-02-27,366.0,second_republic,1,succession
Q86734094,Q21511555,equipment_housing,2020-07-15,139.0,second_republic,1,succession
Q21511555,Q109041047,equipment_housing,2020-09-02,49.0,second_republic,1,succession
Q109041047,Q136456985,equipment_housing,2021-01-01,404.0,second_republic,1,succession
Q136456985,Q108892374,equipment_housing,2021-01-01,1314.0,second_republic,1,succession
Q108892374,Q136456985,equipment_housing,2025-03-20,1314.0,saied_exception,1,succession
TN-henri-culmann-puis-jean-gaston-fraisse-a,Q1642894,finance,1954-01-01,1096.0,protectorate,1,succession
Q1642894,TN-unknown-17,finance,1954-08-07,730.0,protectorate_end,1,succession
TN-unknown-17,Q1642894,finance,1954-08-07,613.0,protectorate_end,1,succession
Q1642894,Q16117997,finance,1957-01-01,613.0,monarchy,1,succession
Q16117997,Q1642894,finance,1957-07-29,4383.0,bourguiba,1,succession
Q1642894,Q800238,finance,1958-09-30,4174.0,bourguiba,1,succession
Q800238,Q2827624,finance,1958-12-30,91.0,bourguiba,1,succession
Q2827624,Q800238,finance,1960-08-02,581.0,bourguiba,1,succession
Q800238,Q3144591,finance,1960-10-04,63.0,bourguiba,1,succession
Q3144591,Q2827512,finance,1961-01-30,91.0,bourguiba,1,succession
Q2827512,Q16117997,finance,1969-09-08,3143.0,bourguiba,1,succession
Q16117997,Q3318545,finance,1971-10-29,781.0,bourguiba,1,succession
Q3318545,Q2820994,finance,1977-12-26,2250.0,bourguiba,1,succession
Q2820994,Q744499,finance,1980-04-23,851.0,bourguiba,1,succession
Q744499,TN-unknown-17,finance,1980-04-23,2267.0,bourguiba,1,succession
TN-unknown-17,Q744499,finance,1980-04-25,2267.0,bourguiba,1,succession
Q744499,Q54875084,finance,1983-06-18,1149.0,bourguiba,1,succession
Q54875084,Q653162,finance,1986-04-28,928.0,bourguiba,1,succession
Q653162,Q3951110,finance,1986-07-08,71.0,bourguiba,1,succession
Q3951110,Q16666837,finance,1987-01-01,451.0,bourguiba,1,succession
Q16666837,TN-unknown-17,finance,1987-11-07,365.0,ben_ali,1,succession
TN-unknown-17,Q16666837,finance,1988-01-01,690.0,ben_ali,1,succession
Q16666837,Q431515,finance,1989-01-01,366.0,ben_ali,1,succession
Q431515,Q55391329,finance,1989-09-27,0.0,ben_ali,1,succession
Q55391329,Q16666837,finance,1989-09-27,3703.0,ben_ali,1,succession
Q16666837,Q16664925,finance,1989-09-27,3703.0,ben_ali,1,succession
Q16664925,TN-unknown-101,finance,1989-09-27,3703.0,ben_ali,1,succession
TN-unknown-101,Q60573426,finance,1989-09-27,3703.0,ben_ali,1,succession
Q60573426,Q431515,finance,1989-09-27,3703.0,ben_ali,1,succession
Q431515,TN-mohamed-habib-hadj-said,finance,1990-03-03,3383.0,ben_ali,1,succession
TN-mohamed-habib-hadj-said,TN-habib-lazreg,finance,1990-03-03,3226.0,ben_ali,1,succession
TN-habib-lazreg,TN-mouldi-zouaoui,finance,1990-03-03,3226.0,ben_ali,1,succession
TN-mouldi-zouaoui,Q431515,finance,1990-03-03,3226.0,ben_ali,1,succession
Q431515,Q16666837,finance,1992-06-09,3226.0,ben_ali,1,succession
Q16666837,Q16664925,finance,1997-01-22,2397.0,ben_ali,1,succession
Q16664925,Q3515404,finance,1999-04-22,709.0,ben_ali,1,succession
Q3515404,Q54875075,finance,1999-11-17,1728.0,ben_ali,1,succession
Q54875075,TN-unknown-50,finance,1999-11-17,4120.0,ben_ali,1,succession
TN-unknown-50,Q16321385,finance,1999-11-17,4120.0,ben_ali,1,succession
Q16321385,Q3431740,finance,1999-11-17,4120.0,ben_ali,1,succession
Q3431740,TN-moncef-bouden,finance,2001-01-23,4120.0,ben_ali,1,succession
TN-moncef-bouden,Q16321385,finance,2004-01-14,3630.0,ben_ali,1,succession
Q16321385,Q99528084,finance,2004-03-22,2544.0,ben_ali,1,succession
Q99528084,Q3431740,finance,2010-01-14,2476.0,ben_ali,1,succession
Q3431740,Q16267906,finance,2011-01-01,378.0,ben_ali,1,succession
Q16267906,Q3431740,finance,2011-01-01,0.0,ben_ali,1,succession
Q3431740,Q3141381,finance,2011-01-01,0.0,ben_ali,1,succession
Q3141381,Q16267906,finance,2011-01-27,731.0,transition,1,succession
Q16267906,Q3141381,finance,2011-12-24,331.0,transition,1,succession
Q3141381,Q3486675,finance,2012-07-27,445.0,transition,1,succession
Q3486675,Q3051875,finance,2012-12-19,145.0,transition,1,succession
Q3051875,TN-unknown-110,finance,2013-03-13,406.0,transition,1,succession
TN-unknown-110,Q3125835,finance,2014-01-01,322.0,transition,1,succession
Q3125835,Q21084499,finance,2015-01-01,365.0,second_republic,1,succession
Q21084499,Q3486677,finance,2015-01-01,365.0,second_republic,1,succession
Q3486677,Q3431740,finance,2016-01-01,365.0,second_republic,1,succession
Q3431740,Q30729047,finance,2016-01-01,1461.0,second_republic,1,succession
Q30729047,Q28869633,finance,2016-01-01,1461.0,second_republic,1,succession
Q28869633,Q3431740,finance,2016-08-27,1461.0,second_republic,1,succession
Q3431740,Q28869633,finance,2016-08-27,1279.0,second_republic,1,succession
Q28869633,Q27665914,finance,2017-04-30,1279.0,second_republic,1,succession
Q27665914,Q3431740,finance,2017-09-12,135.0,second_republic,1,succession
Q3431740,Q98828362,finance,2020-01-01,898.0,second_republic,1,succession
Q98828362,Q90570383,finance,2020-01-01,366.0,second_republic,1,succession
Q90570383,Q98828362,finance,2020-09-02,0.0,second_republic,1,succession
Q98828362,TN-unknown-114,finance,2020-09-02,404.0,second_republic,1,succession
TN-unknown-114,Q108159069,finance,2021-01-01,404.0,second_republic,1,succession
Q108159069,Q132560656,finance,2021-01-01,1314.0,second_republic,1,succession
Q132560656,Q108159069,finance,2021-08-02,1314.0,saied_exception,1,succession
Q108159069,Q132560656,finance,2024-08-07,1283.0,saied_exception,1,succession
Q643348,Q3461176,foreign_affairs,1957-07-29,470.0,bourguiba,1,succession
Q3461176,Q563204,foreign_affairs,1962-08-29,1857.0,bourguiba,1,succession
Q563204,Q643348,foreign_affairs,1964-11-12,806.0,bourguiba,1,succession
Q643348,Q586623,foreign_affairs,1964-11-12,1511.0,bourguiba,1,succession
Q586623,Q643348,foreign_affairs,1969-11-07,22567.0,bourguiba,1,succession
Q643348,Q586623,foreign_affairs,1969-11-07,55.0,bourguiba,1,succession
Q586623,Q1951854,foreign_affairs,1970-06-12,360.0,bourguiba,1,succession
Q1951854,TN-abdelaziz-hamzaoui,foreign_affairs,1973-11-05,20529.0,bourguiba,1,succession
TN-abdelaziz-hamzaoui,Q1530765,foreign_affairs,1974-01-14,2248.0,bourguiba,1,succession
Q1530765,TN-hechmi-kooli,foreign_affairs,1974-09-25,1440.0,bourguiba,1,succession
TN-hechmi-kooli,Q3320650,foreign_affairs,1974-11-05,1924.0,bourguiba,1,succession
Q3320650,TN-brahim-turki,foreign_affairs,1976-07-21,1883.0,bourguiba,1,succession
TN-brahim-turki,Q3318545,foreign_affairs,1977-12-24,1259.0,bourguiba,1,succession
Q3318545,Q3128202,foreign_affairs,1980-04-15,843.0,bourguiba,1,succession
Q3128202,Q313539,foreign_affairs,1981-04-15,365.0,bourguiba,1,succession
Q313539,Q3277819,foreign_affairs,1981-08-10,1979.0,bourguiba,1,succession
Q3277819,TN-ahmed-ben-arfa,foreign_affairs,1983-03-17,1605.0,bourguiba,1,succession
TN-ahmed-ben-arfa,Q313539,foreign_affairs,1986-07-08,1021.0,bourguiba,1,succession
Q313539,Q12194585,foreign_affairs,1986-09-15,177.0,bourguiba,1,succession
Q12194585,Q3470003,foreign_affairs,1987-01-01,418.0,bourguiba,1,succession
Q3470003,Q3277819,foreign_affairs,1987-01-01,0.0,bourguiba,1,succession
Q3277819,Q12194585,foreign_affairs,1987-10-02,365.0,bourguiba,1,succession
Q12194585,Q3277819,foreign_affairs,1987-11-07,14208.0,ben_ali,1,succession
Q3277819,Q4167838,foreign_affairs,1988-01-01,366.0,ben_ali,1,succession
Q4167838,Q3125299,foreign_affairs,1988-07-27,366.0,ben_ali,1,succession
Q3125299,Q4167838,foreign_affairs,1988-11-07,158.0,ben_ali,1,succession
Q4167838,Q3125299,foreign_affairs,1989-01-01,481.0,ben_ali,1,succession
Q3125299,TN-mohamed-amamou,foreign_affairs,1989-01-01,0.0,ben_ali,1,succession
TN-mohamed-amamou,Q4167838,foreign_affairs,1989-01-01,0.0,ben_ali,1,succession
Q4167838,Q3125299,foreign_affairs,1989-09-27,0.0,ben_ali,1,succession
Q3125299,Q3126302,foreign_affairs,1989-09-27,3383.0,ben_ali,1,succession
Q3126302,Q3125299,foreign_affairs,1989-09-27,3703.0,ben_ali,1,succession
Q3125299,Q3951110,foreign_affairs,1989-09-27,3703.0,ben_ali,1,succession
Q3951110,TN-unknown-97,foreign_affairs,1989-09-27,3703.0,ben_ali,1,succession
TN-unknown-97,Q2821241,foreign_affairs,1989-09-27,3703.0,ben_ali,1,succession
Q2821241,Q4167838,foreign_affairs,1989-09-27,3703.0,ben_ali,1,succession
Q4167838,Q507856,foreign_affairs,1989-09-27,3383.0,ben_ali,1,succession
Q507856,TN-mohamed-amamou,foreign_affairs,1989-09-27,3703.0,ben_ali,1,succession
TN-mohamed-amamou,TN-unknown-43,foreign_affairs,1989-09-27,3383.0,ben_ali,1,succession
TN-unknown-43,Q2688070,foreign_affairs,1989-09-27,3703.0,ben_ali,1,succession
Q2688070,Q60572709,foreign_affairs,1989-09-27,3703.0,ben_ali,1,succession
Q60572709,TN-unknown-103,foreign_affairs,1989-09-27,3703.0,ben_ali,1,succession
TN-unknown-103,Q3951110,foreign_affairs,1990-03-03,3703.0,ben_ali,1,succession
Q3951110,Q507856,foreign_affairs,1990-08-28,178.0,ben_ali,1,succession
Q507856,Q3126302,foreign_affairs,1990-10-28,3048.0,ben_ali,1,succession
Q3126302,Q3125299,foreign_affairs,1991-02-20,2987.0,ben_ali,1,succession
Q3125299,TN-noureddine-mejdoub,foreign_affairs,1991-02-20,3192.0,ben_ali,1,succession
TN-noureddine-mejdoub,Q3125299,foreign_affairs,1991-02-20,2872.0,ben_ali,1,succession
Q3125299,TN-sadok-fayala,foreign_affairs,1991-10-11,2163.0,ben_ali,1,succession
TN-sadok-fayala,Q2688070,foreign_affairs,1991-11-04,2639.0,ben_ali,1,succession
Q2688070,Q2821241,foreign_affairs,1997-01-22,2615.0,ben_ali,1,succession
Q2821241,Q2688070,foreign_affairs,1997-12-01,709.0,ben_ali,1,succession
Q2688070,Q60572709,foreign_affairs,1998-10-02,710.0,ben_ali,1,succession
Q60572709,Q3125299,foreign_affairs,1999-11-11,91.0,ben_ali,1,succession
Q3125299,Q60572709,foreign_affairs,1999-11-17,1826.0,ben_ali,1,succession
Q60572709,TN-unknown-43,foreign_affairs,1999-11-17,4063.0,ben_ali,1,succession
TN-unknown-43,TN-unknown-46,foreign_affairs,1999-11-17,4120.0,ben_ali,1,succession
TN-unknown-46,TN-unknown-56,foreign_affairs,1999-11-17,4120.0,ben_ali,1,succession
TN-unknown-56,TN-unknown-57,foreign_affairs,1999-11-17,4120.0,ben_ali,1,succession
TN-unknown-57,TN-unknown-62,foreign_affairs,1999-11-17,4120.0,ben_ali,1,succession
TN-unknown-62,TN-unknown-71,foreign_affairs,1999-11-17,4120.0,ben_ali,1,succession
TN-unknown-71,TN-unknown-74,foreign_affairs,1999-11-17,4120.0,ben_ali,1,succession
TN-unknown-74,Q1043040,foreign_affairs,1999-11-17,4120.0,ben_ali,1,succession
Q1043040,Q3128291,foreign_affairs,1999-11-17,4120.0,ben_ali,1,succession
Q3128291,Q3125299,foreign_affairs,1999-11-17,4120.0,ben_ali,1,succession
Q3125299,Q19060320,foreign_affairs,1999-11-17,4120.0,ben_ali,1,succession
Q19060320,Q2821010,foreign_affairs,1999-11-17,4120.0,ben_ali,1,succession
Q2821010,Q2821057,foreign_affairs,1999-11-17,4120.0,ben_ali,1,succession
Q2821057,Q2821210,foreign_affairs,1999-11-17,4120.0,ben_ali,1,succession
Q2821210,Q3125299,foreign_affairs,1999-11-17,4120.0,ben_ali,1,succession
Q3125299,Q2821210,foreign_affairs,1999-11-17,4063.0,ben_ali,1,succession
Q2821210,Q2821273,foreign_affairs,1999-11-17,4120.0,ben_ali,1,succession
Q2821273,Q308017,foreign_affairs,1999-11-17,4120.0,ben_ali,1,succession
Q308017,TN-sadok-fayala,foreign_affairs,2001-01-23,4120.0,ben_ali,1,succession
TN-sadok-fayala,TN-youssef-mokaddem,foreign_affairs,2001-01-23,3630.0,ben_ali,1,succession
TN-youssef-mokaddem,TN-saida-chtioui,foreign_affairs,2002-09-05,3630.0,ben_ali,1,succession
TN-saida-chtioui,Q3128291,foreign_affairs,2003-09-01,3040.0,ben_ali,1,succession
Q3128291,Q2821010,foreign_affairs,2004-11-10,2679.0,ben_ali,1,succession
Q2821010,TN-slaheddine-jemmali,foreign_affairs,2004-11-11,280.0,ben_ali,1,succession
TN-slaheddine-jemmali,Q308017,foreign_affairs,2005-08-17,2242.0,ben_ali,1,succession
Q308017,Q2821273,foreign_affairs,2007-01-25,1611.0,ben_ali,1,succession
Q2821273,Q16178347,foreign_affairs,2008-09-15,1437.0,ben_ali,1,succession
Q16178347,Q1043040,foreign_affairs,2010-01-14,838.0,ben_ali,1,succession
Q1043040,Q2821210,foreign_affairs,2010-12-29,352.0,ben_ali,1,succession
Q2821210,Q980071,foreign_affairs,2011-01-01,3.0,ben_ali,1,succession
Q980071,Q1043040,foreign_affairs,2011-01-01,0.0,ben_ali,1,succession
Q1043040,Q3417420,foreign_affairs,2011-01-01,0.0,ben_ali,1,succession
Q3417420,TN-saida-chtioui,foreign_affairs,2011-01-04,731.0,ben_ali,1,succession
TN-saida-chtioui,Q2821057,foreign_affairs,2011-01-04,5713.0,ben_ali,1,succession
Q2821057,Q401426,foreign_affairs,2011-01-27,5713.0,transition,1,succession
Q401426,Q980071,foreign_affairs,2011-02-21,25.0,transition,1,succession
Q980071,Q3417420,foreign_affairs,2011-12-23,305.0,transition,1,succession
Q3417420,Q14182276,foreign_affairs,2011-12-24,447.0,transition,1,succession
Q14182276,Q12270270,foreign_affairs,2013-01-01,445.0,transition,1,succession
Q12270270,Q15829893,foreign_affairs,2014-01-01,365.0,transition,1,succession
Q15829893,Q19544690,foreign_affairs,2014-01-29,365.0,transition,1,succession
Q19544690,Q15829893,foreign_affairs,2014-01-29,373.0,transition,1,succession
Q15829893,Q2388455,foreign_affairs,2015-01-01,373.0,second_republic,1,succession
Q2388455,TN-m-hamed-ezzine-chelaifa,foreign_affairs,2015-01-01,365.0,second_republic,1,succession
TN-m-hamed-ezzine-chelaifa,Q3196140,foreign_affairs,2015-01-01,365.0,second_republic,1,succession
Q3196140,Q2388455,foreign_affairs,2015-02-05,365.0,second_republic,1,succession
Q2388455,Q3196140,foreign_affairs,2015-02-06,335.0,second_republic,1,succession
Q3196140,Q2388455,foreign_affairs,2015-02-06,568.0,second_republic,1,succession
Q2388455,Q30729046,foreign_affairs,2016-01-01,568.0,second_republic,1,succession
Q30729046,Q3196140,foreign_affairs,2016-01-01,1461.0,second_republic,1,succession
Q3196140,Q29580435,foreign_affairs,2016-01-01,1461.0,second_republic,1,succession
Q29580435,Q3196140,foreign_affairs,2016-01-06,1461.0,second_republic,1,succession
Q3196140,Q29580435,foreign_affairs,2016-08-27,1392.0,second_republic,1,succession
Q29580435,Q30729046,foreign_affairs,2016-08-27,1279.0,second_republic,1,succession
Q30729046,Q30729169,foreign_affairs,2016-08-27,1279.0,second_republic,1,succession
Q30729169,Q30729046,foreign_affairs,2019-10-29,1279.0,second_republic,1,succession
Q30729046,Q91626084,foreign_affairs,2020-01-01,121.0,second_republic,1,succession
Q91626084,Q12270270,foreign_affairs,2020-01-01,0.0,second_republic,1,succession
Q12270270,Q92353813,foreign_affairs,2020-02-27,366.0,second_republic,1,succession
Q92353813,Q91626084,foreign_affairs,2020-02-27,188.0,second_republic,1,succession
Q91626084,Q92353813,foreign_affairs,2020-07-24,188.0,second_republic,1,succession
Q92353813,Q12270270,foreign_affairs,2020-09-02,40.0,second_republic,1,succession
Q12270270,Q109045280,foreign_affairs,2020-09-02,404.0,second_republic,1,succession
Q109045280,TN-nabil-ammar,foreign_affairs,2021-01-01,404.0,second_republic,1,succession
TN-nabil-ammar,Q12270270,foreign_affairs,2021-01-01,1314.0,second_republic,1,succession
Q12270270,TN-mohamed-ali-nafti,foreign_affairs,2021-01-01,1314.0,second_republic,1,succession
TN-mohamed-ali-nafti,TN-unknown-134,foreign_affairs,2021-10-11,1314.0,saied_exception,1,succession
TN-unknown-134,Q12270270,foreign_affairs,2021-10-11,1780.0,saied_exception,1,succession
Q12270270,TN-unknown-131,foreign_affairs,2023-08-01,1780.0,saied_exception,1,succession
TN-unknown-131,Q116730514,foreign_affairs,2023-08-01,1121.0,saied_exception,1,succession
Q116730514,Q109045280,foreign_affairs,2024-08-07,1121.0,saied_exception,1,succession
Q109045280,Q116730514,foreign_affairs,2024-08-07,749.0,saied_exception,1,succession
Q116730514,TN-unknown-131,foreign_affairs,2024-08-07,749.0,saied_exception,1,succession
TN-unknown-131,TN-unknown-2,foreign_affairs,2024-08-07,749.0,saied_exception,1,succession
TN-unknown-2,Q109045280,foreign_affairs,2025-03-21,749.0,saied_exception,1,succession
TN-rene-brouillet,TN-rene-rodiere,government_secretariat,1947-01-01,1096.0,protectorate,1,succession
TN-rene-rodiere,TN-louis-cartry,government_secretariat,1950-01-01,1096.0,protectorate,1,succession
TN-louis-cartry,TN-jacques-vimont-puis-raymond-pons-a-parti,government_secretariat,1950-01-01,730.0,protectorate,1,succession
TN-jacques-vimont-puis-raymond-pons-a-parti,TN-raymond-pons-puis-georges-dupoizat-a-par,government_secretariat,1952-01-01,730.0,protectorate,1,succession
TN-raymond-pons-puis-georges-dupoizat-a-par,TN-louis-cartry,government_secretariat,1952-01-01,731.0,protectorate,1,succession
TN-louis-cartry,TN-unknown-108,government_secretariat,1970-11-02,731.0,bourguiba,1,succession
TN-unknown-108,TN-baccar-touzani,government_secretariat,1971-10-29,3460.0,bourguiba,1,succession
TN-baccar-touzani,TN-moncef-bel-hadj-amor,government_secretariat,1976-05-31,2986.0,bourguiba,1,succession
TN-moncef-bel-hadj-amor,Q3357601,government_secretariat,1977-12-27,1310.0,bourguiba,1,succession
Q3357601,TN-moncef-zaafrane,government_secretariat,1979-11-07,735.0,bourguiba,1,succession
TN-moncef-zaafrane,TN-unknown-127,government_secretariat,1987-11-07,55.0,ben_ali,1,succession
TN-unknown-127,TN-unknown-34,government_secretariat,1987-11-07,690.0,ben_ali,1,succession
TN-unknown-34,TN-houcine-cherif,government_secretariat,1987-11-27,690.0,ben_ali,1,succession
TN-houcine-cherif,Q54875068,government_secretariat,1989-01-01,35.0,ben_ali,1,succession
Q54875068,Q3431743,government_secretariat,1989-09-27,0.0,ben_ali,1,succession
Q3431743,Q16664925,government_secretariat,1989-09-27,3703.0,ben_ali,1,succession
Q16664925,Q54875068,government_secretariat,1989-09-27,3703.0,ben_ali,1,succession
Q54875068,TN-unknown-101,government_secretariat,1991-02-20,3383.0,ben_ali,1,succession
TN-unknown-101,TN-mohamed-habib-hadj-said,government_secretariat,1991-02-20,3192.0,ben_ali,1,succession
TN-mohamed-habib-hadj-said,Q3431743,government_secretariat,1992-01-16,2872.0,ben_ali,1,succession
Q3431743,TN-slaheddine-cherif,government_secretariat,1999-04-23,2542.0,ben_ali,1,succession
TN-slaheddine-cherif,Q16180628,government_secretariat,1999-11-17,9987.0,ben_ali,1,succession
Q16180628,Q54875075,government_secretariat,1999-11-17,4063.0,ben_ali,1,succession
Q54875075,TN-unknown-67,government_secretariat,1999-11-17,4120.0,ben_ali,1,succession
TN-unknown-67,Q99528084,government_secretariat,2001-01-23,4120.0,ben_ali,1,succession
Q99528084,Q2821037,government_secretariat,2007-01-25,3630.0,ben_ali,1,succession
Q2821037,Q3431734,government_secretariat,2011-02-27,1437.0,transition,1,succession
Q3431734,Q28465669,government_secretariat,2015-02-06,300.0,second_republic,1,succession
Q12213166,Q3328983,head_of_government,1837-01-01,8401.0,beylical,1,succession
Q3328983,Q1384598,head_of_government,1855-01-01,6574.0,beylical,1,succession
Q1384598,Q1366613,head_of_government,1873-10-22,6575.0,beylical,1,succession
Q1366613,Q3319036,head_of_government,1877-07-22,1368.0,beylical,1,succession
Q3319036,Q3328917,head_of_government,1878-08-24,398.0,beylical,1,succession
Q3328917,Q3319036,head_of_government,1881-09-12,1115.0,protectorate,1,succession
Q3319036,Q3319007,head_of_government,1882-01-01,111.0,protectorate,1,succession
Q3319007,Q3272346,head_of_government,1907-01-01,9130.0,protectorate,1,succession
Q3272346,Q3572935,head_of_government,1908-01-01,517.0,protectorate,1,succession
Q3572935,Q3516540,head_of_government,1915-01-01,2557.0,protectorate,1,succession
Q3516540,Q3328933,head_of_government,1922-01-01,2557.0,protectorate,1,succession
Q3328933,Q3196139,head_of_government,1926-01-01,1461.0,protectorate,1,succession
Q3196139,Q3144594,head_of_government,1932-01-01,2191.0,protectorate,1,succession
Q3144594,Q495681,head_of_government,1943-01-01,3653.0,protectorate,1,succession
Q495681,Q3486509,head_of_government,1943-01-01,134.0,protectorate,1,succession
Q3486509,Q495681,head_of_government,1943-01-01,1461.0,protectorate,1,succession
Q495681,Q3486509,head_of_government,1943-05-15,0.0,protectorate,1,succession
Q3486509,Q3328947,head_of_government,1947-01-01,1526.0,protectorate,1,succession
Q3328947,Q495681,head_of_government,1950-01-01,1096.0,protectorate,1,succession
Q495681,Q3486509,head_of_government,1952-01-01,730.0,protectorate,1,succession
Q3486509,Q3318797,head_of_government,1953-03-02,731.0,protectorate,1,succession
Q3318797,Q495676,head_of_government,1954-01-01,472.0,protectorate,1,succession
Q495676,Q377921,head_of_government,1954-01-01,730.0,protectorate,1,succession
Q377921,Q495676,head_of_government,1954-08-07,0.0,protectorate_end,1,succession
Q495676,Q643348,head_of_government,1956-04-11,613.0,protectorate_end,1,succession
Q643348,Q800238,head_of_government,1969-11-07,470.0,bourguiba,1,succession
Q800238,Q1642894,head_of_government,1970-11-02,360.0,bourguiba,1,succession
Q1642894,Q377921,head_of_government,1980-04-23,3460.0,bourguiba,1,succession
Q377921,Q3318797,head_of_government,1980-04-23,2079.0,bourguiba,1,succession
Q3318797,Q377921,head_of_government,1980-04-23,2267.0,bourguiba,1,succession
Q377921,Q653162,head_of_government,1986-07-08,2267.0,bourguiba,1,succession
Q653162,Q204487,head_of_government,1987-10-02,451.0,bourguiba,1,succession
Q204487,Q1363916,head_of_government,1987-11-07,14208.0,ben_ali,1,succession
Q1363916,Q3486509,head_of_government,1987-11-07,690.0,ben_ali,1,succession
Q3486509,Q1363916,head_of_government,1988-07-27,690.0,ben_ali,1,succession
Q1363916,Q1381809,head_of_government,1989-09-27,158.0,ben_ali,1,succession
Q1381809,Q431515,head_of_government,1999-11-17,3703.0,ben_ali,1,succession
Q431515,Q313539,head_of_government,2011-01-01,4120.0,ben_ali,1,succession
Q313539,Q431515,head_of_government,2011-01-01,0.0,ben_ali,1,succession
Q431515,Q57699,head_of_government,2011-01-01,0.0,ben_ali,1,succession
Q57699,Q313539,head_of_government,2011-02-27,731.0,transition,1,succession
Q313539,Q57699,head_of_government,2011-12-24,300.0,transition,1,succession
Q57699,Q281184,head_of_government,2013-01-01,445.0,transition,1,succession
Q281184,Q15304780,head_of_government,2014-01-01,365.0,transition,1,succession
Q15304780,Q3125311,head_of_government,2015-01-01,365.0,second_republic,1,succession
Q3125311,Q25391268,head_of_government,2016-01-01,365.0,second_republic,1,succession
Q25391268,Q3051875,head_of_government,2020-01-01,1461.0,second_republic,1,succession
Q3051875,Q88485687,head_of_government,2020-01-01,0.0,second_republic,1,succession
Q88485687,Q3051875,head_of_government,2020-02-27,366.0,second_republic,1,succession
Q3051875,Q88485687,head_of_government,2020-09-02,188.0,second_republic,1,succession
Q88485687,Q108741355,head_of_government,2021-01-01,404.0,second_republic,1,succession
Q108741355,Q128723414,head_of_government,2021-01-01,1314.0,second_republic,1,succession
Q128723414,Q121088468,head_of_government,2021-01-01,1314.0,second_republic,1,succession
Q121088468,Q108892374,head_of_government,2021-01-01,1314.0,second_republic,1,succession
Q108892374,Q108741355,head_of_government,2021-10-11,1314.0,saied_exception,1,succession
Q108741355,Q121088468,head_of_government,2023-08-01,659.0,saied_exception,1,succession
Q121088468,Q128723414,head_of_government,2024-08-07,373.0,saied_exception,1,succession
Q128723414,Q108892374,head_of_government,2025-03-21,749.0,saied_exception,1,succession
Q2836165,Q3318419,health,1950-01-01,1096.0,protectorate,1,succession
Q3318419,Q19606694,health,1950-08-17,730.0,protectorate,1,succession
Q19606694,TN-m-hamed-gachem,health,1952-01-01,587.0,protectorate,1,succession
TN-m-hamed-gachem,Q3513893,health,1954-01-01,731.0,protectorate,1,succession
Q3513893,Q3318419,health,1954-01-01,730.0,protectorate,1,succession
Q3318419,Q3461176,health,1954-01-01,0.0,protectorate,1,succession
Q3461176,Q19606694,health,1954-03-02,730.0,protectorate,1,succession
Q19606694,Q3461176,health,1954-08-07,107.0,protectorate_end,1,succession
Q3461176,Q3513893,health,1954-08-07,613.0,protectorate_end,1,succession
Q3513893,Q3461176,health,1955-09-17,613.0,protectorate_end,1,succession
Q3461176,Q3277799,health,1956-04-15,211.0,monarchy,1,succession
Q3277799,Q2827512,health,1957-07-29,261.0,bourguiba,1,succession
Q2827512,Q3320538,health,1961-01-03,1254.0,bourguiba,1,succession
Q3320538,Q3067195,health,1964-11-11,1408.0,bourguiba,1,succession
Q3067195,Q3144591,health,1966-05-05,540.0,bourguiba,1,succession
Q3144591,Q3039490,health,1969-09-08,1222.0,bourguiba,1,succession
Q3039490,Q377921,health,1973-03-17,20806.0,bourguiba,1,succession
Q377921,Q3320650,health,1976-05-31,1171.0,bourguiba,1,succession
Q3320650,Q3320644,health,1977-12-26,574.0,bourguiba,1,succession
Q3320644,Q152369,health,1978-09-13,261.0,bourguiba,1,succession
Q152369,Q16262803,health,1979-11-07,475.0,bourguiba,1,succession
Q16262803,Q653162,health,1980-04-23,170.0,bourguiba,1,succession
Q653162,Q3318419,health,1980-04-23,2079.0,bourguiba,1,succession
Q3318419,Q653162,health,1980-04-23,2267.0,bourguiba,1,succession
Q653162,Q54875134,health,1983-10-14,2267.0,bourguiba,1,succession
Q54875134,Q50285534,health,1983-11-01,810.0,bourguiba,1,succession
Q50285534,TN-unknown-123,health,1987-11-07,792.0,ben_ali,1,succession
TN-unknown-123,Q4845531,health,1988-01-01,690.0,ben_ali,1,succession
Q4845531,Q18399544,health,1988-04-12,366.0,ben_ali,1,succession
Q18399544,Q4845531,health,1988-07-26,14015.0,ben_ali,1,succession
Q4845531,Q54875069,health,1988-07-27,259.0,ben_ali,1,succession
Q54875069,Q3012366,health,1989-01-01,158.0,ben_ali,1,succession
Q3012366,Q2912277,health,1989-09-27,0.0,ben_ali,1,succession
Q2912277,Q2836180,health,1989-09-27,3703.0,ben_ali,1,succession
Q2836180,Q2912277,health,1989-09-27,3703.0,ben_ali,1,succession
Q2912277,Q54875069,health,1989-09-27,3703.0,ben_ali,1,succession
Q54875069,Q3012366,health,1989-09-27,3703.0,ben_ali,1,succession
Q3012366,Q19060320,health,1989-09-27,3383.0,ben_ali,1,succession
Q19060320,Q54875069,health,1989-09-27,3703.0,ben_ali,1,succession
Q54875069,Q2912277,health,1990-03-03,3383.0,ben_ali,1,succession
Q2912277,Q2836180,health,1992-08-03,3226.0,ben_ali,1,succession
Q2836180,Q2912277,health,1992-08-03,2342.0,ben_ali,1,succession
Q2912277,Q19060320,health,1993-06-15,2342.0,ben_ali,1,succession
Q19060320,Q54875133,health,1999-11-17,2026.0,ben_ali,1,succession
Q54875133,Q2821127,health,1999-11-17,4120.0,ben_ali,1,succession
Q2821127,Q3320544,health,1999-11-17,4120.0,ben_ali,1,succession
Q3320544,TN-neziha-escheikh,health,1999-11-17,4120.0,ben_ali,1,succession
TN-neziha-escheikh,TN-unknown-68,health,1999-11-17,4063.0,ben_ali,1,succession
TN-unknown-68,Q2912277,health,1999-11-17,4120.0,ben_ali,1,succession
Q2912277,Q3125307,health,1999-11-17,4120.0,ben_ali,1,succession
Q3125307,Q2821127,health,2001-01-23,4120.0,ben_ali,1,succession
Q2821127,Q3125307,health,2001-10-08,3630.0,ben_ali,1,succession
Q3125307,Q99541044,health,2004-11-10,1129.0,ben_ali,1,succession
Q99541044,Q3320544,health,2007-09-03,1027.0,ben_ali,1,succession
Q3320544,TN-najoua-miladi,health,2007-09-04,1232.0,ben_ali,1,succession
TN-najoua-miladi,Q3486512,health,2011-01-01,1215.0,ben_ali,1,succession
Q3486512,Q2821154,health,2011-01-01,0.0,ben_ali,1,succession
Q2821154,Q1890995,health,2011-01-01,731.0,ben_ali,1,succession
Q1890995,Q3125336,health,2011-01-01,0.0,ben_ali,1,succession
Q3125336,Q1890995,health,2011-01-17,0.0,transition,1,succession
Q1890995,Q3125336,health,2011-01-27,10.0,transition,1,succession
Q3125336,Q3216760,health,2011-02-27,5690.0,transition,1,succession
Q3216760,Q3125336,health,2011-02-27,300.0,transition,1,succession
Q3125336,Q3486512,health,2011-07-01,300.0,transition,1,succession
Q3486512,Q2821154,health,2011-12-24,176.0,transition,1,succession
Q2821154,Q16120212,health,2014-01-01,445.0,transition,1,succession
Q16120212,Q3474776,health,2015-01-01,365.0,second_republic,1,succession
Q3474776,TN-nejmeddine-hamrouni,health,2015-01-01,365.0,second_republic,1,succession
TN-nejmeddine-hamrouni,Q3474776,health,2015-02-06,365.0,second_republic,1,succession
Q3474776,Q29577522,health,2016-01-01,568.0,second_republic,1,succession
Q29577522,Q42311056,health,2016-01-01,1461.0,second_republic,1,succession
Q42311056,Q3486677,health,2016-01-01,1461.0,second_republic,1,succession
Q3486677,Q3470859,health,2016-01-01,1461.0,second_republic,1,succession
Q3470859,Q29577522,health,2016-08-27,1461.0,second_republic,1,succession
Q29577522,Q3470859,health,2016-08-27,1279.0,second_republic,1,succession
Q3470859,Q42311056,health,2016-08-27,381.0,second_republic,1,succession
Q42311056,Q27666209,health,2016-08-27,1279.0,second_republic,1,succession
Q27666209,Q3486677,health,2016-08-27,1279.0,second_republic,1,succession
Q3486677,Q3470859,health,2016-08-27,1279.0,second_republic,1,succession
Q3470859,Q3486677,health,2017-09-12,1279.0,second_republic,1,succession
Q3486677,Q28105062,health,2017-11-07,26.0,second_republic,1,succession
Q28105062,Q27666209,health,2017-11-18,11.0,second_republic,1,succession
Q27666209,Q29577522,health,2018-11-14,361.0,second_republic,1,succession
Q29577522,Q42311056,health,2019-03-10,116.0,second_republic,1,succession
Q42311056,Q99539200,health,2020-01-01,354.0,second_republic,1,succession
Q99539200,Q2821154,health,2020-01-01,366.0,second_republic,1,succession
Q2821154,TN-hedi-khairi,health,2020-01-01,0.0,second_republic,1,succession
TN-hedi-khairi,Q2821154,health,2020-02-27,366.0,second_republic,1,succession
Q2821154,Q91645255,health,2020-07-15,188.0,second_republic,1,succession
Q91645255,Q99539200,health,2020-09-02,49.0,second_republic,1,succession
Q99539200,Q118382993,health,2021-01-01,321.0,second_republic,1,succession
Q118382993,Q86329266,health,2021-01-01,1314.0,second_republic,1,succession
Q86329266,Q28105062,health,2021-07-20,1314.0,second_republic,1,succession
Q28105062,Q86329266,health,2021-08-06,17.0,saied_exception,1,succession
Q86329266,Q118382993,health,2024-08-07,1115.0,saied_exception,1,succession
Q118382993,Q86329266,health,2024-08-07,749.0,saied_exception,1,succession
Q86329266,Q118382993,health,2024-08-25,749.0,saied_exception,1,succession
Q282026,Q3331032,higher_education,1986-05-06,468.0,bourguiba,1,succession
Q3331032,Q12239816,higher_education,1987-05-16,14722.0,bourguiba,1,succession
Q12239816,TN-abdessalem-mseddi,higher_education,1987-11-07,175.0,ben_ali,1,succession
TN-abdessalem-mseddi,Q3318475,higher_education,1989-01-01,55.0,ben_ali,1,succession
Q3318475,TN-ahmed-khaled,higher_education,1989-01-01,0.0,ben_ali,1,succession
TN-ahmed-khaled,Q3461169,higher_education,1989-01-01,0.0,ben_ali,1,succession
Q3461169,Q3318475,higher_education,1989-04-11,0.0,ben_ali,1,succession
Q3318475,Q3461169,higher_education,1989-09-27,1877.0,ben_ali,1,succession
Q3461169,Q3012366,higher_education,1989-09-27,3383.0,ben_ali,1,succession
Q3012366,Q327007,higher_education,1989-09-27,3703.0,ben_ali,1,succession
Q327007,Q3318475,higher_education,1989-09-27,3703.0,ben_ali,1,succession
Q3318475,Q3320646,higher_education,1989-09-27,3383.0,ben_ali,1,succession
Q3320646,TN-ahmed-khaled,higher_education,1989-09-27,3703.0,ben_ali,1,succession
TN-ahmed-khaled,TN-unknown-104,higher_education,1989-09-27,3383.0,ben_ali,1,succession
TN-unknown-104,Q3461169,higher_education,1989-09-27,3703.0,ben_ali,1,succession
Q3461169,Q2912277,higher_education,1989-09-27,3703.0,ben_ali,1,succession
Q2912277,Q3461169,higher_education,1989-09-27,3703.0,ben_ali,1,succession
Q3461169,Q2912277,higher_education,1989-09-27,3703.0,ben_ali,1,succession
Q2912277,Q3320646,higher_education,1990-03-03,3703.0,ben_ali,1,succession
Q3320646,Q3461169,higher_education,1991-02-20,3226.0,ben_ali,1,succession
Q3461169,Q2912277,higher_education,1991-06-26,2872.0,ben_ali,1,succession
Q2912277,TN-mongi-safra,higher_education,1992-08-03,2746.0,ben_ali,1,succession
TN-mongi-safra,Q2827554,higher_education,1994-06-01,2342.0,ben_ali,1,succession
Q2827554,Q3012366,higher_education,1994-11-16,168.0,ben_ali,1,succession
Q3012366,TN-mohamed-ben-ahmed,higher_education,1998-12-18,1507.0,ben_ali,1,succession
TN-mohamed-ben-ahmed,TN-montasser-ouaili,higher_education,1999-01-01,14.0,ben_ali,1,succession
TN-montasser-ouaili,Q3423310,higher_education,1999-11-17,4383.0,ben_ali,1,succession
Q3423310,Q3431735,higher_education,1999-11-17,4120.0,ben_ali,1,succession
Q3431735,Q2821127,higher_education,1999-11-17,4120.0,ben_ali,1,succession
Q2821127,Q19956346,higher_education,1999-11-17,4063.0,ben_ali,1,succession
Q19956346,Q3461169,higher_education,1999-11-17,4120.0,ben_ali,1,succession
Q3461169,Q3423310,higher_education,1999-11-17,4063.0,ben_ali,1,succession
Q3423310,Q3220052,higher_education,1999-11-17,4120.0,ben_ali,1,succession
Q3220052,TN-unknown-45,higher_education,1999-11-17,4120.0,ben_ali,1,succession
TN-unknown-45,TN-unknown-53,higher_education,1999-11-17,4120.0,ben_ali,1,succession
TN-unknown-53,Q3516539,higher_education,1999-11-17,4120.0,ben_ali,1,succession
Q3516539,Q2929705,higher_education,1999-11-17,4120.0,ben_ali,1,succession
Q2929705,TN-brahim-baccari,higher_education,2001-01-23,4120.0,ben_ali,1,succession
TN-brahim-baccari,Q2821127,higher_education,2001-10-08,3630.0,ben_ali,1,succession
Q2821127,Q19956346,higher_education,2002-09-05,3372.0,ben_ali,1,succession
Q19956346,Q3220052,higher_education,2004-11-10,3040.0,ben_ali,1,succession
Q3220052,Q19956346,higher_education,2004-11-11,1892.0,ben_ali,1,succession
Q19956346,Q3220052,higher_education,2004-11-11,2242.0,ben_ali,1,succession
Q3220052,TN-taieb-hadhri,higher_education,2005-08-17,2242.0,ben_ali,1,succession
TN-taieb-hadhri,Q3431735,higher_education,2007-01-25,1963.0,ben_ali,1,succession
Q3431735,Q3423310,higher_education,2010-01-14,1437.0,ben_ali,1,succession
Q3423310,Q2929705,higher_education,2010-01-14,352.0,ben_ali,1,succession
Q2929705,Q3423310,higher_education,2011-01-01,352.0,ben_ali,1,succession
Q3423310,Q3320435,higher_education,2011-01-01,0.0,ben_ali,1,succession
Q3320435,Q2827529,higher_education,2011-01-01,731.0,ben_ali,1,succession
Q2827529,Q3423310,higher_education,2011-01-04,0.0,ben_ali,1,succession
Q3423310,Q2827529,higher_education,2011-01-17,5713.0,transition,1,succession
Q2827529,Q3423310,higher_education,2011-02-27,49.0,transition,1,succession
Q3423310,Q3320435,higher_education,2011-12-24,300.0,transition,1,succession
Q3320435,Q16679067,higher_education,2014-01-01,445.0,transition,1,succession
Q16679067,Q20991574,higher_education,2015-01-01,365.0,second_republic,1,succession
Q20991574,Q28654181,higher_education,2016-01-01,365.0,second_republic,1,succession
Q28654181,TN-khalil-amiri,higher_education,2016-01-01,1461.0,second_republic,1,succession
TN-khalil-amiri,Q28654181,higher_education,2016-08-27,1461.0,second_republic,1,succession
Q28654181,Q28714939,higher_education,2016-08-27,1204.0,second_republic,1,succession
Q28714939,Q3128291,higher_education,2019-12-14,1279.0,second_republic,1,succession
Q3128291,Q98828537,higher_education,2020-01-01,75.0,second_republic,1,succession
Q98828537,Q92316785,higher_education,2020-01-01,366.0,second_republic,1,succession
Q92316785,Q3257623,higher_education,2020-07-15,0.0,second_republic,1,succession
Q3257623,Q98828537,higher_education,2020-09-02,49.0,second_republic,1,succession
Q98828537,Q108892377,higher_education,2021-01-01,404.0,second_republic,1,succession
Q108892377,TN-mondher-belaid,higher_education,2021-01-01,1314.0,second_republic,1,succession
TN-mondher-belaid,Q108892377,higher_education,2021-10-11,1314.0,saied_exception,1,succession
Q108892377,TN-unknown-8,higher_education,2024-08-07,1049.0,saied_exception,1,succession
Q3470837,TN-kamel-jendoubi,human_rights,2015-01-01,445.0,second_republic,1,succession
TN-kamel-jendoubi,Q3192369,human_rights,2015-02-06,365.0,second_republic,1,succession
Q3192369,Q10591389,human_rights,2016-08-27,568.0,second_republic,1,succession
Q10591389,Q21091553,human_rights,2016-08-27,1279.0,second_republic,1,succession
Q21091553,Q92224371,human_rights,2020-02-27,1279.0,second_republic,1,succession
TN-andre-blanchard,TN-unknown-20,ict,1954-08-07,730.0,protectorate_end,1,succession
TN-unknown-20,TN-unknown-16,ict,1954-08-07,613.0,protectorate_end,1,succession
TN-unknown-16,Q54875085,ict,1956-04-15,613.0,monarchy,1,succession
Q54875085,TN-mahmoud-khiairi,ict,1956-04-15,466.0,monarchy,1,succession
TN-mahmoud-khiairi,Q2820925,ict,1964-11-12,261.0,bourguiba,1,succession
Q2820925,Q744499,ict,1969-09-08,22567.0,bourguiba,1,succession
Q744499,Q54875074,ict,1970-06-12,20806.0,bourguiba,1,succession
Q54875074,TN-habib-ben-cheikh,ict,1970-06-17,143.0,bourguiba,1,succession
TN-habib-ben-cheikh,Q60573416,ict,1970-06-17,20524.0,bourguiba,1,succession
Q60573416,TN-habib-ben-cheikh,ict,1971-10-29,138.0,bourguiba,1,succession
TN-habib-ben-cheikh,Q16263000,ict,1979-11-07,2986.0,bourguiba,1,succession
Q16263000,TN-unknown-20,ict,1980-04-23,55.0,bourguiba,1,succession
TN-unknown-20,Q3461164,ict,1980-04-23,2267.0,bourguiba,1,succession
Q3461164,Q55392098,ict,1986-07-08,2267.0,bourguiba,1,succession
Q55392098,TN-unknown-36,ict,1987-11-07,451.0,ben_ali,1,succession
TN-unknown-36,Q19629356,ict,1989-09-27,690.0,ben_ali,1,succession
Q19629356,Q60573426,ict,1991-02-20,3703.0,ben_ali,1,succession
Q60573426,Q3417300,ict,1999-11-17,3192.0,ben_ali,1,succession
Q3417300,Q3470845,ict,1999-11-17,4120.0,ben_ali,1,succession
Q3470845,TN-unknown-63,ict,1999-11-17,4120.0,ben_ali,1,succession
TN-unknown-63,TN-unknown-48,ict,1999-11-17,4120.0,ben_ali,1,succession
TN-unknown-48,Q60573535,ict,1999-11-17,4120.0,ben_ali,1,succession
Q60573535,Q60573536,ict,1999-11-17,4120.0,ben_ali,1,succession
Q60573536,Q3358533,ict,1999-11-17,4120.0,ben_ali,1,succession
Q3358533,TN-unknown-53,ict,1999-11-17,4120.0,ben_ali,1,succession
TN-unknown-53,Q3358533,ict,1999-11-17,4120.0,ben_ali,1,succession
Q3358533,TN-unknown-72,ict,1999-11-17,4120.0,ben_ali,1,succession
TN-unknown-72,Q2827554,ict,1999-11-17,4120.0,ben_ali,1,succession
Q2827554,Q27756741,ict,1999-11-17,4120.0,ben_ali,1,succession
Q27756741,Q16268984,ict,1999-11-17,4120.0,ben_ali,1,succession
Q16268984,Q3318530,ict,1999-11-17,4120.0,ben_ali,1,succession
Q3318530,Q19629356,ict,1999-11-17,4120.0,ben_ali,1,succession
Q19629356,TN-ahmed-mahjoub,ict,2001-01-23,4120.0,ben_ali,1,succession
TN-ahmed-mahjoub,Q19629356,ict,2002-09-05,3630.0,ben_ali,1,succession
Q19629356,TN-montasser-ouaili,ict,2002-09-05,797.0,ben_ali,1,succession
TN-montasser-ouaili,TN-khadija-ghariani,ict,2004-11-11,3040.0,ben_ali,1,succession
TN-khadija-ghariani,TN-montasser-ouaili,ict,2004-11-11,2242.0,ben_ali,1,succession
TN-montasser-ouaili,Q16268984,ict,2007-09-03,2242.0,ben_ali,1,succession
Q16268984,TN-lamia-chafei-seghaier,ict,2008-01-02,864.0,ben_ali,1,succession
TN-lamia-chafei-seghaier,Q3318731,ict,2010-01-14,1095.0,ben_ali,1,succession
Q3318731,Q29577458,ict,2010-01-14,378.0,ben_ali,1,succession
Q29577458,Q3320655,ict,2011-01-01,352.0,ben_ali,1,succession
Q3320655,Q3318530,ict,2011-01-04,731.0,ben_ali,1,succession
Q3318530,TN-lamia-chafei-seghaier,ict,2011-01-04,54.0,ben_ali,1,succession
TN-lamia-chafei-seghaier,Q3470845,ict,2011-01-04,5713.0,ben_ali,1,succession
Q3470845,Q3320655,ict,2011-12-24,54.0,transition,1,succession
Q3320655,Q16679067,ict,2014-01-29,445.0,transition,1,succession
Q16679067,Q19955807,ict,2015-01-01,373.0,second_republic,1,succession
Q19955807,TN-habib-debbabi,ict,2016-01-01,365.0,second_republic,1,succession
TN-habib-debbabi,Q26834002,ict,2016-01-01,1461.0,second_republic,1,succession
Q26834002,Q30217461,ict,2016-08-27,1461.0,second_republic,1,succession
Q30217461,Q91669922,ict,2020-01-01,1279.0,second_republic,1,succession
Q91669922,TN-sofiene-hemissi,ict,2021-01-01,366.0,second_republic,1,succession
TN-sofiene-hemissi,Q108163613,ict,2021-01-01,1314.0,second_republic,1,succession
Q108163613,TN-unknown-10,ict,2024-08-07,1314.0,saied_exception,1,succession
TN-unknown-10,Q108163613,ict,2024-08-07,749.0,saied_exception,1,succession
Q108163613,TN-unknown-10,ict,2025-03-21,749.0,saied_exception,1,succession
Q2855981,Q16325262,industry_energy,1957-07-29,470.0,bourguiba,1,succession
Q16325262,Q2827512,industry_energy,1961-11-12,1531.0,bourguiba,1,succession
Q2827512,Q16117997,industry_energy,1968-09-24,2538.0,bourguiba,1,succession
Q16117997,Q3128202,industry_energy,1969-09-08,349.0,bourguiba,1,succession
Q3128202,Q1642894,industry_energy,1970-06-12,277.0,bourguiba,1,succession
Q1642894,Q54875074,industry_energy,1970-11-06,147.0,bourguiba,1,succession
Q54875074,Q2961945,industry_energy,1972-03-22,502.0,bourguiba,1,succession
Q2961945,Q2820991,industry_energy,1974-09-25,917.0,bourguiba,1,succession
Q2820991,Q17425841,industry_energy,1977-12-26,1188.0,bourguiba,1,succession
Q17425841,Q653162,industry_energy,1977-12-26,850.0,bourguiba,1,succession
Q653162,Q48757077,industry_energy,1979-11-07,701.0,bourguiba,1,succession
Q48757077,Q2820991,industry_energy,1980-04-25,170.0,bourguiba,1,succession
Q2820991,Q653162,industry_energy,1983-10-14,1267.0,bourguiba,1,succession
Q653162,Q17425841,industry_energy,1986-04-28,927.0,bourguiba,1,succession
Q17425841,Q54875084,industry_energy,1986-04-28,821.0,bourguiba,1,succession
Q54875084,Q17425841,industry_energy,1986-04-28,14730.0,bourguiba,1,succession
Q17425841,Q54875084,industry_energy,1986-04-28,821.0,bourguiba,1,succession
Q54875084,Q29580479,industry_energy,1987-01-01,558.0,bourguiba,1,succession
Q29580479,Q2821241,industry_energy,1987-11-07,365.0,ben_ali,1,succession
Q2821241,Q19629356,industry_energy,1988-01-01,55.0,ben_ali,1,succession
Q19629356,Q99543891,industry_energy,1988-07-27,366.0,ben_ali,1,succession
Q99543891,Q19629356,industry_energy,1988-07-27,584.0,ben_ali,1,succession
Q19629356,Q60573426,industry_energy,1989-09-27,258.0,ben_ali,1,succession
Q60573426,Q3486507,industry_energy,1989-09-27,3703.0,ben_ali,1,succession
Q3486507,Q431515,industry_energy,1990-03-03,3703.0,ben_ali,1,succession
Q431515,Q19629356,industry_energy,1991-02-20,354.0,ben_ali,1,succession
Q19629356,Q3486507,industry_energy,1995-01-25,1435.0,ben_ali,1,succession
Q3486507,Q17425841,industry_energy,1995-03-10,990.0,ben_ali,1,succession
Q17425841,Q19060286,industry_energy,1997-10-11,461.0,ben_ali,1,succession
Q19060286,Q2820999,industry_energy,1999-11-17,2144.0,ben_ali,1,succession
Q2820999,Q2826117,industry_energy,1999-11-17,4120.0,ben_ali,1,succession
Q2826117,TN-unknown-45,industry_energy,1999-11-17,4120.0,ben_ali,1,succession
TN-unknown-45,TN-unknown-64,industry_energy,1999-11-17,4120.0,ben_ali,1,succession
TN-unknown-64,Q19060320,industry_energy,1999-11-17,4120.0,ben_ali,1,succession
Q19060320,Q2826117,industry_energy,1999-11-17,4120.0,ben_ali,1,succession
Q2826117,Q19060286,industry_energy,1999-11-17,4120.0,ben_ali,1,succession
Q19060286,Q60573413,industry_energy,1999-11-17,4120.0,ben_ali,1,succession
Q60573413,Q3417300,industry_energy,1999-11-17,4120.0,ben_ali,1,succession
Q3417300,TN-rafaa-dekhil,industry_energy,2001-01-23,4120.0,ben_ali,1,succession
TN-rafaa-dekhil,TN-brahim-baccari,industry_energy,2001-10-08,3630.0,ben_ali,1,succession
TN-brahim-baccari,Q19060320,industry_energy,2003-08-25,3372.0,ben_ali,1,succession
Q19060320,Q60573413,industry_energy,2003-09-01,443.0,ben_ali,1,succession
Q60573413,Q19060320,industry_energy,2003-09-01,2679.0,ben_ali,1,succession
Q19060320,Q2826117,industry_energy,2004-11-10,2679.0,ben_ali,1,succession
Q2826117,Q3431735,industry_energy,2004-11-11,2301.0,ben_ali,1,succession
Q3431735,Q2820999,industry_energy,2007-01-25,2242.0,ben_ali,1,succession
Q2820999,Q2826117,industry_energy,2010-01-14,1437.0,ben_ali,1,succession
Q2826117,Q2820999,industry_energy,2011-01-01,352.0,ben_ali,1,succession
Q2820999,Q2826117,industry_energy,2011-01-27,0.0,transition,1,succession
Q2826117,Q2820999,industry_energy,2011-02-27,5690.0,transition,1,succession
Q2820999,Q3318652,industry_energy,2011-12-24,300.0,transition,1,succession
Q3318652,Q15304780,industry_energy,2013-01-01,445.0,transition,1,succession
Q15304780,Q16666543,industry_energy,2013-03-13,365.0,transition,1,succession
Q16666543,Q15304780,industry_energy,2013-03-13,322.0,transition,1,succession
Q15304780,Q16123702,industry_energy,2014-01-01,322.0,transition,1,succession
Q16123702,Q19956120,industry_energy,2015-01-01,365.0,second_republic,1,succession
Q19956120,Q3320655,industry_energy,2015-01-01,365.0,second_republic,1,succession
Q3320655,Q19956120,industry_energy,2015-01-01,365.0,second_republic,1,succession
Q19956120,Q3320655,industry_energy,2015-02-06,365.0,second_republic,1,succession
Q3320655,Q43304124,industry_energy,2016-01-01,568.0,second_republic,1,succession
Q43304124,TN-habib-debbabi,industry_energy,2016-01-01,1461.0,second_republic,1,succession
TN-habib-debbabi,Q27666209,industry_energy,2016-01-01,1461.0,second_republic,1,succession
Q27666209,TN-hachem-hmidi,industry_energy,2016-01-01,1461.0,second_republic,1,succession
TN-hachem-hmidi,Q22282799,industry_energy,2016-01-01,1461.0,second_republic,1,succession
Q22282799,Q51460814,industry_energy,2016-01-01,1461.0,second_republic,1,succession
Q51460814,Q3320655,industry_energy,2016-01-12,1461.0,second_republic,1,succession
Q3320655,Q22282799,industry_energy,2016-08-27,228.0,second_republic,1,succession
Q22282799,Q43304124,industry_energy,2016-08-27,1279.0,second_republic,1,succession
Q43304124,Q22282799,industry_energy,2016-08-27,1279.0,second_republic,1,succession
Q22282799,Q51460814,industry_energy,2016-08-27,381.0,second_republic,1,succession
Q51460814,Q19544932,industry_energy,2016-08-27,1279.0,second_republic,1,succession
Q19544932,Q30217461,industry_energy,2016-08-27,381.0,second_republic,1,succession
Q30217461,Q27666209,industry_energy,2016-08-27,1279.0,second_republic,1,succession
Q27666209,Q43304124,industry_energy,2016-08-27,1279.0,second_republic,1,succession
Q43304124,Q27666209,industry_energy,2017-09-12,1279.0,second_republic,1,succession
Q27666209,Q51460814,industry_energy,2017-09-12,67.0,second_republic,1,succession
Q51460814,Q43304124,industry_energy,2017-11-18,353.0,second_republic,1,succession
Q43304124,Q3431735,industry_energy,2020-01-01,831.0,second_republic,1,succession
Q3431735,TN-sofiane-ben-tounes,industry_energy,2020-01-01,366.0,second_republic,1,succession
TN-sofiane-ben-tounes,Q3320655,industry_energy,2020-01-01,366.0,second_republic,1,succession
Q3320655,Q99542892,industry_energy,2020-01-01,0.0,second_republic,1,succession
Q99542892,Q90946576,industry_energy,2020-01-01,366.0,second_republic,1,succession
Q90946576,Q3320655,industry_energy,2020-02-27,0.0,second_republic,1,succession
Q3320655,TN-unknown-113,industry_energy,2020-09-02,188.0,second_republic,1,succession
TN-unknown-113,Q99542892,industry_energy,2020-09-02,404.0,second_republic,1,succession
Q99542892,Q125337883,industry_energy,2021-01-01,166.0,second_republic,1,succession
Q125337883,Q108892363,industry_energy,2021-01-01,1314.0,second_republic,1,succession
Q108892363,Q109045290,industry_energy,2021-02-15,1314.0,second_republic,1,succession
Q109045290,Q108892363,industry_energy,2021-10-11,238.0,saied_exception,1,succession
Q108892363,Q125337883,industry_energy,2023-08-01,570.0,saied_exception,1,succession
Q125337883,TN-unknown-128,industry_energy,2023-08-01,1121.0,saied_exception,1,succession
TN-unknown-128,TN-unknown-3,industry_energy,2023-08-01,1121.0,saied_exception,1,succession
TN-unknown-3,Q125337883,industry_energy,2024-01-24,1121.0,saied_exception,1,succession
Q125337883,TN-unknown-3,industry_energy,2024-08-07,824.0,saied_exception,1,succession
TN-unknown-3,Q125337883,industry_energy,2025-03-21,749.0,saied_exception,1,succession
Q125337883,TN-unknown-3,industry_energy,2025-03-21,523.0,saied_exception,1,succession
TN-unknown-3,Q136456985,industry_energy,2025-03-21,523.0,saied_exception,1,succession
TN-bechir-ben-yahmed,Q3331012,information_media,1964-11-12,366.0,bourguiba,1,succession
Q3331012,TN-slaheddine-abdallah,information_media,1973-09-04,1511.0,bourguiba,1,succession
TN-slaheddine-abdallah,TN-mahmoud-maamouri,information_media,1974-03-07,2310.0,bourguiba,1,succession
TN-mahmoud-maamouri,Q43654658,information_media,1974-09-25,2126.0,bourguiba,1,succession
Q43654658,Q2268624,information_media,1978-09-20,1924.0,bourguiba,1,succession
Q2268624,Q2374730,information_media,1980-12-03,468.0,bourguiba,1,succession
Q2374730,Q121360095,information_media,1983-06-18,1855.0,bourguiba,1,succession
Q121360095,Q16263000,information_media,1985-10-23,928.0,bourguiba,1,succession
Q16263000,Q308017,information_media,1987-01-01,70.0,bourguiba,1,succession
Q308017,Q16263000,information_media,1987-01-01,365.0,bourguiba,1,succession
Q16263000,Q55196894,information_media,1988-01-01,365.0,ben_ali,1,succession
Q55196894,Q19629356,information_media,1989-01-01,366.0,ben_ali,1,succession
Q19629356,Q60573536,information_media,1989-09-27,0.0,ben_ali,1,succession
Q60573536,TN-unknown-102,information_media,1989-09-27,3703.0,ben_ali,1,succession
TN-unknown-102,Q19629356,information_media,1989-09-27,3703.0,ben_ali,1,succession
Q19629356,TN-hedi-grioui,information_media,1991-02-20,3383.0,ben_ali,1,succession
TN-hedi-grioui,TN-habib-lazreg,information_media,1991-02-20,2872.0,ben_ali,1,succession
TN-habib-lazreg,TN-fethi-houidi,information_media,1991-08-28,2872.0,ben_ali,1,succession
TN-fethi-houidi,Q3125288,information_media,1995-01-25,2683.0,ben_ali,1,succession
Q3125288,Q2827554,information_media,1997-01-22,1437.0,ben_ali,1,succession
Q2827554,Q27756741,information_media,1999-01-01,709.0,ben_ali,1,succession
Q27756741,Q3012366,information_media,1999-11-17,4383.0,ben_ali,1,succession
Q3012366,Q2827554,information_media,1999-11-17,4063.0,ben_ali,1,succession
Q2827554,Q60573535,information_media,2001-01-23,4063.0,ben_ali,1,succession
Q60573535,TN-fethi-houidi,information_media,2002-05-14,3630.0,ben_ali,1,succession
TN-fethi-houidi,TN-rafaa-dekhil,information_media,2005-08-17,3154.0,ben_ali,1,succession
TN-rafaa-dekhil,TN-oussama-romdhani,information_media,2009-10-10,1963.0,ben_ali,1,succession
TN-oussama-romdhani,Q3470845,information_media,2010-12-29,448.0,ben_ali,1,succession
Q3470845,Q2388455,information_media,2011-01-17,19.0,transition,1,succession
Q2388455,Q3470837,information_media,2011-12-24,341.0,transition,1,succession
Q3470837,Q16666543,information_media,2014-03-05,767.0,transition,1,succession
Q16666543,Q28465669,information_media,2015-02-06,338.0,second_republic,1,succession
Q28465669,Q27758476,information_media,2016-01-06,334.0,second_republic,1,succession
Q27758476,Q10591389,information_media,2018-11-05,1034.0,second_republic,1,succession
Q10591389,Q89996191,information_media,2020-04-07,367.0,second_republic,1,succession
Q89996191,Q104828106,information_media,2021-03-08,148.0,second_republic,1,succession
Q104828106,Q110014103,information_media,2021-11-08,140.0,saied_exception,1,succession
Q110014103,Q108892375,information_media,2021-11-15,1.0,saied_exception,1,succession
Q3277799,Q563204,interior,1954-01-01,0.0,protectorate,1,succession
Q563204,Q3516543,interior,1956-04-15,730.0,monarchy,1,succession
Q3516543,Q313539,interior,1965-07-05,261.0,bourguiba,1,succession
Q313539,Q3144591,interior,1969-09-08,1526.0,bourguiba,1,succession
Q3144591,Q2827624,interior,1970-06-12,20806.0,bourguiba,1,succession
Q2827624,Q1642894,interior,1971-09-04,143.0,bourguiba,1,succession
Q1642894,Q3144591,interior,1971-10-29,55.0,bourguiba,1,succession
Q3144591,Q2374730,interior,1973-03-17,505.0,bourguiba,1,succession
Q2374730,Q2820925,interior,1977-12-23,2481.0,bourguiba,1,succession
Q2820925,Q16262803,interior,1977-12-26,3.0,bourguiba,1,succession
Q16262803,Q3357601,interior,1979-11-07,681.0,bourguiba,1,succession
Q3357601,Q3039490,interior,1980-03-01,55.0,bourguiba,1,succession
Q3039490,Q121356281,interior,1983-03-17,16979.0,bourguiba,1,succession
Q121356281,Q377921,interior,1984-01-07,1021.0,bourguiba,1,succession
Q377921,TN-ameur-ghedira,interior,1984-01-07,842.0,bourguiba,1,succession
TN-ameur-ghedira,Q204487,interior,1985-10-23,725.0,bourguiba,1,succession
Q204487,Q3125288,interior,1987-01-01,70.0,bourguiba,1,succession
Q3125288,Q2820931,interior,1987-10-02,365.0,bourguiba,1,succession
Q2820931,Q3128148,interior,1987-11-07,14208.0,ben_ali,1,succession
Q3128148,TN-mohamed-karboul,interior,1987-11-07,690.0,ben_ali,1,succession
TN-mohamed-karboul,Q3125288,interior,1987-11-07,55.0,ben_ali,1,succession
Q3125288,Q2972023,interior,1988-01-04,360.0,ben_ali,1,succession
Q2972023,TN-amor-bejaoui,interior,1988-04-27,14114.0,ben_ali,1,succession
TN-amor-bejaoui,Q2972023,interior,1988-11-01,14000.0,ben_ali,1,succession
Q2972023,Q4167838,interior,1989-09-27,61.0,ben_ali,1,succession
Q4167838,Q3318622,interior,1989-09-27,3703.0,ben_ali,1,succession
Q3318622,Q2972023,interior,1989-09-27,3703.0,ben_ali,1,succession
Q2972023,Q2836180,interior,1989-09-27,3703.0,ben_ali,1,succession
Q2836180,Q3318336,interior,1989-09-27,3703.0,ben_ali,1,succession
Q3318336,Q2820931,interior,1989-09-27,3703.0,ben_ali,1,succession
Q2820931,Q55392103,interior,1989-09-27,3703.0,ben_ali,1,succession
Q55392103,TN-unknown-100,interior,1989-09-27,3703.0,ben_ali,1,succession
TN-unknown-100,Q16664915,interior,1989-09-27,3703.0,ben_ali,1,succession
Q16664915,Q4167838,interior,1990-03-03,3703.0,ben_ali,1,succession
Q4167838,TN-mohamed-saad,interior,1990-03-03,351.0,ben_ali,1,succession
TN-mohamed-saad,TN-mohamed-larbi-mahjoubi,interior,1990-03-03,3226.0,ben_ali,1,succession
TN-mohamed-larbi-mahjoubi,Q2820931,interior,1991-02-17,3226.0,ben_ali,1,succession
Q2820931,Q3417419,interior,1991-02-20,1437.0,ben_ali,1,succession
Q3417419,Q2820931,interior,1991-10-11,2872.0,ben_ali,1,succession
Q2820931,Q3318622,interior,1995-01-24,2639.0,ben_ali,1,succession
Q3318622,TN-mohamed-ali-ganzoui,interior,1995-01-25,729.0,ben_ali,1,succession
TN-mohamed-ali-ganzoui,Q16664915,interior,1997-01-22,1437.0,ben_ali,1,succession
Q16664915,Q2836180,interior,1997-10-09,709.0,ben_ali,1,succession
Q2836180,Q3417419,interior,1999-11-17,769.0,ben_ali,1,succession
Q3417419,Q16180628,interior,1999-11-17,4120.0,ben_ali,1,succession
Q16180628,Q3318336,interior,1999-11-17,4120.0,ben_ali,1,succession
Q3318336,Q16167736,interior,1999-11-17,4120.0,ben_ali,1,succession
Q16167736,Q2820931,interior,1999-11-17,4120.0,ben_ali,1,succession
Q2820931,TN-mohamed-ali-ganzoui,interior,1999-11-17,4063.0,ben_ali,1,succession
TN-mohamed-ali-ganzoui,Q2912277,interior,1999-11-17,4063.0,ben_ali,1,succession
Q2912277,Q2820931,interior,1999-11-17,4120.0,ben_ali,1,succession
Q2820931,TN-unknown-76,interior,1999-11-17,433.0,ben_ali,1,succession
TN-unknown-76,Q2820931,interior,1999-11-17,4120.0,ben_ali,1,succession
Q2820931,Q16180628,interior,2001-01-23,4120.0,ben_ali,1,succession
Q16180628,TN-mongi-chouchane,interior,2001-01-23,459.0,ben_ali,1,succession
TN-mongi-chouchane,Q2912277,interior,2002-04-27,3630.0,ben_ali,1,succession
Q2912277,Q3417419,interior,2004-11-11,929.0,ben_ali,1,succession
Q3417419,TN-mohamed-ali-ganzoui,interior,2005-11-23,2253.0,ben_ali,1,succession
TN-mohamed-ali-ganzoui,TN-mohsen-laroui,interior,2010-10-12,1865.0,ben_ali,1,succession
TN-mohsen-laroui,Q281184,interior,2011-01-01,81.0,ben_ali,1,succession
Q281184,Q3220051,interior,2011-01-01,731.0,ben_ali,1,succession
Q3220051,Q2827554,interior,2011-01-01,0.0,ben_ali,1,succession
Q2827554,Q3066858,interior,2011-01-01,0.0,ben_ali,1,succession
Q3066858,Q3125311,interior,2011-01-01,0.0,ben_ali,1,succession
Q3125311,Q3417419,interior,2011-01-04,0.0,ben_ali,1,succession
Q3417419,TN-mongi-chouchane,interior,2011-01-04,5713.0,ben_ali,1,succession
TN-mongi-chouchane,Q2827554,interior,2011-01-12,5713.0,ben_ali,1,succession
Q2827554,Q3066858,interior,2011-01-27,15.0,transition,1,succession
Q3066858,Q3125311,interior,2011-03-28,60.0,transition,1,succession
Q3125311,Q16027804,interior,2011-12-24,271.0,transition,1,succession
Q16027804,Q281184,interior,2011-12-24,445.0,transition,1,succession
Q281184,Q7480522,interior,2013-01-01,445.0,transition,1,succession
Q7480522,Q17154190,interior,2014-01-29,365.0,transition,1,succession
Q17154190,Q21996842,interior,2015-01-01,373.0,second_republic,1,succession
Q21996842,TN-rafik-chelly,interior,2015-01-01,365.0,second_republic,1,succession
TN-rafik-chelly,Q18880483,interior,2015-01-01,365.0,second_republic,1,succession
Q18880483,Q21996842,interior,2015-01-01,365.0,second_republic,1,succession
Q21996842,Q18880483,interior,2015-02-06,365.0,second_republic,1,succession
Q18880483,Q56309568,interior,2016-01-01,568.0,second_republic,1,succession
Q56309568,Q21996842,interior,2016-01-01,1461.0,second_republic,1,succession
Q21996842,TN-samir-bechouel,interior,2016-01-01,1461.0,second_republic,1,succession
TN-samir-bechouel,Q50099224,interior,2016-01-01,1461.0,second_republic,1,succession
Q50099224,Q21996842,interior,2016-01-12,1461.0,second_republic,1,succession
Q21996842,Q104602558,interior,2016-08-27,603.0,second_republic,1,succession
Q104602558,Q21996842,interior,2016-08-27,1279.0,second_republic,1,succession
Q21996842,Q50099224,interior,2016-08-27,1279.0,second_republic,1,succession
Q50099224,Q56309568,interior,2016-08-27,1279.0,second_republic,1,succession
Q56309568,Q50099224,interior,2017-09-06,1279.0,second_republic,1,succession
Q50099224,Q16639035,interior,2018-06-06,273.0,second_republic,1,succession
Q16639035,Q56309568,interior,2018-07-30,54.0,second_republic,1,succession
Q56309568,Q88485687,interior,2020-01-01,577.0,second_republic,1,succession
Q88485687,TN-walid-dhahbi,interior,2020-01-01,0.0,second_republic,1,succession
TN-walid-dhahbi,Q98828355,interior,2020-01-01,366.0,second_republic,1,succession
Q98828355,Q88485687,interior,2020-02-27,366.0,second_republic,1,succession
Q88485687,Q98828355,interior,2020-09-02,188.0,second_republic,1,succession
Q98828355,TN-kamel-feki,interior,2021-01-01,125.0,second_republic,1,succession
TN-kamel-feki,Q130344076,interior,2021-01-01,1314.0,second_republic,1,succession
Q130344076,Q88485687,interior,2021-01-05,1314.0,second_republic,1,succession
Q88485687,Q108750786,interior,2021-07-26,201.0,saied_exception,1,succession
Q108750786,Q107707866,interior,2021-07-29,3.0,saied_exception,1,succession
Q107707866,Q98828355,interior,2021-10-11,74.0,saied_exception,1,succession
Q98828355,Q117209481,interior,2023-08-01,522.0,saied_exception,1,succession
Q117209481,Q130344076,interior,2024-05-25,1121.0,saied_exception,1,succession
Q130344076,TN-unknown,interior,2024-08-07,823.0,saied_exception,1,succession
TN-unknown,Q130344076,interior,2024-08-07,749.0,saied_exception,1,succession
Q130344076,TN-unknown,interior,2025-03-21,749.0,saied_exception,1,succession
TN-unknown,Q130344076,interior,2025-03-21,523.0,saied_exception,1,succession
TN-unknown-105,Q431515,investment_cooperation,1989-09-27,3703.0,ben_ali,1,succession
Q431515,TN-salah-brik-hannachi,investment_cooperation,1992-06-09,3703.0,ben_ali,1,succession
TN-salah-brik-hannachi,Q431515,investment_cooperation,1992-06-09,2397.0,ben_ali,1,succession
Q431515,Q19060320,investment_cooperation,1999-11-17,2397.0,ben_ali,1,succession
Q19060320,Q60573413,investment_cooperation,1999-11-17,4063.0,ben_ali,1,succession
Q60573413,TN-unknown-49,investment_cooperation,1999-11-17,4120.0,ben_ali,1,succession
TN-unknown-49,Q3318757,investment_cooperation,1999-11-17,4120.0,ben_ali,1,succession
Q3318757,Q2821057,investment_cooperation,1999-11-17,4120.0,ben_ali,1,succession
Q2821057,TN-hammouda-hamdi,investment_cooperation,2001-01-23,4120.0,ben_ali,1,succession
TN-hammouda-hamdi,TN-mohamed-nouri-jouini,investment_cooperation,2002-09-05,3630.0,ben_ali,1,succession
TN-mohamed-nouri-jouini,Q60573413,investment_cooperation,2004-11-11,3040.0,ben_ali,1,succession
Q60573413,Q2821057,investment_cooperation,2007-09-04,2242.0,ben_ali,1,succession
Q2821057,TN-riadh-bettaieb,investment_cooperation,2011-01-01,1215.0,ben_ali,1,succession
TN-riadh-bettaieb,Q3430010,investment_cooperation,2011-12-24,731.0,transition,1,succession
Q3430010,Q16171996,investment_cooperation,2013-01-01,445.0,transition,1,succession
Q16171996,Q16666835,investment_cooperation,2013-03-13,365.0,transition,1,succession
Q16666835,TN-unknown-86,investment_cooperation,2014-01-29,322.0,transition,1,succession
TN-unknown-86,Q3571955,investment_cooperation,2015-01-01,373.0,second_republic,1,succession
Q3571955,Q19543880,investment_cooperation,2015-01-01,365.0,second_republic,1,succession
Q19543880,Q28869633,investment_cooperation,2015-01-01,365.0,second_republic,1,succession
Q28869633,Q3571955,investment_cooperation,2015-02-06,365.0,second_republic,1,succession
Q3571955,Q19543880,investment_cooperation,2015-02-06,568.0,second_republic,1,succession
Q19543880,Q27665914,investment_cooperation,2016-01-01,568.0,second_republic,1,succession
Q27665914,Q19544932,investment_cooperation,2016-01-01,1461.0,second_republic,1,succession
Q19544932,Q27665914,investment_cooperation,2016-08-27,1461.0,second_republic,1,succession
Q27665914,Q19544932,investment_cooperation,2016-08-27,381.0,second_republic,1,succession
Q19544932,Q3431740,investment_cooperation,2019-11-08,1279.0,second_republic,1,succession
Q3431740,Q60428357,investment_cooperation,2020-01-01,111.0,second_republic,1,succession
Q3328983,Q3125297,justice,1943-01-01,731.0,protectorate,1,succession
Q3125297,Q3469530,justice,1943-01-01,1461.0,protectorate,1,succession
Q3469530,Q3125297,justice,1943-05-01,0.0,protectorate,1,succession
Q3125297,Q3318290,justice,1947-01-01,1553.0,protectorate,1,succession
Q3318290,Q90946576,justice,1950-01-01,1096.0,protectorate,1,succession
Q90946576,TN-sadok-djaziri,justice,1952-01-01,730.0,protectorate,1,succession
TN-sadok-djaziri,Q3326203,justice,1954-01-01,731.0,protectorate,1,succession
Q3326203,Q3461176,justice,1954-01-01,730.0,protectorate,1,succession
Q3461176,TN-tahar-lakhdar,justice,1954-01-01,730.0,protectorate,1,succession
TN-tahar-lakhdar,Q3326203,justice,1954-08-07,0.0,protectorate_end,1,succession
Q3326203,Q3461176,justice,1954-08-07,613.0,protectorate_end,1,succession
Q3461176,Q2827624,justice,1956-04-15,613.0,monarchy,1,succession
Q2827624,Q3144591,justice,1958-12-30,466.0,bourguiba,1,succession
Q3144591,Q563204,justice,1966-09-05,2806.0,bourguiba,1,succession
Q563204,Q12239765,justice,1969-09-06,1097.0,bourguiba,1,succession
Q12239765,Q586623,justice,1970-06-12,279.0,bourguiba,1,succession
Q586623,Q643348,justice,1970-06-12,143.0,bourguiba,1,succession
Q643348,Q3318545,justice,1970-11-06,20529.0,bourguiba,1,succession
Q3318545,Q12240251,justice,1971-10-29,357.0,bourguiba,1,succession
Q12240251,Q12220165,justice,1973-06-05,585.0,bourguiba,1,succession
Q12220165,TN-unknown-116,justice,1980-04-23,2516.0,bourguiba,1,succession
TN-unknown-116,Q12246948,justice,1980-04-23,2267.0,bourguiba,1,succession
Q12246948,Q16027761,justice,1984-10-29,2267.0,bourguiba,1,succession
Q16027761,Q12240636,justice,1986-02-12,471.0,bourguiba,1,succession
Q12240636,TN-unknown-126,justice,1987-11-07,14805.0,ben_ali,1,succession
TN-unknown-126,Q3125297,justice,1987-11-07,690.0,ben_ali,1,succession
Q3125297,Q1381809,justice,1988-01-01,690.0,ben_ali,1,succession
Q1381809,Q12220165,justice,1988-04-12,366.0,ben_ali,1,succession
Q12220165,Q1381809,justice,1988-07-27,106.0,ben_ali,1,succession
Q1381809,Q15055101,justice,1989-09-27,427.0,ben_ali,1,succession
Q15055101,Q2972023,justice,1989-09-27,3703.0,ben_ali,1,succession
Q2972023,Q2820931,justice,1989-09-27,3703.0,ben_ali,1,succession
Q2820931,Q15055101,justice,1989-09-27,3703.0,ben_ali,1,succession
Q15055101,Q3461169,justice,1989-09-27,3383.0,ben_ali,1,succession
Q3461169,Q2972023,justice,1990-03-03,3703.0,ben_ali,1,succession
Q2972023,Q2821241,justice,1991-02-20,3226.0,ben_ali,1,succession
Q2821241,Q3461169,justice,1992-06-09,475.0,ben_ali,1,succession
Q3461169,Q2820931,justice,1997-01-22,2397.0,ben_ali,1,succession
Q2820931,Q3220052,justice,1999-11-17,709.0,ben_ali,1,succession
Q3220052,Q2929705,justice,1999-11-17,4120.0,ben_ali,1,succession
Q2929705,Q3220052,justice,2010-01-14,4063.0,ben_ali,1,succession
Q3220052,Q668526,justice,2011-01-01,352.0,ben_ali,1,succession
Q668526,Q517946,justice,2011-01-01,731.0,ben_ali,1,succession
Q517946,Q3470837,justice,2011-01-01,0.0,ben_ali,1,succession
Q3470837,Q517946,justice,2011-01-17,731.0,transition,1,succession
Q517946,Q668526,justice,2011-12-24,341.0,transition,1,succession
Q668526,Q12352837,justice,2013-01-01,445.0,transition,1,succession
Q12352837,Q3470837,justice,2013-01-01,365.0,transition,1,succession
Q3470837,Q12352837,justice,2013-03-13,365.0,transition,1,succession
Q12352837,Q16027763,justice,2014-01-01,322.0,transition,1,succession
Q16027763,Q24690887,justice,2015-01-01,365.0,second_republic,1,succession
Q24690887,Q3318781,justice,2015-01-01,365.0,second_republic,1,succession
Q3318781,Q24690887,justice,2015-02-06,365.0,second_republic,1,succession
Q24690887,Q19248970,justice,2015-10-20,568.0,second_republic,1,succession
Q19248970,Q18398343,justice,2016-01-01,84.0,second_republic,1,succession
Q18398343,Q16639035,justice,2016-01-01,1461.0,second_republic,1,succession
Q16639035,Q24690887,justice,2016-01-12,1461.0,second_republic,1,succession
Q24690887,Q18398343,justice,2016-08-27,228.0,second_republic,1,succession
Q18398343,Q16639035,justice,2016-08-27,1279.0,second_republic,1,succession
Q16639035,Q18398343,justice,2018-11-14,809.0,second_republic,1,succession
Q18398343,Q99574115,justice,2020-01-01,470.0,second_republic,1,succession
Q99574115,TN-youssef-zouaghi,justice,2020-01-01,366.0,second_republic,1,succession
TN-youssef-zouaghi,Q85822499,justice,2020-01-01,366.0,second_republic,1,succession
Q85822499,Q99574115,justice,2020-09-02,0.0,second_republic,1,succession
Q99574115,Q98828570,justice,2021-01-01,404.0,second_republic,1,succession
Q98828570,Q104828106,justice,2021-02-15,1314.0,second_republic,1,succession
Q104828106,Q98828570,justice,2021-10-11,161.0,saied_exception,1,succession
Q3417419,Q16167736,local_affairs,1999-11-17,3703.0,ben_ali,1,succession
Q16167736,Q2827633,local_affairs,2011-01-01,4120.0,ben_ali,1,succession
Q2827633,Q2821280,local_affairs,2011-01-01,0.0,ben_ali,1,succession
Q2821280,Q2827633,local_affairs,2011-01-27,0.0,transition,1,succession
Q2827633,TN-unknown-24,local_affairs,2011-02-27,5690.0,transition,1,succession
TN-unknown-24,TN-unknown-22,local_affairs,2011-02-27,300.0,transition,1,succession
TN-unknown-22,Q16027804,local_affairs,2013-03-13,300.0,transition,1,succession
Q16027804,Q18384881,local_affairs,2014-01-29,322.0,transition,1,succession
Q18384881,Q25391268,local_affairs,2015-01-01,373.0,second_republic,1,succession
Q25391268,Q28653580,local_affairs,2016-08-27,365.0,second_republic,1,succession
Q28653580,Q61588042,local_affairs,2018-11-14,809.0,second_republic,1,succession
Q61588042,Q12237240,local_affairs,2020-01-01,470.0,second_republic,1,succession
Q12237240,Q30118294,local_affairs,2020-07-15,0.0,second_republic,1,succession
Q30118294,Q98828591,local_affairs,2020-09-02,49.0,second_republic,1,succession
Q98828591,Q109041047,local_affairs,2020-12-20,109.0,second_republic,1,succession
Q496165,Q12239816,presidency_affairs,1973-11-28,360.0,bourguiba,1,succession
Q12239816,Q3320650,presidency_affairs,1980-04-23,2225.0,bourguiba,1,succession
Q3320650,Q313539,presidency_affairs,1980-12-03,2267.0,bourguiba,1,succession
Q313539,Q1363916,presidency_affairs,1984-03-14,1855.0,bourguiba,1,succession
Q1363916,Q3286574,presidency_affairs,1986-07-08,658.0,bourguiba,1,succession
Q3286574,Q1381809,presidency_affairs,1987-01-01,177.0,bourguiba,1,succession
Q1381809,TN-unknown-15,presidency_affairs,1987-10-02,365.0,bourguiba,1,succession
TN-unknown-15,TN-kacem-bousnina,presidency_affairs,1988-11-08,14208.0,ben_ali,1,succession
TN-kacem-bousnina,Q3318622,presidency_affairs,1989-09-27,54.0,ben_ali,1,succession
Q3318622,Q16664925,presidency_affairs,1989-09-27,3703.0,ben_ali,1,succession
Q16664925,Q3318622,presidency_affairs,1997-01-22,3703.0,ben_ali,1,succession
Q3318622,TN-montasser-ouaili,presidency_affairs,1999-11-17,709.0,ben_ali,1,succession
TN-montasser-ouaili,Q2827587,presidency_affairs,1999-11-17,4063.0,ben_ali,1,succession
Q2827587,Q3431745,presidency_affairs,1999-11-17,4120.0,ben_ali,1,succession
Q3431745,TN-unknown-55,presidency_affairs,1999-11-17,4120.0,ben_ali,1,succession
TN-unknown-55,Q2827587,presidency_affairs,2001-01-23,4120.0,ben_ali,1,succession
Q2827587,TN-moncef-hergli,presidency_affairs,2002-09-05,3630.0,ben_ali,1,succession
TN-moncef-hergli,Q3431745,presidency_affairs,2009-06-10,3040.0,ben_ali,1,succession
Q3431745,TN-ridha-belhaj,presidency_affairs,2011-01-01,570.0,ben_ali,1,succession
TN-ridha-belhaj,TN-rafaa-ben-achour,presidency_affairs,2011-01-01,0.0,ben_ali,1,succession
TN-rafaa-ben-achour,TN-premier-ministre,presidency_affairs,2011-01-01,0.0,ben_ali,1,succession
TN-premier-ministre,Q2827587,presidency_affairs,2011-01-04,0.0,ben_ali,1,succession
Q2827587,Q3417449,presidency_affairs,2011-02-27,54.0,transition,1,succession
Q3417449,Q668526,presidency_affairs,2013-03-13,300.0,transition,1,succession
Q668526,Q28465669,presidency_affairs,2015-01-01,322.0,second_republic,1,succession
Q28465669,TN-kamel-jendoubi,presidency_affairs,2015-01-01,365.0,second_republic,1,succession
TN-kamel-jendoubi,Q27758476,presidency_affairs,2015-01-01,365.0,second_republic,1,succession
Q27758476,Q3220051,presidency_affairs,2015-01-01,365.0,second_republic,1,succession
Q3220051,Q27758476,presidency_affairs,2015-02-06,365.0,second_republic,1,succession
Q27758476,Q3192369,presidency_affairs,2015-02-06,568.0,second_republic,1,succession
Q3192369,Q26831315,presidency_affairs,2015-02-06,568.0,second_republic,1,succession
Q26831315,Q3220051,presidency_affairs,2015-02-06,568.0,second_republic,1,succession
Q3220051,Q30118294,presidency_affairs,2016-01-01,568.0,second_republic,1,succession
Q30118294,Q55999324,presidency_affairs,2016-01-01,1461.0,second_republic,1,succession
Q55999324,Q3257623,presidency_affairs,2020-02-27,1461.0,second_republic,1,succession
Q3257623,Q85822499,presidency_affairs,2020-09-02,188.0,second_republic,1,succession
Q85822499,TN-unknown-41,presidency_affairs,2020-09-02,404.0,second_republic,1,succession
Q12246948,Q3320424,public_service_governance,1980-04-23,55.0,bourguiba,1,succession
Q3320424,TN-mezri-chekir,public_service_governance,1980-12-03,2267.0,bourguiba,1,succession
TN-mezri-chekir,TN-houcine-cherif,public_service_governance,1987-01-01,1855.0,bourguiba,1,succession
TN-houcine-cherif,Q19060319,public_service_governance,1989-09-27,365.0,ben_ali,1,succession
Q19060319,TN-slaheddine-cherif,public_service_governance,1991-10-11,3703.0,ben_ali,1,succession
TN-slaheddine-cherif,Q2821037,public_service_governance,1999-05-04,2639.0,ben_ali,1,succession
Q2821037,Q12214730,public_service_governance,1999-11-17,9976.0,ben_ali,1,succession
Q12214730,Q2821037,public_service_governance,1999-11-17,4120.0,ben_ali,1,succession
Q2821037,Q12214730,public_service_governance,2004-11-11,4063.0,ben_ali,1,succession
Q12214730,Q2821259,public_service_governance,2011-12-24,2242.0,transition,1,succession
Q2821259,Q18610841,public_service_governance,2014-01-29,445.0,transition,1,succession
Q18610841,TN-kamel-ayadi,public_service_governance,2015-01-01,373.0,second_republic,1,succession
TN-kamel-ayadi,Q27756614,public_service_governance,2015-02-06,365.0,second_republic,1,succession
Q27756614,Q27756642,public_service_governance,2016-01-01,568.0,second_republic,1,succession
Q27756642,Q1043040,public_service_governance,2016-01-01,1461.0,second_republic,1,succession
Q1043040,Q27756642,public_service_governance,2016-08-27,1461.0,second_republic,1,succession
Q27756642,Q1043040,public_service_governance,2016-08-27,1279.0,second_republic,1,succession
Q1043040,TN-unknown-30,public_service_governance,2016-08-27,1279.0,second_republic,1,succession
TN-unknown-30,Q3318297,public_service_governance,2020-01-01,1279.0,second_republic,1,succession
Q3318297,Q104828106,public_service_governance,2020-09-02,0.0,second_republic,1,succession
Q16321385,TN-unknown-67,relations_parliament,1999-11-17,4120.0,ben_ali,1,succession
TN-unknown-67,TN-unknown-79,relations_parliament,1999-11-17,4120.0,ben_ali,1,succession
TN-unknown-79,Q16321385,relations_parliament,2004-03-22,4120.0,ben_ali,1,succession
Q16321385,Q2821037,relations_parliament,2010-01-14,2476.0,ben_ali,1,succession
Q2821037,Q10514449,relations_parliament,2016-01-01,352.0,second_republic,1,succession
Q10514449,Q10591389,relations_parliament,2016-01-01,1461.0,second_republic,1,succession
Q10591389,TN-mohamed-fadhel-mahfoudh,relations_parliament,2016-01-01,1461.0,second_republic,1,succession
TN-mohamed-fadhel-mahfoudh,Q10514449,relations_parliament,2016-08-27,1461.0,second_republic,1,succession
Q10514449,Q10591389,relations_parliament,2016-08-27,1279.0,second_republic,1,succession
Q10591389,TN-unknown-41,relations_parliament,2020-02-27,1279.0,second_republic,1,succession
Q2875153,Q377921,religious_affairs,1943-01-01,0.0,protectorate,1,succession
Q377921,TN-mohamed-saadallah,religious_affairs,1954-01-01,1461.0,protectorate,1,succession
TN-mohamed-saadallah,TN-kacem-bousnina,religious_affairs,1989-01-01,0.0,ben_ali,1,succession
TN-kacem-bousnina,Q30728289,religious_affairs,1989-09-27,0.0,ben_ali,1,succession
Q30728289,TN-unknown-96,religious_affairs,1989-09-27,3703.0,ben_ali,1,succession
TN-unknown-96,TN-kacem-bousnina,religious_affairs,1989-09-27,3703.0,ben_ali,1,succession
TN-kacem-bousnina,Q30728289,religious_affairs,1990-03-03,3383.0,ben_ali,1,succession
Q30728289,Q24690603,religious_affairs,1999-11-17,3226.0,ben_ali,1,succession
Q24690603,Q3192376,religious_affairs,1999-11-17,4120.0,ben_ali,1,succession
Q3192376,Q16325226,religious_affairs,1999-11-17,4120.0,ben_ali,1,succession
Q16325226,Q3192376,religious_affairs,2010-12-29,4120.0,ben_ali,1,succession
Q3192376,Q3217980,religious_affairs,2011-01-01,3.0,ben_ali,1,succession
Q3217980,Q3344889,religious_affairs,2011-01-01,0.0,ben_ali,1,succession
Q3344889,Q3217980,religious_affairs,2011-01-17,731.0,transition,1,succession
Q3217980,Q3344889,religious_affairs,2011-12-24,341.0,transition,1,succession
Q3344889,Q16665400,religious_affairs,2014-01-01,767.0,transition,1,succession
Q16665400,Q30104283,religious_affairs,2015-01-01,365.0,second_republic,1,succession
Q30104283,Q473394,religious_affairs,2015-01-01,365.0,second_republic,1,succession
Q473394,Q24752632,religious_affairs,2015-02-06,365.0,second_republic,1,succession
Q24752632,Q2827482,religious_affairs,2016-01-01,568.0,second_republic,1,succession
Q2827482,Q26710667,religious_affairs,2016-01-01,1461.0,second_republic,1,succession
Q26710667,Q24752632,religious_affairs,2016-01-12,1461.0,second_republic,1,succession
Q24752632,Q26710667,religious_affairs,2016-08-27,228.0,second_republic,1,succession
Q26710667,Q2827482,religious_affairs,2016-08-27,69.0,second_republic,1,succession
Q2827482,Q16639035,religious_affairs,2016-11-04,1279.0,second_republic,1,succession
Q16639035,Q2827482,religious_affairs,2017-03-20,136.0,second_republic,1,succession
Q2827482,Q132633117,religious_affairs,2021-01-01,1666.0,second_republic,1,succession
Q132633117,Q108892355,religious_affairs,2021-01-01,1314.0,second_republic,1,succession
Q108892355,Q132633117,religious_affairs,2024-08-07,1314.0,saied_exception,1,succession
TN-hamadi-badra,Q3067195,social_affairs,1954-01-01,730.0,protectorate,1,succession
Q3067195,Q25453793,social_affairs,1956-04-15,730.0,monarchy,1,succession
Q25453793,TN-mohamed-chakroun,social_affairs,1956-04-15,466.0,monarchy,1,succession
TN-mohamed-chakroun,Q2827512,social_affairs,1958-05-06,261.0,bourguiba,1,succession
Q2827512,Q3320538,social_affairs,1961-01-03,973.0,bourguiba,1,succession
Q3320538,Q3039490,social_affairs,1969-09-08,3170.0,bourguiba,1,succession
Q3039490,Q3461164,social_affairs,1969-11-07,60.0,bourguiba,1,succession
Q3461164,Q27179077,social_affairs,1971-10-29,721.0,bourguiba,1,succession
Q27179077,Q3318530,social_affairs,1974-01-14,808.0,bourguiba,1,succession
Q3318530,Q29577458,social_affairs,1974-01-14,1442.0,bourguiba,1,succession
Q29577458,TN-mohamed-jomaa,social_affairs,1977-12-27,2178.0,bourguiba,1,succession
TN-mohamed-jomaa,TN-noureddine-ktari,social_affairs,1977-12-27,735.0,bourguiba,1,succession
TN-noureddine-ktari,Q3318530,social_affairs,1979-11-07,735.0,bourguiba,1,succession
Q3318530,Q29577458,social_affairs,1980-04-23,2177.0,bourguiba,1,succession
Q29577458,Q3344886,social_affairs,1985-10-23,2079.0,bourguiba,1,succession
Q3344886,Q282026,social_affairs,1986-07-30,243.0,bourguiba,1,succession
Q282026,Q54875068,social_affairs,1987-01-01,248.0,bourguiba,1,succession
Q54875068,Q1363916,social_affairs,1987-04-04,365.0,bourguiba,1,succession
Q1363916,Q3318797,social_affairs,1987-11-07,217.0,ben_ali,1,succession
Q3318797,Q54875068,social_affairs,1987-11-07,690.0,ben_ali,1,succession
Q54875068,Q111701635,social_affairs,1988-07-27,690.0,ben_ali,1,succession
Q111701635,Q3320454,social_affairs,1989-01-01,158.0,ben_ali,1,succession
Q3320454,TN-nebiha-gueddana,social_affairs,1989-01-01,0.0,ben_ali,1,succession
TN-nebiha-gueddana,Q3320454,social_affairs,1989-09-27,0.0,ben_ali,1,succession
Q3320454,TN-unknown-54,social_affairs,1989-09-27,3383.0,ben_ali,1,succession
TN-unknown-54,Q30104283,social_affairs,1989-09-27,3703.0,ben_ali,1,succession
Q30104283,Q2972023,social_affairs,1989-09-27,3703.0,ben_ali,1,succession
Q2972023,Q3337614,social_affairs,1989-09-27,3703.0,ben_ali,1,succession
Q3337614,TN-nebiha-gueddana,social_affairs,1989-09-27,3703.0,ben_ali,1,succession
TN-nebiha-gueddana,Q19629356,social_affairs,1989-09-27,3383.0,ben_ali,1,succession
Q19629356,Q38346104,social_affairs,1989-09-27,3703.0,ben_ali,1,succession
Q38346104,Q2827664,social_affairs,1991-02-20,3703.0,ben_ali,1,succession
Q2827664,Q30104283,social_affairs,1992-08-03,2872.0,ben_ali,1,succession
Q30104283,Q38346104,social_affairs,1992-08-17,2342.0,ben_ali,1,succession
Q38346104,TN-kamel-haj-sassi,social_affairs,1993-08-06,2328.0,ben_ali,1,succession
TN-kamel-haj-sassi,Q19629356,social_affairs,1995-01-25,1974.0,ben_ali,1,succession
Q19629356,Q2972023,social_affairs,1996-06-13,1437.0,ben_ali,1,succession
Q2972023,Q3417300,social_affairs,1999-11-17,932.0,ben_ali,1,succession
Q3417300,Q3334747,social_affairs,1999-11-17,4120.0,ben_ali,1,succession
Q3334747,TN-kamel-haj-sassi,social_affairs,1999-11-17,4120.0,ben_ali,1,succession
TN-kamel-haj-sassi,TN-unknown-80,social_affairs,1999-11-17,4063.0,ben_ali,1,succession
TN-unknown-80,Q2836180,social_affairs,1999-11-17,4120.0,ben_ali,1,succession
Q2836180,Q2912277,social_affairs,1999-11-17,4120.0,ben_ali,1,succession
Q2912277,Q2972023,social_affairs,1999-11-17,4120.0,ben_ali,1,succession
Q2972023,TN-bechir-mejdoub,social_affairs,2001-01-23,4063.0,ben_ali,1,succession
TN-bechir-mejdoub,Q2912277,social_affairs,2001-01-23,3630.0,ben_ali,1,succession
Q2912277,Q2972023,social_affairs,2002-04-27,3630.0,ben_ali,1,succession
Q2972023,TN-omar-ben-mahmoud,social_affairs,2004-02-13,1208.0,ben_ali,1,succession
TN-omar-ben-mahmoud,TN-rafaa-dekhil,social_affairs,2004-11-11,2514.0,ben_ali,1,succession
TN-rafaa-dekhil,Q2836180,social_affairs,2005-08-17,2242.0,ben_ali,1,succession
Q2836180,Q3334747,social_affairs,2010-01-14,1963.0,ben_ali,1,succession
Q3334747,Q3196042,social_affairs,2011-01-01,352.0,ben_ali,1,succession
Q3196042,Q3320454,social_affairs,2011-01-01,731.0,ben_ali,1,succession
Q3320454,Q29577458,social_affairs,2011-01-01,0.0,ben_ali,1,succession
Q29577458,Q3334747,social_affairs,2011-01-04,0.0,ben_ali,1,succession
Q3334747,TN-najeh-belkhiria-karoui,social_affairs,2011-01-04,54.0,ben_ali,1,succession
TN-najeh-belkhiria-karoui,Q3334747,social_affairs,2011-01-14,5713.0,transition,1,succession
Q3334747,Q3320454,social_affairs,2011-01-17,3.0,transition,1,succession
Q3320454,Q3318530,social_affairs,2011-01-27,10.0,transition,1,succession
Q3318530,Q29577458,social_affairs,2011-01-27,331.0,transition,1,succession
Q29577458,Q3318530,social_affairs,2011-02-27,5690.0,transition,1,succession
Q3318530,Q3196042,social_affairs,2011-12-24,300.0,transition,1,succession
Q3196042,Q16802173,social_affairs,2014-01-01,767.0,transition,1,succession
Q16802173,Q20423358,social_affairs,2015-01-01,365.0,second_republic,1,succession
Q20423358,TN-belgacem-sabri,social_affairs,2015-01-01,365.0,second_republic,1,succession
TN-belgacem-sabri,TN-unknown-39,social_affairs,2015-02-06,365.0,second_republic,1,succession
TN-unknown-39,Q16802173,social_affairs,2015-02-06,568.0,second_republic,1,succession
Q16802173,Q20423358,social_affairs,2015-02-06,568.0,second_republic,1,succession
Q20423358,Q55381738,social_affairs,2016-01-01,568.0,second_republic,1,succession
Q55381738,Q28105062,social_affairs,2016-01-01,1461.0,second_republic,1,succession
Q28105062,Q20423358,social_affairs,2016-01-12,1461.0,second_republic,1,succession
Q20423358,Q55381738,social_affairs,2016-08-27,228.0,second_republic,1,succession
Q55381738,Q28105062,social_affairs,2016-08-27,1279.0,second_republic,1,succession
Q28105062,Q91645255,social_affairs,2020-01-01,1279.0,second_republic,1,succession
Q91645255,Q28105062,social_affairs,2020-09-02,0.0,second_republic,1,succession
Q28105062,TN-issam-lahmar,social_affairs,2021-01-01,404.0,second_republic,1,succession
TN-issam-lahmar,Q108892347,social_affairs,2021-01-01,1314.0,second_republic,1,succession
Q108892347,Q128723414,social_affairs,2024-05-25,1314.0,saied_exception,1,succession
Q128723414,TN-unknown-4,social_affairs,2024-08-07,92.0,saied_exception,1,succession
Q15055101,Q3431743,state_property,1999-04-22,3703.0,ben_ali,1,succession
Q3431743,Q12214730,state_property,1999-11-17,3920.0,ben_ali,1,succession
Q12214730,Q3431743,state_property,1999-11-17,4120.0,ben_ali,1,succession
Q3431743,Q3079840,state_property,1999-11-17,4120.0,ben_ali,1,succession
Q3079840,Q12214730,state_property,2010-01-14,4120.0,ben_ali,1,succession
Q12214730,Q3079840,state_property,2010-10-12,352.0,ben_ali,1,succession
Q3079840,Q2827482,state_property,2011-01-01,81.0,ben_ali,1,succession
Q2827482,Q3469772,state_property,2011-01-01,0.0,ben_ali,1,succession
Q3469772,Q3079840,state_property,2011-01-04,731.0,ben_ali,1,succession
Q3079840,Q2827482,state_property,2011-01-27,54.0,transition,1,succession
Q2827482,Q3469772,state_property,2011-12-24,331.0,transition,1,succession
Q3469772,Q18398343,state_property,2014-01-29,767.0,transition,1,succession
Q18398343,Q24951001,state_property,2015-01-01,373.0,second_republic,1,succession
Q24951001,Q20391000,state_property,2015-02-06,365.0,second_republic,1,succession
Q20391000,Q24951001,state_property,2015-02-06,568.0,second_republic,1,succession
Q24951001,Q62601798,state_property,2016-01-01,568.0,second_republic,1,succession
Q62601798,Q30729047,state_property,2016-01-01,1461.0,second_republic,1,succession
Q30729047,Q62601798,state_property,2016-08-27,1461.0,second_republic,1,succession
Q62601798,Q30729047,state_property,2017-09-06,1279.0,second_republic,1,succession
Q30729047,Q62601798,state_property,2018-11-14,434.0,second_republic,1,succession
Q62601798,Q30728498,state_property,2019-11-08,359.0,second_republic,1,succession
Q30728498,Q98828570,state_property,2020-01-01,111.0,second_republic,1,succession
Q98828570,Q104873425,state_property,2020-01-01,366.0,second_republic,1,succession
Q104873425,Q2827482,state_property,2020-01-01,366.0,second_republic,1,succession
Q2827482,Q21511555,state_property,2020-01-01,366.0,second_republic,1,succession
Q21511555,Q98828570,state_property,2020-09-02,0.0,second_republic,1,succession
Q98828570,Q109544397,state_property,2021-01-01,404.0,second_republic,1,succession
Q109544397,TN-wajdi-hdhili,state_property,2021-01-01,1314.0,second_republic,1,succession
TN-wajdi-hdhili,Q2827482,state_property,2021-02-15,1314.0,second_republic,1,succession
Q2827482,Q109544397,state_property,2021-10-11,238.0,saied_exception,1,succession
Q109544397,TN-unknown-12,state_property,2024-08-07,1049.0,saied_exception,1,succession
Q1951854,Q3320538,tourism_handicrafts,1969-09-08,280.0,bourguiba,1,succession
Q3320538,Q29440996,tourism_handicrafts,1983-06-18,424.0,bourguiba,1,succession
Q29440996,Q121360095,tourism_handicrafts,1987-01-01,1127.0,bourguiba,1,succession
Q121360095,Q3318622,tourism_handicrafts,1988-01-01,365.0,ben_ali,1,succession
Q3318622,Q2827664,tourism_handicrafts,1988-04-12,366.0,ben_ali,1,succession
Q2827664,Q3318622,tourism_handicrafts,1988-07-27,14015.0,ben_ali,1,succession
Q3318622,Q27756741,tourism_handicrafts,1989-09-27,2373.0,ben_ali,1,succession
Q27756741,Q3318622,tourism_handicrafts,1989-09-27,3703.0,ben_ali,1,succession
Q3318622,Q27756741,tourism_handicrafts,1995-01-25,3703.0,ben_ali,1,succession
Q27756741,Q3320544,tourism_handicrafts,1999-11-17,2191.0,ben_ali,1,succession
Q3320544,Q3486689,tourism_handicrafts,1999-11-17,4120.0,ben_ali,1,succession
Q3486689,Q2821241,tourism_handicrafts,1999-11-17,4120.0,ben_ali,1,succession
Q2821241,Q27756741,tourism_handicrafts,1999-11-17,4120.0,ben_ali,1,succession
Q27756741,Q60573413,tourism_handicrafts,1999-11-17,4120.0,ben_ali,1,succession
Q60573413,TN-unknown-61,tourism_handicrafts,1999-11-17,4120.0,ben_ali,1,succession
TN-unknown-61,Q3320544,tourism_handicrafts,2001-01-23,4120.0,ben_ali,1,succession
Q3320544,Q2821241,tourism_handicrafts,2004-01-14,3630.0,ben_ali,1,succession
Q2821241,TN-tijani-haddad,tourism_handicrafts,2004-11-11,2544.0,ben_ali,1,succession
TN-tijani-haddad,Q3486689,tourism_handicrafts,2005-08-17,2242.0,ben_ali,1,succession
Q3486689,Q60573413,tourism_handicrafts,2007-09-04,1963.0,ben_ali,1,succession
Q60573413,Q3486689,tourism_handicrafts,2010-01-14,863.0,ben_ali,1,succession
Q3486689,Q3051875,tourism_handicrafts,2011-01-01,352.0,ben_ali,1,succession
Q3051875,Q3318622,tourism_handicrafts,2011-01-17,731.0,transition,1,succession
Q3318622,Q3304500,tourism_handicrafts,2011-01-27,10.0,transition,1,succession
Q3304500,Q3486677,tourism_handicrafts,2011-02-27,331.0,transition,1,succession
Q3486677,Q3051875,tourism_handicrafts,2011-12-24,300.0,transition,1,succession
Q3051875,Q16269694,tourism_handicrafts,2013-01-01,445.0,transition,1,succession
Q16269694,Q15703367,tourism_handicrafts,2014-01-01,365.0,transition,1,succession
Q15703367,Q19345818,tourism_handicrafts,2015-01-01,365.0,second_republic,1,succession
Q19345818,Q20417790,tourism_handicrafts,2016-01-01,365.0,second_republic,1,succession
Q20417790,Q19345818,tourism_handicrafts,2016-08-27,1461.0,second_republic,1,succession
Q19345818,Q20417790,tourism_handicrafts,2018-11-14,1279.0,second_republic,1,succession
Q20417790,Q92354033,tourism_handicrafts,2020-01-01,470.0,second_republic,1,succession
Q92354033,Q3125288,tourism_handicrafts,2020-01-01,0.0,second_republic,1,succession
Q3125288,Q92354033,tourism_handicrafts,2020-02-27,366.0,second_republic,1,succession
Q92354033,Q3125288,tourism_handicrafts,2020-09-02,188.0,second_republic,1,succession
Q3125288,Q104821906,tourism_handicrafts,2020-09-02,404.0,second_republic,1,succession
Q104821906,Q108892366,tourism_handicrafts,2021-01-01,404.0,second_republic,1,succession
Q108892366,Q134414603,tourism_handicrafts,2021-01-01,1314.0,second_republic,1,succession
Q134414603,Q108892366,tourism_handicrafts,2021-10-11,1314.0,saied_exception,1,succession
Q108892366,Q134414603,tourism_handicrafts,2024-08-07,1049.0,saied_exception,1,succession
Q377921,TN-hedi-ben-rais,trade,1952-01-01,1096.0,protectorate,1,succession
TN-hedi-ben-rais,Q1642894,trade,1954-01-01,731.0,protectorate,1,succession
Q1642894,TN-mohamed-hadjouj,trade,1954-01-01,730.0,protectorate,1,succession
TN-mohamed-hadjouj,Q1642894,trade,1954-08-07,0.0,protectorate_end,1,succession
Q1642894,Q115868368,trade,1956-04-15,613.0,monarchy,1,succession
Q115868368,TN-bechir-ennaji,trade,1957-01-01,466.0,monarchy,1,succession
TN-bechir-ennaji,Q16117997,trade,1969-09-08,4383.0,bourguiba,1,succession
Q16117997,Q17425841,trade,1977-12-27,20806.0,bourguiba,1,succession
Q17425841,TN-unknown-115,trade,1980-04-23,735.0,bourguiba,1,succession
TN-unknown-115,Q17425841,trade,1986-04-28,2267.0,bourguiba,1,succession
Q17425841,TN-unknown-124,trade,1987-11-07,14730.0,ben_ali,1,succession
TN-unknown-124,Q99543891,trade,1988-01-01,690.0,ben_ali,1,succession
Q99543891,Q17425841,trade,1989-09-27,366.0,ben_ali,1,succession
Q17425841,Q3320544,trade,1989-09-27,3703.0,ben_ali,1,succession
Q3320544,Q55391329,trade,1989-09-27,3703.0,ben_ali,1,succession
Q55391329,Q17425841,trade,1995-01-25,3703.0,ben_ali,1,succession
Q17425841,Q3320544,trade,1996-06-13,1437.0,ben_ali,1,succession
Q3320544,Q3431745,trade,1999-11-17,932.0,ben_ali,1,succession
Q3431745,Q3318362,trade,1999-11-17,4120.0,ben_ali,1,succession
Q3318362,Q60572709,trade,1999-11-17,4120.0,ben_ali,1,succession
Q60572709,TN-unknown-71,trade,1999-11-17,4120.0,ben_ali,1,succession
TN-unknown-71,Q3320544,trade,1999-11-17,4120.0,ben_ali,1,succession
Q3320544,Q3431735,trade,1999-11-17,4120.0,ben_ali,1,succession
Q3431735,TN-unknown-57,trade,1999-11-17,4120.0,ben_ali,1,succession
TN-unknown-57,TN-unknown-59,trade,1999-11-17,4120.0,ben_ali,1,succession
TN-unknown-59,TN-unknown-60,trade,1999-11-17,4120.0,ben_ali,1,succession
TN-unknown-60,Q3320544,trade,1999-11-17,4120.0,ben_ali,1,succession
Q3320544,Q3486705,trade,1999-11-17,4063.0,ben_ali,1,succession
Q3486705,Q60572709,trade,2001-01-23,4120.0,ben_ali,1,succession
Q60572709,TN-mohamed-amor,trade,2001-01-23,3630.0,ben_ali,1,succession
TN-mohamed-amor,Q60572709,trade,2001-01-25,3630.0,ben_ali,1,succession
Q60572709,Q3320544,trade,2002-09-05,588.0,ben_ali,1,succession
Q3320544,TN-mohsen-laroui,trade,2002-09-05,1824.0,ben_ali,1,succession
TN-mohsen-laroui,TN-slaheddine-makhlouf,trade,2003-11-29,3040.0,ben_ali,1,succession
TN-slaheddine-makhlouf,TN-fakhreddine-el-messai,trade,2003-11-29,2590.0,ben_ali,1,succession
TN-fakhreddine-el-messai,Q3431745,trade,2007-09-03,2590.0,ben_ali,1,succession
Q3431745,TN-chokri-mamoghli,trade,2007-12-16,646.0,ben_ali,1,succession
TN-chokri-mamoghli,Q3431735,trade,2009-06-10,1112.0,ben_ali,1,succession
Q3431735,Q3486705,trade,2010-12-29,567.0,ben_ali,1,succession
Q3486705,Q3318652,trade,2011-01-01,3.0,ben_ali,1,succession
Q3318652,Q3318622,trade,2011-01-01,731.0,ben_ali,1,succession
Q3318622,Q3304500,trade,2011-01-01,0.0,ben_ali,1,succession
Q3304500,TN-mohsen-laroui,trade,2011-01-04,0.0,ben_ali,1,succession
TN-mohsen-laroui,Q3318622,trade,2011-01-17,5713.0,transition,1,succession
Q3318622,Q3304500,trade,2011-01-27,10.0,transition,1,succession
Q3304500,TN-unknown-82,trade,2011-12-24,331.0,transition,1,succession
TN-unknown-82,Q3318652,trade,2011-12-24,445.0,transition,1,succession
Q3318652,Q2929698,trade,2012-02-16,54.0,transition,1,succession
Q2929698,Q2821212,trade,2013-01-01,391.0,transition,1,succession
Q2821212,Q16666273,trade,2014-01-01,365.0,transition,1,succession
Q16666273,Q26505513,trade,2015-01-01,365.0,second_republic,1,succession
Q26505513,Q20412385,trade,2015-01-01,365.0,second_republic,1,succession
Q20412385,Q26505513,trade,2015-02-06,365.0,second_republic,1,succession
Q26505513,Q20412385,trade,2015-02-06,568.0,second_republic,1,succession
Q20412385,Q30729169,trade,2016-01-01,340.0,second_republic,1,succession
Q30729169,Q19544932,trade,2016-01-01,1461.0,second_republic,1,succession
Q19544932,TN-faycal-hafiane,trade,2016-01-01,1461.0,second_republic,1,succession
TN-faycal-hafiane,Q55381692,trade,2016-01-01,1461.0,second_republic,1,succession
Q55381692,Q26505513,trade,2016-01-12,1461.0,second_republic,1,succession
Q26505513,Q19544932,trade,2016-08-27,228.0,second_republic,1,succession
Q19544932,Q65130650,trade,2016-08-27,375.0,second_republic,1,succession
Q65130650,Q60455265,trade,2016-08-27,1279.0,second_republic,1,succession
Q60455265,Q55381692,trade,2016-08-27,1279.0,second_republic,1,succession
Q55381692,Q92199953,trade,2020-01-01,1279.0,second_republic,1,succession
Q92199953,Q109045290,trade,2020-01-01,0.0,second_republic,1,succession
Q109045290,Q92199953,trade,2020-02-27,366.0,second_republic,1,succession
Q92199953,Q109045290,trade,2020-09-02,188.0,second_republic,1,succession
Q109045290,TN-samir-abid,trade,2021-01-01,404.0,second_republic,1,succession
TN-samir-abid,Q116206588,trade,2021-01-01,1314.0,second_republic,1,succession
Q116206588,Q108892359,trade,2021-01-01,1314.0,second_republic,1,succession
Q108892359,Q116206588,trade,2023-01-12,1314.0,saied_exception,1,succession
Q116206588,TN-unknown-5,trade,2024-08-07,591.0,saied_exception,1,succession
TN-unknown-5,Q116206588,trade,2024-08-07,749.0,saied_exception,1,succession
Q116206588,TN-unknown-5,trade,2025-03-21,749.0,saied_exception,1,succession
TN-unknown-16,Q16325262,transport,1958-12-30,613.0,bourguiba,1,succession
Q16325262,Q22928978,transport,1973-11-28,1012.0,bourguiba,1,succession
Q22928978,Q2820925,transport,1974-09-25,2225.0,bourguiba,1,succession
Q2820925,TN-abdelhamid-sassi,transport,1976-05-31,1924.0,bourguiba,1,succession
TN-abdelhamid-sassi,Q3128202,transport,1979-11-07,1310.0,bourguiba,1,succession
Q3128202,Q3461164,transport,1980-04-15,55.0,bourguiba,1,succession
Q3461164,Q16263000,transport,1983-11-25,1319.0,bourguiba,1,succession
Q16263000,Q91669922,transport,1985-10-23,698.0,bourguiba,1,succession
Q91669922,Q121360095,transport,1987-01-01,70.0,bourguiba,1,succession
Q121360095,Q3286574,transport,1987-03-30,0.0,bourguiba,1,succession
Q3286574,Q121360095,transport,1987-10-02,222.0,bourguiba,1,succession
Q121360095,Q60573369,transport,1987-10-02,299.0,bourguiba,1,succession
Q60573369,Q2827664,transport,1988-01-01,14208.0,ben_ali,1,succession
Q2827664,Q3125288,transport,1989-09-27,366.0,ben_ali,1,succession
Q3125288,Q2827554,transport,1989-09-27,3703.0,ben_ali,1,succession
Q2827554,Q19629356,transport,1989-09-27,3703.0,ben_ali,1,succession
Q19629356,Q19060284,transport,1989-09-27,3703.0,ben_ali,1,succession
Q19060284,Q60573385,transport,1989-09-27,3703.0,ben_ali,1,succession
Q60573385,Q3320544,transport,1989-09-27,3703.0,ben_ali,1,succession
Q3320544,Q60573379,transport,1991-02-20,3703.0,ben_ali,1,succession
Q60573379,TN-faouzi-belkahia,transport,1991-02-20,3192.0,ben_ali,1,succession
TN-faouzi-belkahia,TN-tahar-hadj-ali,transport,1992-06-09,2872.0,ben_ali,1,succession
TN-tahar-hadj-ali,Q3320544,transport,1994-06-01,2397.0,ben_ali,1,succession
Q3320544,Q19629356,transport,1996-06-13,1675.0,ben_ali,1,succession
Q19629356,Q19060284,transport,1997-10-09,483.0,ben_ali,1,succession
Q19060284,TN-unknown-51,transport,1999-11-17,1792.0,ben_ali,1,succession
TN-unknown-51,Q19060284,transport,1999-11-17,4120.0,ben_ali,1,succession
Q19060284,TN-farhat-medini,transport,2001-01-23,4120.0,ben_ali,1,succession
TN-farhat-medini,Q19629356,transport,2002-09-05,3630.0,ben_ali,1,succession
Q19629356,Q2821241,transport,2004-11-10,797.0,ben_ali,1,succession
Q2821241,Q3571955,transport,2011-01-01,2256.0,ben_ali,1,succession
Q3571955,Q2821119,transport,2011-01-01,0.0,ben_ali,1,succession
Q2821119,Q3469690,transport,2011-01-01,731.0,ben_ali,1,succession
Q3469690,Q3486513,transport,2011-01-01,0.0,ben_ali,1,succession
Q3486513,Q2821241,transport,2011-01-04,0.0,ben_ali,1,succession
Q2821241,Q3486513,transport,2011-01-14,5713.0,transition,1,succession
Q3486513,Q3571955,transport,2011-01-27,13.0,transition,1,succession
Q3571955,Q3469690,transport,2011-07-01,155.0,transition,1,succession
Q3469690,Q2821119,transport,2011-12-24,176.0,transition,1,succession
Q2821119,Q16855080,transport,2014-01-01,445.0,transition,1,succession
Q16855080,Q20423358,transport,2015-01-01,365.0,second_republic,1,succession
Q20423358,Q22211169,transport,2015-01-01,365.0,second_republic,1,succession
Q22211169,Q20423358,transport,2015-02-06,365.0,second_republic,1,succession
Q20423358,Q22211169,transport,2015-02-06,568.0,second_republic,1,succession
Q22211169,Q20423358,transport,2015-02-06,568.0,second_republic,1,succession
Q20423358,Q22211169,transport,2016-01-01,340.0,second_republic,1,succession
Q22211169,Q55381738,transport,2016-01-01,1461.0,second_republic,1,succession
Q55381738,TN-sarra-rejeb,transport,2016-01-01,1461.0,second_republic,1,succession
TN-sarra-rejeb,Q30728498,transport,2016-01-01,1461.0,second_republic,1,succession
Q30728498,Q30729169,transport,2016-01-01,1461.0,second_republic,1,succession
Q30729169,Q22211169,transport,2016-01-12,1461.0,second_republic,1,succession
Q22211169,Q30728498,transport,2016-08-27,603.0,second_republic,1,succession
Q30728498,Q22211169,transport,2016-08-27,1279.0,second_republic,1,succession
Q22211169,Q51173119,transport,2016-08-27,1279.0,second_republic,1,succession
Q51173119,Q55381738,transport,2016-08-27,1279.0,second_republic,1,succession
Q55381738,Q30729169,transport,2016-08-27,1279.0,second_republic,1,succession
Q30729169,Q30728498,transport,2017-09-06,1279.0,second_republic,1,succession
Q30728498,Q30729169,transport,2018-11-14,434.0,second_republic,1,succession
Q30729169,Q20417790,transport,2019-11-08,359.0,second_republic,1,succession
Q20417790,Q19848008,transport,2020-01-01,111.0,second_republic,1,succession
Q19848008,Q26834002,transport,2020-01-01,366.0,second_republic,1,succession
Q26834002,Q91669922,transport,2020-07-15,0.0,second_republic,1,succession
Q91669922,Q130530616,transport,2020-08-06,49.0,second_republic,1,succession
Q130530616,Q19848008,transport,2020-09-02,2211.0,second_republic,1,succession
Q19848008,TN-rachid-amri,transport,2021-01-01,404.0,second_republic,1,succession
TN-rachid-amri,Q108892351,transport,2021-01-01,1314.0,second_republic,1,succession
Q108892351,Q108892374,transport,2024-08-07,1314.0,saied_exception,1,succession
Q108892374,TN-unknown-11,transport,2024-08-07,749.0,saied_exception,1,succession
TN-taieb-belkhiria,Q563204,without_portfolio,1954-01-01,731.0,protectorate,1,succession
Q563204,Q1951854,without_portfolio,1954-08-07,730.0,protectorate_end,1,succession
Q1951854,Q2875153,without_portfolio,1954-08-07,613.0,protectorate_end,1,succession
Q2875153,Q563204,without_portfolio,1954-08-07,613.0,protectorate_end,1,succession
Q563204,Q1951854,without_portfolio,1956-04-15,613.0,monarchy,1,succession
Q1951854,Q563204,without_portfolio,1956-04-15,261.0,monarchy,1,succession
Q563204,Q22928978,without_portfolio,1969-11-07,261.0,bourguiba,1,succession
Q22928978,TN-taieb-slim,without_portfolio,1971-10-29,360.0,bourguiba,1,succession
TN-taieb-slim,TN-unknown-122,without_portfolio,1987-11-07,2986.0,ben_ali,1,succession
TN-unknown-122,TN-unknown-23,without_portfolio,2011-02-27,690.0,transition,1,succession
TN-unknown-23,TN-unknown-38,without_portfolio,2015-02-06,300.0,second_republic,1,succession
TN-unknown-38,Q30729046,without_portfolio,2016-08-27,568.0,second_republic,1,succession
Q12230326,Q3347261,women_family,1989-09-27,792.0,ben_ali,1,succession
Q3347261,Q38346104,women_family,1989-09-27,3703.0,ben_ali,1,succession
Q38346104,Q3337614,women_family,1989-09-27,3703.0,ben_ali,1,succession
Q3337614,TN-nebiha-gueddana,women_family,1992-08-17,3703.0,ben_ali,1,succession
TN-nebiha-gueddana,Q38346104,women_family,1993-08-06,2328.0,ben_ali,1,succession
Q38346104,Q19631455,women_family,1995-01-01,598.0,ben_ali,1,succession
Q19631455,Q3347261,women_family,1995-03-27,2526.0,ben_ali,1,succession
Q3347261,Q3473691,women_family,1999-11-17,1376.0,ben_ali,1,succession
Q3473691,TN-unknown-70,women_family,1999-11-17,4120.0,ben_ali,1,succession
TN-unknown-70,Q38213221,women_family,1999-11-17,4120.0,ben_ali,1,succession
Q38213221,Q38259407,women_family,1999-11-17,4120.0,ben_ali,1,succession
Q38259407,Q2893398,women_family,1999-11-17,4120.0,ben_ali,1,succession
Q2893398,Q38259407,women_family,2001-10-08,4120.0,ben_ali,1,succession
Q38259407,Q38213221,women_family,2002-09-05,3372.0,ben_ali,1,succession
Q38213221,Q22344522,women_family,2004-01-01,3040.0,ben_ali,1,succession
Q22344522,Q38213221,women_family,2004-11-11,731.0,ben_ali,1,succession
Q38213221,Q3473691,women_family,2004-11-11,1026.0,ben_ali,1,succession
Q3473691,Q54875178,women_family,2006-01-01,2242.0,ben_ali,1,succession
Q54875178,Q3473691,women_family,2007-09-03,1035.0,ben_ali,1,succession
Q3473691,TN-saloua-tarzi-ben-attia,women_family,2007-10-03,865.0,ben_ali,1,succession
TN-saloua-tarzi-ben-attia,Q28018980,women_family,2008-11-01,1186.0,ben_ali,1,succession
Q28018980,Q2893398,women_family,2010-01-14,1156.0,ben_ali,1,succession
Q2893398,Q3240795,women_family,2011-01-01,352.0,ben_ali,1,succession
Q3240795,Q3483754,women_family,2011-01-01,0.0,ben_ali,1,succession
Q3483754,Q2893398,women_family,2011-01-04,731.0,ben_ali,1,succession
Q2893398,Q3240795,women_family,2011-01-17,54.0,transition,1,succession
Q3240795,Q3483754,women_family,2011-12-24,341.0,transition,1,succession
Q3483754,Q22344522,women_family,2012-01-01,445.0,transition,1,succession
Q22344522,Q3483754,women_family,2013-01-01,670.0,transition,1,succession
Q3483754,Q136769587,women_family,2013-11-01,365.0,transition,1,succession
Q136769587,Q16855104,women_family,2014-01-29,791.0,transition,1,succession
Q16855104,TN-unknown-85,women_family,2014-01-29,373.0,transition,1,succession
TN-unknown-85,Q3470859,women_family,2015-01-01,373.0,second_republic,1,succession
Q3470859,Q26905827,women_family,2016-01-01,365.0,second_republic,1,succession
Q26905827,Q44403762,women_family,2016-01-01,1461.0,second_republic,1,succession
Q44403762,Q26905827,women_family,2016-08-27,821.0,second_republic,1,succession
Q26905827,Q53025434,women_family,2018-04-01,1279.0,second_republic,1,succession
Q53025434,Q89996191,women_family,2020-01-01,1157.0,second_republic,1,succession
Q89996191,Q98844443,women_family,2020-01-01,0.0,second_republic,1,succession
Q98844443,Q89996191,women_family,2020-02-27,366.0,second_republic,1,succession
Q89996191,Q98844443,women_family,2020-09-02,188.0,second_republic,1,succession
Q98844443,Q52450891,women_family,2021-01-01,404.0,second_republic,1,succession
Q52450891,Q132560774,women_family,2021-01-01,1314.0,second_republic,1,succession
Q132560774,Q52450891,women_family,2021-10-11,1314.0,saied_exception,1,succession
Q52450891,Q132560774,women_family,2024-08-07,1780.0,saied_exception,1,succession
TN-azzouz-rebai,Q55167831,youth_sports,1956-04-15,366.0,monarchy,1,succession
Q55167831,Q3320538,youth_sports,1964-11-11,466.0,bourguiba,1,succession
Q3320538,Q377921,youth_sports,1969-11-07,1822.0,bourguiba,1,succession
Q377921,Q2961945,youth_sports,1970-06-12,55.0,bourguiba,1,succession
Q2961945,Q2374730,youth_sports,1970-11-06,147.0,bourguiba,1,succession
Q2374730,Q20047058,youth_sports,1971-10-29,3343.0,bourguiba,1,succession
Q20047058,Q12239816,youth_sports,1973-06-05,2986.0,bourguiba,1,succession
Q12239816,Q152369,youth_sports,1973-11-28,2401.0,bourguiba,1,succession
Q152369,TN-hedi-zeghal,youth_sports,1978-09-13,2225.0,bourguiba,1,succession
TN-hedi-zeghal,Q18610883,youth_sports,1980-04-23,475.0,bourguiba,1,succession
Q18610883,TN-hedi-zeghal,youth_sports,1980-04-23,2267.0,bourguiba,1,succession
TN-hedi-zeghal,Q55392091,youth_sports,1980-04-23,2079.0,bourguiba,1,succession
Q55392091,Q1381809,youth_sports,1980-04-23,2267.0,bourguiba,1,succession
Q1381809,Q91669922,youth_sports,1980-09-04,2267.0,bourguiba,1,succession
Q91669922,Q18610883,youth_sports,1985-10-23,1945.0,bourguiba,1,succession
Q18610883,Q1381809,youth_sports,1986-04-07,166.0,bourguiba,1,succession
Q1381809,Q152369,youth_sports,1987-01-01,568.0,bourguiba,1,succession
Q152369,Q1381809,youth_sports,1987-10-02,365.0,bourguiba,1,succession
Q1381809,Q152369,youth_sports,1987-10-02,14208.0,bourguiba,1,succession
Q152369,Q18399544,youth_sports,1988-01-01,14208.0,ben_ali,1,succession
Q18399544,Q4167838,youth_sports,1988-04-12,366.0,ben_ali,1,succession
Q4167838,Q18399544,youth_sports,1988-07-27,14015.0,ben_ali,1,succession
Q18399544,Q2821241,youth_sports,1989-09-27,938.0,ben_ali,1,succession
Q2821241,Q16027809,youth_sports,1989-09-27,3703.0,ben_ali,1,succession
Q16027809,Q18399544,youth_sports,1989-09-27,3703.0,ben_ali,1,succession
Q18399544,Q55392103,youth_sports,1991-02-20,3383.0,ben_ali,1,succession
Q55392103,TN-mohamed-saad,youth_sports,1991-02-20,3192.0,ben_ali,1,succession
TN-mohamed-saad,Q2821241,youth_sports,1993-06-15,2872.0,ben_ali,1,succession
Q2821241,Q16027809,youth_sports,1997-01-22,1317.0,ben_ali,1,succession
Q16027809,Q16180628,youth_sports,1999-11-17,709.0,ben_ali,1,succession
Q16180628,Q2821241,youth_sports,1999-11-17,4120.0,ben_ali,1,succession
Q2821241,Q16027809,youth_sports,1999-11-17,4120.0,ben_ali,1,succession
Q16027809,Q2821241,youth_sports,2001-01-23,4063.0,ben_ali,1,succession
Q2821241,Q16180628,youth_sports,2004-01-14,3630.0,ben_ali,1,succession
Q16180628,Q3470845,youth_sports,2008-08-29,2544.0,ben_ali,1,succession
Q3470845,Q2821055,youth_sports,2010-12-29,852.0,ben_ali,1,succession
Q2821055,Q958968,youth_sports,2011-01-01,19.0,ben_ali,1,succession
Q958968,Q3486677,youth_sports,2011-01-01,731.0,ben_ali,1,succession
Q3486677,Q3318356,youth_sports,2011-01-01,0.0,ben_ali,1,succession
Q3318356,Q1380979,youth_sports,2011-02-27,0.0,transition,1,succession
Q1380979,Q3318356,youth_sports,2011-02-27,300.0,transition,1,succession
Q3318356,Q3486677,youth_sports,2011-07-01,300.0,transition,1,succession
Q3486677,TN-unknown-84,youth_sports,2011-12-24,176.0,transition,1,succession
TN-unknown-84,Q958968,youth_sports,2011-12-24,445.0,transition,1,succession
Q958968,TN-unknown-111,youth_sports,2013-03-13,767.0,transition,1,succession
TN-unknown-111,Q16855104,youth_sports,2014-01-01,322.0,transition,1,succession
Q16855104,TN-chokri-terzi,youth_sports,2015-01-01,365.0,second_republic,1,succession
TN-chokri-terzi,Q19951841,youth_sports,2015-01-01,365.0,second_republic,1,succession
Q19951841,Q26505382,youth_sports,2015-02-06,365.0,second_republic,1,succession
Q26505382,Q19951841,youth_sports,2015-02-06,568.0,second_republic,1,succession
Q19951841,Q19544121,youth_sports,2016-01-01,568.0,second_republic,1,succession
Q19544121,Q92332624,youth_sports,2016-01-01,1461.0,second_republic,1,succession
Q92332624,TN-faten-kallel,youth_sports,2016-01-01,1461.0,second_republic,1,succession
TN-faten-kallel,TN-imed-jabri,youth_sports,2016-01-01,1461.0,second_republic,1,succession
TN-imed-jabri,Q49691191,youth_sports,2016-01-01,1461.0,second_republic,1,succession
Q49691191,Q42311056,youth_sports,2016-01-01,1461.0,second_republic,1,succession
Q42311056,TN-unknown-31,youth_sports,2016-08-27,1461.0,second_republic,1,succession
TN-unknown-31,Q42311056,youth_sports,2016-08-27,1279.0,second_republic,1,succession
Q42311056,Q19544121,youth_sports,2016-08-27,1279.0,second_republic,1,succession
Q19544121,TN-unknown-28,youth_sports,2016-08-27,809.0,second_republic,1,succession
TN-unknown-28,Q92332624,youth_sports,2016-08-27,1279.0,second_republic,1,succession
Q92332624,TN-unknown-31,youth_sports,2016-08-27,1279.0,second_republic,1,succession
TN-unknown-31,TN-unknown-29,youth_sports,2016-08-27,1279.0,second_republic,1,succession
TN-unknown-29,Q42311056,youth_sports,2018-11-14,1279.0,second_republic,1,succession
Q42311056,TN-zakaria-belkhodja,youth_sports,2020-01-01,470.0,second_republic,1,succession
TN-zakaria-belkhodja,Q89996191,youth_sports,2020-01-01,366.0,second_republic,1,succession
Q89996191,Q92332624,youth_sports,2020-01-01,0.0,second_republic,1,succession
Q92332624,Q98828560,youth_sports,2020-01-01,0.0,second_republic,1,succession
Q98828560,Q92332624,youth_sports,2020-02-27,366.0,second_republic,1,succession
Q92332624,Q89996191,youth_sports,2020-07-15,188.0,second_republic,1,succession
Q89996191,Q12217102,youth_sports,2020-09-02,49.0,second_republic,1,succession
Q12217102,Q98828560,youth_sports,2020-09-02,404.0,second_republic,1,succession
Q98828560,TN-sadok-mourali,youth_sports,2021-01-01,166.0,second_republic,1,succession
TN-sadok-mourali,Q98828560,youth_sports,2021-01-01,1314.0,second_republic,1,succession
Q98828560,Q12217102,youth_sports,2021-02-15,1314.0,second_republic,1,succession
Q12217102,Q98828560,youth_sports,2021-10-11,210.0,saied_exception,1,succession
Q98828560,TN-unknown-9,youth_sports,2024-08-07,1780.0,saied_exception,1,succession
TN-unknown-9,Q98828560,youth_sports,2024-08-07,749.0,saied_exception,1,succession
Q98828560,TN-unknown-9,youth_sports,2025-03-21,749.0,saied_exception,1,succession
